id_emprunt,id_document,id_adherent,code_site,date_emprunt,date_retour_prevue,date_retour_reelle
E102224,416,85,MED-LIL,2026-04-30,2026-05-21,2026-05-14
E104722,107,187,MED-SEC,2025-10-29,2025-11-19,2025-11-02
E100257,252,171,MED-ROU,2026-02-18,2026-03-11,2026-02-20
E100264,59,159,MED-ARM,2025-12-06,2025-12-27,2025-12-16
E100806,174,107,MED-VIL,2025-12-27,2026-01-10,2026-01-04
E103341,37,189,MED-ROU,2026-04-12,2026-05-03,2026-04-17
E100958,386,12,MED-ARM,2026-07-28,2026-08-04,2026-07-30
E100444,35,82,MED-LIL,2025-11-16,2025-11-23,2025-12-01
E104410,104,96,MED-ARM,2025-12-30,2026-01-20,2026-01-07
E102903,365,119,MED-ARM,2025-09-17,2025-10-01,2025-09-22
E103756,186,18,MED-ARM,2026-04-25,2026-05-16,2026-05-04
E101235,11,56,MED-LIL,2026-02-02,2026-02-16,2026-02-07
E100741,31,221,MED-ARM,2025-12-18,2026-01-01,2025-12-20
E101170,104,79,MED-ARM,2026-02-10,2026-02-24,2026-02-21
E100542,179,222,MED-TOU,2025-12-17,2026-01-07,2025-12-19
E104190,152,85,MED-LIL,2026-07-18,2026-08-08,2026-07-28
E100882,323,106,MED-TOU,2026-04-01,2026-04-15,2026-04-09
E100903,76,123,MED-ARM,2026-05-12,2026-05-26,2026-05-21
E103216,334,43,MED-ARM,2026-06-07,2026-07-05,2026-06-16
E100394,9,198,MED-SEC,2026-05-08,2026-06-05,2026-06-07
E101688,374,207,MED-TOU,2026-03-06,2026-03-27,2026-03-27
E103740,400,123,MED-ARM,2025-11-18,2025-12-02,2025-11-24
E100164,347,29,MED-ARM,2025-12-13,2025-12-27,2025-12-26
E103156,198,173,MED-ARM,2025-11-12,2025-12-03,2025-12-05
E100746,215,212,MED-LIL,2025-09-24,2025-10-08,2025-10-21
E103999,149,112,MED-LIL,2026-09-16,2026-09-30,2026-09-30
E101890,382,141,MED-ROU,2026-06-17,2026-07-08,2026-06-18
E103157,57,195,MED-ARM,2026-02-04,2026-03-04,2026-02-11
E102301,142,239,MED-TOU,2026-09-09,2026-09-30,2026-09-27
E105101,269,32,MED-SEC,2026-01-09,2026-01-23,2026-01-17
E101541,124,74,MED-ARM,2025-11-22,2025-12-13,2025-11-28
E100928,410,209,MED-LIL,2026-03-03,2026-03-24,2026-03-19
E103209,337,48,MED-VIL,2026-05-11,2026-05-25,2026-05-22
E104327,395,169,MED-ARM,2026-01-05,2026-01-19,2026-01-10
E103520,223,10,MED-LIL,2025-12-06,2025-12-13,2025-12-12
E103792,227,107,MED-VIL,2025-11-30,2025-12-21,2025-12-13
E103400,129,58,MED-TOU,2025-10-23,2025-10-30,2025-10-27
E100250,59,54,MED-TOU,2025-12-19,2025-12-26,2025-12-21
E100125,125,126,MED-VIL,2025-12-19,2026-01-02,2025-12-28
E104646,392,37,MED-ARM,2026-02-22,2026-03-08,2026-03-01
E104386,15,40,MED-LIL,2025-11-02,2025-11-16,2025-11-05
E103705,342,79,MED-ARM,2025-10-16,2025-11-13,2025-11-14
E102570,112,172,MED-VIL,2026-08-28,2026-09-11,2026-09-03
E104339,419,240,MED-ROU,2026-08-18,2026-09-15,2026-08-27
E103276,392,237,MED-SEC,2026-02-22,2026-03-08,2026-03-05
E103490,415,75,MED-TOU,2025-09-15,2025-10-06,2025-10-04
E101152,204,91,MED-ROU,2026-09-03,2026-10-01,2026-09-25
E101232,340,185,MED-LIL,2026-07-18,2026-08-01,
E101742,387,62,MED-ARM,2026-03-07,2026-03-21,2026-03-15
E102127,371,186,MED-SEC,2025-09-10,2025-09-24,2025-09-22
E103562,96,67,MED-VIL,2025-10-10,2025-10-17,
E102544,299,147,MED-LIL,2025-09-01,2025-09-22,2025-09-18
E105030,206,223,MED-ROU,2026-08-17,2026-09-14,2026-08-18
E101542,170,73,MED-ARM,2025-12-01,2025-12-22,2025-12-26
E105045,13,64,MED-ARM,2026-08-13,2026-08-20,2026-09-01
E100613,259,201,MED-ROU,2025-12-18,2026-01-08,2026-01-17
E102987,309,7,MED-ARM,2026-04-07,2026-05-05,2026-04-27
E103103,382,180,MED-ARM,2026-04-06,2026-04-20,2026-04-14
E100260,65,157,MED-VIL,2026-05-07,2026-05-14,2026-05-30
E101667,251,97,MED-VIL,2026-05-08,2026-05-22,2026-05-15
E104736,385,172,MED-VIL,2026-08-15,2026-09-12,2026-08-19
E103498,60,98,MED-LIL,2026-04-19,2026-05-03,2026-04-21
E101430,328,237,MED-SEC,2026-01-13,2026-01-20,2026-01-15
E103020,306,86,MED-LIL,2025-09-26,2025-10-03,2025-10-02
E104855,209,183,MED-ARM,2026-04-07,2026-04-21,2026-04-16
E104970,197,180,MED-ARM,2025-09-28,2025-10-12,2025-10-08
E101027,290,99,MED-ROU,2026-08-03,2026-08-17,2026-08-17
E101752,85,86,MED-LIL,2025-10-09,2025-10-23,2025-10-10
E103987,125,158,MED-TOU,2026-01-07,2026-01-21,2026-01-19
E102122,107,74,MED-ARM,2025-11-03,2025-11-17,2025-11-19
E104367,235,97,MED-VIL,2026-01-26,2026-02-16,2026-02-19
E103024,374,170,MED-TOU,2026-01-21,2026-02-18,2026-02-01
E100947,185,109,MED-TOU,2025-12-25,2026-01-08,2026-01-04
E103068,170,40,MED-LIL,2026-07-26,2026-08-16,2026-08-07
E103477,209,145,MED-SEC,2025-12-10,2025-12-24,2025-12-26
E100957,193,40,MED-LIL,2026-08-20,2026-09-17,2026-08-22
E102763,355,79,MED-ARM,2026-03-22,2026-04-05,2026-03-29
E100012,288,82,MED-LIL,2025-10-21,2025-11-04,2025-10-30
E102113,179,240,MED-ROU,2026-03-17,2026-04-14,2026-04-01
E103952,84,92,MED-ROU,2026-08-24,2026-09-07,2026-08-27
E100299,316,226,MED-ARM,2025-09-27,2025-10-25,2025-11-03
E101079,198,113,MED-VIL,2026-05-11,2026-06-08,2026-06-13
E100235,283,213,MED-TOU,2026-06-23,2026-07-07,2026-07-04
E104203,393,219,MED-TOU,2026-04-17,2026-05-01,2026-04-20
E102322,315,157,MED-VIL,2026-02-16,2026-03-02,2026-03-07
E102097,342,19,MED-LIL,2026-06-18,2026-07-02,2026-06-28
E100720,354,235,MED-SEC,2025-10-02,2025-10-16,2025-10-23
E102977,288,3,MED-ARM,2026-06-09,2026-06-16,2026-06-10
E100009,236,175,MED-TOU,2025-09-12,2025-09-26,2025-09-16
E102053,89,69,MED-ROU,2026-02-24,2026-03-24,2026-03-15
E102479,174,149,MED-LIL,2026-04-21,2026-04-28,2026-04-22
E100998,200,55,MED-SEC,2026-03-30,2026-04-13,2026-04-26
E101369,60,165,MED-ROU,2026-01-18,2026-02-01,
E100827,138,155,MED-ARM,2026-02-28,2026-03-14,2026-03-04
E102676,264,108,MED-SEC,2026-05-23,2026-06-06,
E102201,395,30,MED-ROU,2026-01-31,2026-02-14,2026-02-06
E100230,400,160,MED-TOU,2025-09-22,2025-10-06,2025-10-05
E101144,233,12,MED-ARM,2026-05-31,2026-06-28,2026-06-17
E100209,221,172,MED-VIL,2026-01-17,2026-01-31,2026-01-23
E104571,45,104,MED-LIL,2026-05-21,2026-06-18,2026-05-27
E104867,188,28,MED-SEC,2026-05-05,2026-05-26,2026-05-24
E100426,411,13,MED-LIL,2026-07-22,2026-08-05,2026-07-23
E104129,220,188,MED-ROU,2025-09-15,2025-09-22,2025-09-26
E100396,61,159,MED-ARM,2026-07-19,2026-07-26,2026-07-20
E103923,20,43,MED-ARM,2026-07-19,2026-08-16,2026-08-14
E103208,413,236,MED-ARM,2026-04-05,2026-04-19,2026-04-12
E100739,347,125,MED-ROU,2026-07-31,2026-08-14,2026-08-09
E104719,318,170,MED-TOU,2025-09-06,2025-09-20,2025-10-06
E100095,249,199,MED-LIL,2025-11-09,2025-11-23,2025-11-22
E100102,192,36,MED-TOU,2025-12-14,2025-12-28,2025-12-31
E101419,91,213,MED-TOU,2025-12-19,2026-01-02,2025-12-26
E100611,372,196,MED-TOU,2026-05-06,2026-05-13,2026-05-07
E102642,179,178,MED-ARM,2026-01-01,2026-01-08,2026-01-11
E103555,81,74,MED-ARM,2026-08-01,2026-08-15,2026-08-15
E103737,154,26,MED-SEC,2025-12-06,2025-12-20,2025-12-16
E100337,190,225,MED-TOU,2025-12-02,2025-12-09,2025-12-08
E104270,95,172,MED-VIL,2025-09-16,2025-09-30,2025-09-29
E102257,336,227,MED-TOU,2026-05-13,2026-05-20,2026-05-14
E103858,123,191,MED-SEC,2025-11-19,2025-12-10,2025-11-30
E100826,68,65,MED-ROU,2026-08-08,2026-09-05,2026-08-19
E103984,118,32,MED-SEC,2025-10-02,2025-10-16,2025-10-25
E101712,341,205,MED-LIL,2026-03-21,2026-04-04,2026-03-27
E100414,195,140,MED-ROU,2026-08-08,2026-08-22,2026-08-25
E101877,180,154,MED-ARM,2026-01-04,2026-01-11,2026-01-05
E101615,232,14,MED-SEC,2025-11-28,2025-12-12,2025-12-05
E102528,283,119,MED-ARM,2026-06-20,2026-07-04,2026-06-26
E100829,120,14,MED-SEC,2026-02-20,2026-03-13,2026-03-03
E101813,255,95,MED-SEC,2026-06-28,2026-07-26,2026-07-26
E101457,204,101,MED-VIL,2026-08-20,2026-09-10,
E103662,109,126,MED-VIL,2026-08-28,2026-09-04,2026-09-04
E102658,349,127,MED-LIL,2026-05-21,2026-06-04,2026-06-08
E102545,397,40,MED-LIL,2025-10-08,2025-10-15,2025-10-10
E100453,107,7,MED-ARM,2026-04-13,2026-04-27,2026-04-24
E100037,384,151,MED-VIL,2026-05-09,2026-06-06,2026-05-19
E101617,398,216,MED-VIL,2026-01-17,2026-01-31,2026-01-23
E102243,318,228,MED-ROU,2026-02-12,2026-02-26,2026-03-01
E101789,124,154,MED-ARM,2026-03-26,2026-04-16,2026-03-31
E103359,21,176,MED-TOU,2025-10-01,2025-10-08,2025-10-07
E102048,403,41,MED-ROU,2026-08-18,2026-09-08,2026-09-08
E103672,21,8,MED-ARM,2025-10-04,2025-10-25,2025-10-19
E100638,170,196,MED-TOU,2026-09-03,2026-09-24,2026-09-10
E102805,232,147,MED-LIL,2025-11-20,2025-12-11,2025-12-02
E104358,61,22,MED-TOU,2025-11-25,2025-12-02,2025-11-30
E100684,267,25,MED-TOU,2026-03-02,2026-03-30,2026-03-15
E100162,154,29,MED-ARM,2025-09-22,2025-10-06,2025-10-08
E104992,219,220,MED-TOU,2026-07-24,2026-07-31,2026-07-31
E103893,40,47,MED-VIL,2025-11-14,2025-11-21,2025-11-17
E102021,165,183,MED-ARM,2026-06-01,2026-06-15,2026-06-06
E103252,230,182,MED-TOU,2026-06-25,2026-07-09,2026-07-20
E100984,413,175,MED-TOU,2025-10-30,2025-11-06,2025-11-08
E100064,374,187,MED-SEC,2026-01-30,2026-02-13,2026-02-13
E104233,241,29,MED-ARM,2025-11-24,2025-12-08,2025-11-30
E101651,152,154,MED-ARM,2026-07-12,2026-07-19,2026-08-08
E101390,191,72,MED-VIL,2026-05-18,2026-05-25,2026-05-25
E102686,187,115,MED-VIL,2025-11-15,2025-12-06,2025-12-18
E100367,202,89,MED-LIL,2025-10-07,2025-10-28,2025-10-14
E101706,409,121,MED-ROU,2025-10-02,2025-10-16,2025-10-08
E100127,115,182,MED-TOU,2026-05-07,2026-05-21,2026-05-18
E103202,160,212,MED-LIL,2026-03-29,2026-04-12,2026-03-31
E103749,359,160,MED-TOU,2025-11-14,2025-12-12,2025-11-17
E104773,80,66,MED-SEC,2025-11-23,2025-12-07,2025-11-24
E102434,389,238,MED-TOU,2026-02-12,2026-03-05,2026-02-17
E102229,396,237,MED-SEC,2026-05-27,2026-06-10,2026-06-01
E102114,126,55,MED-SEC,2026-03-03,2026-03-17,2026-03-12
E100445,214,114,MED-VIL,2026-04-20,2026-05-18,2026-04-30
E104380,80,210,MED-TOU,2026-05-08,2026-05-15,2026-05-25
E101517,160,221,MED-ARM,2026-08-06,2026-08-13,2026-08-11
E105025,3,46,MED-SEC,2026-01-07,2026-01-21,
E104503,297,199,MED-LIL,2025-10-12,2025-11-09,2025-10-22
E103722,61,181,MED-ARM,2025-09-23,2025-10-14,2025-10-12
E101733,96,134,MED-ARM,2026-02-09,2026-02-16,2026-02-12
E101133,46,228,MED-ROU,2026-08-08,2026-08-29,2026-08-27
E103880,252,15,MED-ROU,2025-11-16,2025-11-30,2025-12-18
E101364,149,101,MED-VIL,2025-11-11,2025-12-02,2025-12-22
E102458,91,180,MED-ARM,2025-11-02,2025-11-16,2025-11-05
E104991,148,22,MED-TOU,2025-10-21,2025-11-04,2025-10-27
E103606,205,68,MED-ROU,2025-12-09,2025-12-23,2025-12-19
E101812,153,22,MED-TOU,2026-03-13,2026-04-03,2026-03-30
E102916,384,33,MED-VIL,2025-09-14,2025-09-28,2025-09-18
E104444,193,92,MED-ROU,2025-10-22,2025-11-05,2025-11-07
E101863,342,108,MED-SEC,2026-02-06,2026-02-20,
E104733,419,214,MED-SEC,2026-06-28,2026-07-12,2026-07-09
E104204,368,141,MED-ROU,2025-12-26,2026-01-09,2025-12-31
E103184,419,99,MED-ROU,2026-03-10,2026-03-24,2026-03-26
E104681,17,229,MED-ROU,2026-08-14,2026-08-21,2026-09-07
E104139,130,85,MED-LIL,2026-04-12,2026-05-10,2026-04-26
E100032,250,23,MED-TOU,2026-02-17,2026-03-10,2026-03-05
E100168,241,102,MED-LIL,2026-06-03,2026-06-17,2026-06-08
E102055,136,200,MED-VIL,2025-10-17,2025-10-31,2025-10-21
E101034,127,3,MED-ARM,2026-09-11,2026-10-02,2026-09-15
E105172,295,122,MED-LIL,2025-10-11,2025-11-08,2025-10-25
E102748,106,130,MED-SEC,2026-08-09,2026-09-06,2026-08-14
E102261,379,157,MED-VIL,2025-12-16,2026-01-13,2026-01-07
E103061,57,156,MED-SEC,2026-04-24,2026-05-22,2026-05-30
E100853,256,169,MED-ARM,2025-11-08,2025-11-22,2025-11-17
E104162,291,162,MED-ROU,2025-10-01,2025-10-22,2025-10-04
E103545,249,171,MED-ROU,2025-12-26,2026-01-09,2026-01-01
E101272,341,79,MED-ARM,2026-02-09,2026-02-23,2026-02-10
E103772,188,199,MED-LIL,2026-06-24,2026-07-08,2026-07-04
E102880,81,128,MED-SEC,2026-08-15,2026-08-29,2026-09-01
E102373,149,179,MED-SEC,2026-02-04,2026-02-18,2026-02-22
E101090,164,30,MED-ROU,2025-11-16,2025-12-07,2025-11-22
E101566,238,188,MED-ROU,2026-05-23,2026-06-06,2026-05-29
E102009,350,229,MED-ROU,2025-11-30,2025-12-14,2025-12-14
E101715,395,163,MED-ARM,2025-10-06,2025-10-20,2025-10-18
E104287,270,54,MED-TOU,2025-09-21,2025-10-12,2025-10-17
E104513,288,92,MED-ROU,2026-05-17,2026-05-31,2026-05-27
E102684,188,43,MED-ARM,2026-09-10,2026-10-01,2026-09-15
E100771,228,7,MED-ARM,2026-08-27,2026-09-10,2026-09-11
E100431,291,191,MED-SEC,2025-11-24,2025-12-08,2025-12-04
E104408,244,96,MED-ARM,2025-11-18,2025-12-02,2025-11-21
E100846,280,125,MED-ROU,2025-09-07,2025-09-21,2025-09-10
E102665,216,198,MED-SEC,2025-10-08,2025-10-15,2025-10-15
E104837,261,66,MED-SEC,2026-04-04,2026-04-25,
E101483,39,228,MED-ROU,2026-06-19,2026-06-26,2026-06-26
E101998,268,62,MED-ARM,2026-01-28,2026-02-11,2026-01-29
E103845,168,12,MED-ARM,2025-11-02,2025-11-16,2025-11-15
E101385,387,58,MED-TOU,2026-08-15,2026-08-22,2026-08-17
E100226,219,53,MED-ARM,2026-06-05,2026-06-12,2026-06-10
E103052,152,197,MED-LIL,2025-12-15,2026-01-12,2026-01-03
E104621,121,152,MED-LIL,2026-08-09,2026-08-23,2026-08-10
E102911,35,123,MED-ARM,2026-01-24,2026-02-14,2026-02-13
E104522,3,219,MED-TOU,2025-10-14,2025-10-28,2025-10-26
E101104,255,203,MED-TOU,2026-06-30,2026-07-07,2026-07-03
E104491,376,126,MED-VIL,2026-05-26,2026-06-23,2026-06-18
E100110,57,230,MED-LIL,2026-08-17,2026-09-07,2026-08-22
E104249,105,8,MED-ARM,2026-01-13,2026-01-27,2026-01-19
E103167,312,88,MED-ARM,2025-10-27,2025-11-24,2025-11-23
E101689,260,225,MED-TOU,2026-09-13,2026-09-27,2026-09-19
E100815,222,123,MED-ARM,2026-05-18,2026-06-01,2026-05-20
E104265,351,113,MED-VIL,2026-08-31,2026-09-21,2026-09-15
E104182,80,100,MED-TOU,2026-06-27,2026-07-25,2026-07-19
E104602,280,42,MED-ARM,2026-01-27,2026-02-03,2026-02-07
E103895,387,230,MED-LIL,2026-02-18,2026-03-18,2026-03-17
E101596,89,227,MED-TOU,2025-09-13,2025-09-27,2025-09-27
E102914,8,155,MED-ARM,2025-10-30,2025-11-20,2025-11-01
E103347,191,232,MED-TOU,2026-04-07,2026-04-21,2026-04-20
E103694,167,89,MED-LIL,2026-01-02,2026-01-09,2026-01-05
E102847,106,182,MED-TOU,2025-10-21,2025-11-04,2025-10-28
E101927,238,168,MED-TOU,2026-08-25,2026-09-01,2026-08-27
E103008,143,105,MED-ARM,2025-12-01,2025-12-15,2025-12-19
E104027,137,50,MED-ROU,2026-01-05,2026-01-12,2026-01-10
E102215,81,35,MED-TOU,2025-11-13,2025-12-04,2025-11-27
E104519,146,169,MED-ARM,2026-07-15,2026-07-29,2026-07-21
E102855,127,179,MED-SEC,2026-05-20,2026-05-27,2026-05-24
E101918,265,160,MED-TOU,2025-11-21,2025-12-12,2025-12-02
E103134,272,206,MED-ROU,2026-08-06,2026-09-03,2026-08-16
E104808,103,42,MED-ARM,2026-08-25,2026-09-15,2026-09-05
E104842,313,235,MED-SEC,2026-02-02,2026-02-23,2026-02-11
E104984,253,200,MED-VIL,2025-10-14,2025-10-28,2025-10-27
E103413,188,107,MED-VIL,2026-04-18,2026-05-16,2026-05-05
E104952,62,57,MED-LIL,2026-07-06,2026-07-27,2026-07-07
E100411,204,35,MED-TOU,2026-07-10,2026-07-31,2026-07-24
E102420,327,173,MED-ARM,2026-06-16,2026-07-07,2026-06-25
E103180,13,62,MED-ARM,2025-12-10,2025-12-24,2025-12-17
E100026,40,140,MED-ROU,2026-08-26,2026-09-02,2026-08-29
E102364,52,121,MED-ROU,2026-06-28,2026-07-19,2026-06-29
E100564,18,56,MED-LIL,2026-08-08,2026-08-15,2026-08-13
E101659,289,154,MED-ARM,2025-11-16,2025-11-23,2025-11-17
E101680,101,24,MED-VIL,2025-12-07,2025-12-21,2025-12-13
E103781,303,216,MED-VIL,2025-10-22,2025-11-05,2025-11-01
E101779,341,75,MED-TOU,2026-02-18,2026-03-18,2026-03-12
E102289,383,52,MED-ARM,2026-07-30,2026-08-06,2026-08-04
E101374,86,181,MED-ARM,2026-04-10,2026-05-01,2026-04-26
E104150,98,156,MED-SEC,2026-05-28,2026-06-04,2026-06-22
E101527,289,134,MED-ARM,2026-03-01,2026-03-08,2026-03-02
E103429,83,227,MED-TOU,2025-10-27,2025-11-10,2025-11-14
E100999,168,43,MED-ARM,2025-10-11,2025-10-18,2025-10-16
E101736,382,3,MED-ARM,2025-09-27,2025-10-11,2025-10-08
E100069,29,223,MED-ROU,2025-11-16,2025-12-07,
E102166,217,40,MED-LIL,2026-06-07,2026-06-21,2026-07-05
E102971,392,76,MED-LIL,2026-08-14,2026-09-11,2026-08-28
E100620,191,71,MED-SEC,2026-05-16,2026-06-06,2026-06-02
E102234,223,84,MED-ROU,2025-12-13,2025-12-20,2025-12-18
E102093,314,35,MED-TOU,2026-03-02,2026-03-16,2026-03-14
E103168,174,166,MED-LIL,2026-08-13,2026-08-20,2026-08-15
E102242,255,66,MED-SEC,2026-01-30,2026-02-20,2026-02-11
E105051,295,43,MED-ARM,2025-11-06,2025-12-04,2025-11-26
E101225,308,190,MED-TOU,2026-06-07,2026-06-28,2026-06-16
E101029,40,81,MED-TOU,2025-11-25,2025-12-23,2025-12-03
E104218,123,33,MED-VIL,2026-07-16,2026-07-30,2026-07-23
E102295,267,62,MED-ARM,2026-03-14,2026-03-28,2026-03-17
E101684,264,219,MED-TOU,2025-10-03,2025-10-31,2025-10-08
E101238,315,17,MED-ARM,2026-06-24,2026-07-01,2026-06-30
E102249,74,71,MED-SEC,2026-03-06,2026-04-03,2026-03-27
E105109,254,93,MED-ARM,2025-12-17,2026-01-14,2025-12-29
E101512,57,176,MED-TOU,2026-08-14,2026-08-28,2026-08-24
E100488,301,5,MED-LIL,2025-12-29,2026-01-19,2026-01-11
E103328,121,157,MED-VIL,2026-03-29,2026-04-19,2026-04-03
E104064,311,238,MED-TOU,2025-09-21,2025-10-12,2025-10-02
E105142,232,70,MED-TOU,2026-04-16,2026-04-30,2026-05-16
E103296,80,220,MED-TOU,2026-08-08,2026-08-29,2026-08-24
E101553,337,61,MED-ARM,2026-02-26,2026-03-12,2026-02-27
E101969,53,122,MED-LIL,2026-04-07,2026-04-21,2026-04-14
E104189,327,167,MED-SEC,2026-02-12,2026-02-19,2026-02-18
E101445,282,190,MED-TOU,2026-03-08,2026-03-22,2026-03-18
E100338,404,67,MED-VIL,2026-03-09,2026-03-23,2026-03-26
E100628,35,37,MED-ARM,2026-08-06,2026-08-27,2026-08-17
E104975,90,83,MED-SEC,2026-04-17,2026-05-01,2026-04-29
E102762,59,124,MED-ROU,2025-11-28,2025-12-12,2025-12-14
E104540,296,17,MED-ARM,2025-10-01,2025-10-29,2025-10-20
E103113,46,233,MED-VIL,2025-10-19,2025-11-09,2025-11-03
E100857,69,94,MED-VIL,2025-10-20,2025-10-27,2025-10-30
E101164,323,71,MED-SEC,2025-10-14,2025-11-11,2025-10-22
E100204,268,218,MED-VIL,2026-01-18,2026-02-01,2026-01-29
E100214,224,57,MED-LIL,2026-05-22,2026-06-12,2026-06-12
E103197,417,178,MED-ARM,2026-02-20,2026-02-27,2026-02-27
E103398,286,136,MED-ARM,2025-12-08,2025-12-15,2025-12-09
E100408,166,198,MED-SEC,2026-05-21,2026-06-11,2026-06-11
E104092,78,82,MED-LIL,2026-04-12,2026-04-26,2026-04-14
E103369,324,230,MED-LIL,2025-10-13,2025-11-03,2025-11-02
E101209,235,71,MED-SEC,2025-09-08,2025-10-06,2025-09-17
E100428,36,54,MED-TOU,2026-03-29,2026-04-12,2026-04-04
E101808,257,169,MED-ARM,2026-01-02,2026-01-16,
E104496,77,214,MED-SEC,2025-09-16,2025-10-07,2025-09-30
E102750,141,211,MED-VIL,2026-03-01,2026-03-15,2026-03-13
E100329,110,56,MED-LIL,2025-12-29,2026-01-19,2026-01-16
E104089,247,34,MED-SEC,2025-12-14,2025-12-28,2025-12-28
E103928,408,56,MED-LIL,2025-09-08,2025-09-22,2025-09-10
E100480,68,91,MED-ROU,2026-02-18,2026-03-04,2026-02-24
E100644,48,177,MED-ROU,2026-06-01,2026-06-22,2026-07-07
E100669,420,128,MED-SEC,2026-01-29,2026-02-26,2026-02-22
E102959,402,43,MED-ARM,2025-09-05,2025-09-19,2025-09-09
E103886,57,151,MED-VIL,2026-04-16,2026-04-30,2026-04-30
E103582,14,4,MED-ARM,2026-03-30,2026-04-13,2026-04-02
E104230,203,221,MED-ARM,2026-07-28,2026-08-11,2026-07-29
E101520,102,151,MED-VIL,2026-07-22,2026-08-12,2026-07-23
E102754,383,7,MED-ARM,2025-10-26,2025-11-09,2025-11-08
E104632,105,58,MED-TOU,2026-06-20,2026-07-04,2026-06-23
E102383,312,189,MED-ROU,2026-07-13,2026-08-10,
E103684,94,91,MED-ROU,2026-06-24,2026-07-15,2026-06-26
E102979,319,22,MED-TOU,2026-05-31,2026-06-14,
E104680,349,239,MED-TOU,2025-12-30,2026-01-27,2026-01-10
E103035,339,161,MED-LIL,2026-08-02,2026-08-16,2026-08-11
E102299,122,183,MED-ARM,2025-12-26,2026-01-02,2026-01-01
E102016,223,14,MED-SEC,2026-02-12,2026-02-26,2026-02-24
E102617,400,192,MED-ARM,2026-05-15,2026-05-29,2026-05-26
E103994,297,116,MED-VIL,2026-07-23,2026-08-06,2026-08-03
E101784,152,47,MED-VIL,2026-04-07,2026-04-28,2026-04-27
E104653,117,142,MED-TOU,2025-09-20,2025-10-04,2025-10-18
E103974,353,155,MED-ARM,2025-11-17,2025-12-15,2025-11-23
E105075,312,107,MED-VIL,2025-11-11,2025-11-18,2025-11-20
E102814,184,233,MED-VIL,2025-11-14,2025-12-12,2025-12-11
E100960,259,176,MED-TOU,2026-05-21,2026-06-04,2026-05-31
E101196,115,2,MED-ARM,2026-07-25,2026-08-08,2026-08-07
E102231,9,126,MED-VIL,2026-06-17,2026-07-01,2026-06-28
E100208,317,98,MED-LIL,2026-07-27,2026-08-17,2026-08-05
E101888,74,159,MED-ARM,2025-11-24,2025-12-08,2025-12-12
E103269,71,66,MED-SEC,2026-06-17,2026-07-08,2026-06-24
E101023,42,203,MED-TOU,2026-07-09,2026-07-23,2026-07-25
E101794,205,36,MED-TOU,2025-10-31,2025-11-28,2025-11-09
E104942,38,46,MED-SEC,2025-11-28,2025-12-12,2025-12-29
E100073,229,45,MED-LIL,2026-07-24,2026-08-07,2026-08-01
E103500,327,120,MED-LIL,2026-08-22,2026-09-05,2026-08-30
E100410,48,133,MED-TOU,2025-12-25,2026-01-08,2025-12-28
E103978,156,208,MED-VIL,2025-12-23,2026-01-06,2026-01-07
E102151,199,148,MED-VIL,2026-02-18,2026-03-04,2026-02-25
E103386,391,87,MED-ROU,2026-07-28,2026-08-04,2026-08-05
E100002,351,1,MED-LIL,2026-03-16,2026-03-30,2026-03-29
E104650,417,169,MED-ARM,2026-04-30,2026-05-28,2026-05-03
E102830,38,215,MED-TOU,2026-06-24,2026-07-22,2026-07-09
E101751,117,219,MED-TOU,2025-10-26,2025-11-02,2025-11-02
E102966,26,104,MED-LIL,2026-06-12,2026-06-26,2026-07-08
E101509,171,203,MED-TOU,2026-05-26,2026-06-16,2026-06-23
E100425,150,40,MED-LIL,2026-06-23,2026-07-14,2026-07-13
E103431,270,86,MED-LIL,2026-03-20,2026-04-10,2026-03-30
E101860,408,205,MED-LIL,2026-09-16,2026-09-23,2026-09-27
E102203,323,236,MED-ARM,2026-06-26,2026-07-03,2026-06-30
E103029,48,112,MED-LIL,2026-02-05,2026-02-19,
E101719,133,46,MED-SEC,2026-05-13,2026-05-20,2026-05-17
E101333,180,102,MED-LIL,2026-08-19,2026-08-26,2026-08-24
E100403,190,120,MED-LIL,2025-12-31,2026-01-21,2026-01-18
E101274,243,164,MED-SEC,2026-03-21,2026-04-11,2026-04-13
E103898,9,151,MED-VIL,2025-11-27,2025-12-25,2025-12-20
E104948,20,50,MED-ROU,2026-04-18,2026-05-02,2026-04-19
E102513,197,49,MED-LIL,2025-11-04,2025-11-18,2025-11-14
E103383,347,2,MED-ARM,2025-09-01,2025-09-15,2025-10-01
E102775,224,171,MED-ROU,2026-01-16,2026-01-30,2026-01-23
E104457,329,25,MED-TOU,2026-06-11,2026-06-25,2026-06-20
E104324,142,210,MED-TOU,2026-03-23,2026-04-20,2026-03-25
E103086,235,113,MED-VIL,2026-08-25,2026-09-08,2026-09-11
E101845,113,178,MED-ARM,2025-12-04,2025-12-18,2025-12-06
E100194,142,162,MED-ROU,2026-03-20,2026-04-03,2026-03-31
E103938,33,67,MED-VIL,2026-06-14,2026-06-28,2026-06-17
E102023,256,111,MED-ROU,2026-06-21,2026-06-28,2026-06-27
E101020,71,36,MED-TOU,2026-01-10,2026-01-17,2026-01-17
E103234,196,129,MED-TOU,2025-10-03,2025-10-10,2025-10-07
E101567,55,134,MED-ARM,2026-08-04,2026-08-11,2026-08-11
E102271,225,30,MED-ROU,2026-04-27,2026-05-18,2026-05-11
E102155,156,47,MED-VIL,2026-03-29,2026-04-19,2026-04-17
E102587,289,84,MED-ROU,2025-12-29,2026-01-12,2026-01-02
E104110,399,129,MED-TOU,2026-09-05,2026-09-26,2026-09-08
E103777,185,192,MED-ARM,2025-11-18,2025-12-02,2025-12-01
E103627,100,94,MED-VIL,2026-01-20,2026-02-03,2026-02-02
E103892,110,234,MED-LIL,2026-01-07,2026-01-21,2026-01-20
E101278,388,168,MED-TOU,2026-05-26,2026-06-09,2026-06-08
E105187,325,33,MED-VIL,2025-12-17,2025-12-24,2026-01-06
E102428,226,222,MED-TOU,2025-10-08,2025-11-05,2025-11-04
E101799,27,60,MED-LIL,2026-08-08,2026-08-22,2026-09-03
E103119,174,47,MED-VIL,2025-10-17,2025-11-14,2025-11-11
E104205,327,162,MED-ROU,2026-04-10,2026-04-24,2026-04-12
E104775,202,177,MED-ROU,2025-11-28,2025-12-05,2025-12-01
E100255,151,164,MED-SEC,2026-06-11,2026-06-25,2026-06-24
E101365,373,208,MED-VIL,2026-03-31,2026-04-07,2026-04-09
E102680,255,216,MED-VIL,2026-01-22,2026-02-05,2026-02-04
E104880,367,137,MED-ROU,2026-03-20,2026-04-03,2026-04-01
E103534,32,45,MED-LIL,2026-03-02,2026-03-16,2026-03-07
E105163,337,98,MED-LIL,2026-03-06,2026-03-27,2026-03-24
E101753,390,164,MED-SEC,2025-09-04,2025-10-02,2025-09-12
E101124,33,224,MED-TOU,2026-05-06,2026-05-20,2026-05-14
E100719,152,170,MED-TOU,2026-02-02,2026-02-09,2026-02-03
E101587,166,182,MED-TOU,2026-05-18,2026-06-01,2026-05-30
E102597,316,75,MED-TOU,2026-02-06,2026-02-13,2026-02-09
E104641,140,171,MED-ROU,2026-05-08,2026-05-29,2026-05-14
E101491,311,66,MED-SEC,2026-05-29,2026-06-12,2026-06-04
E105146,80,23,MED-TOU,2025-12-01,2025-12-15,2025-12-06
E103242,11,161,MED-LIL,2026-01-04,2026-01-18,2026-01-20
E102138,133,46,MED-SEC,2026-03-22,2026-04-05,2026-03-24
E104022,92,8,MED-ARM,2025-10-04,2025-10-18,2025-10-15
E101639,305,205,MED-LIL,2025-11-24,2025-12-22,2025-11-29
E101371,139,229,MED-ROU,2026-06-07,2026-06-21,2026-06-10
E105188,210,219,MED-TOU,2025-11-14,2025-12-12,2025-11-17
E100424,303,137,MED-ROU,2025-10-04,2025-11-01,2025-10-30
E103782,206,201,MED-ROU,2026-02-24,2026-03-10,2026-02-25
E100109,125,42,MED-ARM,2025-12-08,2025-12-22,2025-12-21
E101797,255,10,MED-LIL,2026-05-10,2026-06-07,2026-05-27
E104407,139,210,MED-TOU,2025-09-09,2025-09-23,2025-09-12
E100274,412,2,MED-ARM,2026-08-31,2026-09-28,2026-09-20
E100346,256,140,MED-ROU,2026-08-10,2026-09-07,2026-08-16
E105196,123,27,MED-SEC,2026-07-08,2026-07-15,2026-07-25
E103261,32,204,MED-ROU,2026-02-15,2026-03-01,2026-02-24
E103685,115,144,MED-TOU,2026-04-14,2026-04-28,2026-05-13
E105148,171,130,MED-SEC,2026-01-13,2026-01-27,2026-01-23
E103087,241,182,MED-TOU,2026-05-01,2026-05-29,2026-05-24
E101256,87,213,MED-TOU,2025-10-11,2025-11-01,2025-11-12
E105077,260,111,MED-ROU,2026-05-29,2026-06-12,2026-06-08
E101395,185,104,MED-LIL,2025-11-12,2025-12-03,2025-12-04
E102602,119,70,MED-TOU,2026-09-01,2026-09-15,2026-09-05
E105154,24,108,MED-SEC,2026-05-07,2026-05-14,2026-05-12
E102452,38,92,MED-ROU,2026-09-05,2026-09-19,2026-10-08
E103550,167,93,MED-ARM,2026-06-04,2026-06-18,2026-06-05
E100695,375,162,MED-ROU,2026-02-24,2026-03-24,2026-03-01
E100311,217,68,MED-ROU,2026-05-24,2026-06-07,2026-06-11
E103698,221,151,MED-VIL,2026-05-01,2026-05-15,2026-05-07
E101884,6,132,MED-VIL,2026-02-25,2026-03-25,2026-02-26
E103305,354,189,MED-ROU,2026-08-04,2026-08-25,2026-08-16
E102923,34,138,MED-LIL,2026-01-05,2026-01-12,2026-01-06
E101848,218,203,MED-TOU,2026-07-26,2026-08-09,2026-07-28
E104912,199,38,MED-VIL,2026-03-14,2026-04-11,2026-04-04
E103277,187,209,MED-LIL,2026-03-05,2026-03-12,2026-03-07
E103937,260,101,MED-VIL,2026-01-28,2026-02-18,2026-01-31
E102380,53,172,MED-VIL,2025-10-07,2025-10-21,2025-10-23
E104237,380,143,MED-TOU,2025-09-28,2025-10-19,2025-10-10
E104505,233,214,MED-SEC,2026-02-11,2026-02-25,2026-02-12
E100473,112,132,MED-VIL,2025-10-02,2025-10-23,2025-10-07
E102610,44,27,MED-SEC,2026-06-07,2026-06-21,2026-06-08
E103450,113,148,MED-VIL,2025-11-26,2025-12-10,2025-11-30
E104539,62,124,MED-ROU,2025-10-04,2025-10-18,2025-11-03
E100574,413,104,MED-LIL,2026-06-26,2026-07-24,2026-07-17
E103050,306,104,MED-LIL,2026-07-08,2026-07-22,2026-07-11
E104926,224,32,MED-SEC,2025-09-14,2025-09-28,2025-09-27
E101362,124,202,MED-LIL,2026-05-28,2026-06-11,2026-06-23
E103387,390,31,MED-LIL,2025-09-19,2025-10-03,2025-10-06
E104002,278,118,MED-LIL,2026-05-03,2026-05-17,2026-05-05
E105147,268,211,MED-VIL,2026-05-01,2026-05-15,2026-05-15
E102387,88,239,MED-TOU,2025-09-15,2025-09-29,2025-10-04
E100140,240,67,MED-VIL,2026-07-14,2026-08-11,2026-07-29
E100994,245,125,MED-ROU,2026-04-23,2026-05-07,2026-04-29
E101057,271,46,MED-SEC,2026-08-28,2026-09-25,2026-09-07
E100889,39,83,MED-SEC,2025-12-22,2025-12-29,2025-12-28
E101739,190,185,MED-LIL,2026-04-22,2026-05-06,2026-04-23
E104308,82,175,MED-TOU,2025-12-24,2026-01-21,2026-01-08
E101971,183,225,MED-TOU,2025-12-12,2025-12-26,2025-12-16
E103000,77,41,MED-ROU,2025-11-01,2025-11-22,2025-11-10
E100482,310,102,MED-LIL,2026-09-01,2026-09-08,2026-09-05
E100714,396,70,MED-TOU,2026-08-15,2026-08-29,2026-08-23
E104859,74,160,MED-TOU,2025-11-30,2025-12-14,2025-12-10
E105018,379,96,MED-ARM,2026-06-08,2026-06-22,2026-06-22
E102875,52,176,MED-TOU,2026-02-11,2026-02-18,2026-02-14
E100077,365,163,MED-ARM,2026-08-30,2026-09-13,2026-09-06
E105162,293,101,MED-VIL,2026-05-16,2026-05-30,2026-05-19
E104728,140,186,MED-SEC,2026-05-30,2026-06-20,
E102448,311,29,MED-ARM,2025-10-29,2025-11-12,2025-10-31
E103571,110,191,MED-SEC,2026-09-05,2026-09-19,2026-09-11
E101519,164,81,MED-TOU,2026-09-16,2026-09-30,2026-10-04
E101539,75,199,MED-LIL,2025-12-31,2026-01-21,2026-01-18
E100322,144,127,MED-LIL,2026-07-22,2026-08-05,2026-08-04
E100173,413,208,MED-VIL,2026-09-06,2026-09-20,2026-09-15
E104927,265,97,MED-VIL,2025-11-11,2025-11-18,2025-11-13
E104149,342,175,MED-TOU,2025-09-20,2025-10-11,2025-10-13
E103811,34,71,MED-SEC,2026-05-20,2026-06-10,2026-06-15
E103138,173,51,MED-ROU,2026-04-19,2026-05-03,2026-05-01
E100495,154,21,MED-TOU,2026-08-21,2026-09-18,2026-08-23
E105033,129,119,MED-ARM,2025-09-11,2025-10-02,2025-09-29
E100933,367,147,MED-LIL,2025-09-13,2025-09-27,2025-09-18
E103906,317,175,MED-TOU,2025-11-12,2025-11-26,2025-11-26
E100169,260,9,MED-ARM,2025-12-28,2026-01-04,2026-01-08
E103642,177,234,MED-LIL,2026-06-23,2026-07-14,2026-07-04
E103395,379,124,MED-ROU,2026-03-18,2026-04-01,2026-04-01
E101746,154,58,MED-TOU,2025-12-17,2025-12-31,2025-12-29
E100285,7,90,MED-TOU,2026-02-10,2026-02-24,2026-02-20
E104699,207,48,MED-VIL,2025-11-21,2025-12-05,2025-11-28
E103173,280,25,MED-TOU,2026-08-25,2026-09-08,2026-09-10
E103718,27,55,MED-SEC,2026-08-23,2026-09-06,2026-09-04
E100713,18,212,MED-LIL,2025-10-21,2025-10-28,2025-10-28
E103901,211,55,MED-SEC,2026-04-10,2026-04-24,2026-04-21
E103725,201,232,MED-TOU,2025-10-14,2025-10-28,2025-10-30
E103120,359,129,MED-TOU,2025-10-25,2025-11-08,2025-11-13
E104044,246,60,MED-LIL,2026-02-13,2026-02-27,2026-02-24
E102679,9,128,MED-SEC,2025-11-13,2025-11-20,2025-11-15
E102543,176,218,MED-VIL,2026-07-17,2026-08-14,2026-08-09
E102799,354,178,MED-ARM,2026-07-06,2026-07-20,2026-07-20
E100313,53,135,MED-ARM,2026-08-17,2026-08-31,2026-08-22
E101312,102,77,MED-SEC,2026-04-05,2026-04-12,2026-04-06
E104213,245,140,MED-ROU,2026-08-02,2026-08-09,2026-08-07
E100563,14,122,MED-LIL,2026-08-04,2026-09-01,2026-08-29
E104400,202,169,MED-ARM,2026-04-13,2026-04-27,2026-04-26
E102685,175,71,MED-SEC,2026-07-15,2026-08-12,2026-08-23
E102725,151,182,MED-TOU,2025-12-17,2026-01-07,
E101931,213,127,MED-LIL,2026-05-16,2026-05-30,
E101428,59,178,MED-ARM,2025-11-28,2025-12-05,2025-12-01
E101269,339,190,MED-TOU,2026-05-27,2026-06-03,2026-05-28
E105149,192,232,MED-TOU,2025-10-19,2025-10-26,2025-11-08
E103499,165,225,MED-TOU,2025-12-03,2025-12-17,2025-12-15
E103343,288,126,MED-VIL,2026-01-23,2026-02-06,2026-01-24
E104253,283,34,MED-SEC,2026-05-05,2026-06-02,2026-05-08
E102474,192,69,MED-ROU,2026-07-24,2026-08-07,2026-07-29
E101095,117,38,MED-VIL,2025-11-02,2025-11-23,2025-12-12
E104915,337,69,MED-ROU,2026-02-17,2026-03-03,
E104638,251,207,MED-TOU,2025-11-02,2025-11-23,2025-11-22
E104528,315,27,MED-SEC,2025-09-09,2025-09-16,2025-09-10
E100688,32,188,MED-ROU,2026-04-13,2026-04-27,
E101749,298,206,MED-ROU,2026-06-27,2026-07-04,2026-07-02
E100918,75,31,MED-LIL,2026-07-03,2026-07-17,2026-07-07
E103309,312,119,MED-ARM,2026-03-09,2026-03-16,2026-03-10
E102346,256,194,MED-ROU,2026-09-01,2026-09-22,2026-09-20
E100734,268,214,MED-SEC,2026-07-16,2026-08-13,2026-08-12
E102766,403,211,MED-VIL,2025-11-26,2025-12-24,2025-11-30
E104675,14,205,MED-LIL,2026-04-07,2026-04-21,2026-04-10
E102139,362,233,MED-VIL,2025-12-24,2026-01-07,2026-01-06
E101347,109,50,MED-ROU,2026-03-11,2026-03-25,2026-03-30
E102279,292,49,MED-LIL,2026-05-30,2026-06-13,2026-06-02
E100357,161,166,MED-LIL,2026-05-25,2026-06-22,2026-06-13
E103538,376,169,MED-ARM,2026-09-09,2026-09-23,
E103941,356,207,MED-TOU,2025-12-11,2025-12-18,2025-12-12
E102144,113,42,MED-ARM,2026-07-22,2026-07-29,2026-08-13
E102238,373,148,MED-VIL,2026-05-23,2026-06-06,2026-06-17
E101626,279,117,MED-TOU,2026-07-22,2026-08-05,2026-08-04
E101423,393,76,MED-LIL,2025-12-08,2025-12-22,2025-12-18
E100328,152,11,MED-TOU,2025-09-05,2025-09-26,2025-09-25
E100897,238,75,MED-TOU,2026-05-03,2026-05-31,2026-05-23
E100883,219,222,MED-TOU,2025-10-10,2025-11-07,2025-11-05
E104153,84,94,MED-VIL,2026-01-24,2026-02-07,2026-01-31
E104388,403,121,MED-ROU,2025-12-16,2025-12-30,2025-12-20
E100049,95,96,MED-ARM,2026-02-23,2026-03-02,2026-03-12
E100240,385,240,MED-ROU,2026-03-31,2026-04-14,2026-04-07
E101796,350,141,MED-ROU,2026-04-05,2026-04-12,2026-04-12
E103641,312,127,MED-LIL,2026-04-13,2026-04-27,2026-04-21
E101677,43,230,MED-LIL,2025-09-01,2025-09-15,
E101826,281,173,MED-ARM,2025-10-05,2025-10-19,2025-11-08
E104784,17,209,MED-LIL,2026-03-07,2026-03-21,2026-03-25
E103602,133,233,MED-VIL,2025-12-07,2026-01-04,2025-12-09
E102184,135,212,MED-LIL,2026-02-15,2026-03-15,2026-03-14
E103830,321,143,MED-TOU,2025-11-29,2025-12-06,2025-12-06
E104955,42,76,MED-LIL,2025-09-24,2025-10-08,2025-09-26
E103258,58,166,MED-LIL,2026-03-04,2026-04-01,2026-03-11
E101844,358,74,MED-ARM,2025-11-30,2025-12-14,2025-12-04
E105151,162,162,MED-ROU,2026-02-20,2026-03-06,2026-03-11
E101772,300,155,MED-ARM,2025-12-28,2026-01-11,2026-01-04
E100185,147,6,MED-SEC,2025-10-06,2025-11-03,2025-10-16
E101735,129,32,MED-SEC,2026-01-04,2026-01-18,2026-01-15
E101647,381,74,MED-ARM,2026-01-06,2026-02-03,2026-01-16
E102671,22,1,MED-LIL,2026-04-09,2026-05-07,2026-04-16
E100597,349,115,MED-VIL,2025-09-20,2025-10-11,2025-10-15
E100556,26,54,MED-TOU,2026-05-29,2026-06-26,2026-07-01
E103289,54,126,MED-VIL,2026-02-27,2026-03-20,2026-03-08
E105080,296,71,MED-SEC,2026-06-05,2026-07-03,2026-06-29
E103497,219,39,MED-ARM,2025-10-18,2025-10-25,2025-11-01
E103302,249,191,MED-SEC,2026-02-18,2026-03-18,2026-03-12
E103333,252,62,MED-ARM,2026-06-02,2026-06-23,2026-06-10
E100066,337,69,MED-ROU,2026-04-04,2026-05-02,2026-05-02
E100284,224,41,MED-ROU,2026-08-17,2026-08-31,2026-08-25
E100955,390,126,MED-VIL,2025-10-26,2025-11-09,2025-11-04
E100580,305,213,MED-TOU,2026-05-03,2026-05-10,2026-05-05
E100239,399,8,MED-ARM,2026-01-23,2026-02-06,2026-01-27
E101105,148,188,MED-ROU,2026-02-24,2026-03-10,2026-03-04
E102928,206,67,MED-VIL,2025-10-24,2025-11-07,2025-11-06
E103596,74,208,MED-VIL,2026-06-06,2026-06-20,2026-06-19
E104232,231,12,MED-ARM,2026-01-13,2026-01-27,2026-01-18
E102463,291,178,MED-ARM,2026-02-17,2026-03-17,2026-03-07
E103849,78,137,MED-ROU,2026-01-18,2026-02-01,2026-02-15
E101766,419,117,MED-TOU,2026-04-19,2026-05-17,2026-05-22
E101429,1,12,MED-ARM,2026-03-19,2026-03-26,2026-03-31
E100952,373,17,MED-ARM,2025-09-30,2025-10-07,2025-10-06
E101026,26,147,MED-LIL,2026-07-20,2026-08-03,2026-08-01
E101284,393,82,MED-LIL,2026-03-03,2026-03-17,2026-03-20
E104344,41,135,MED-ARM,2026-07-30,2026-08-06,2026-08-11
E101981,256,100,MED-TOU,2026-04-06,2026-04-20,2026-04-08
E104145,160,119,MED-ARM,2026-06-13,2026-07-04,2026-07-03
E101037,23,19,MED-LIL,2025-09-29,2025-10-27,2025-10-03
E104048,402,166,MED-LIL,2026-06-20,2026-07-11,2026-07-17
E100530,78,235,MED-SEC,2025-11-11,2025-11-25,2025-11-21
E100587,309,141,MED-ROU,2025-11-19,2025-12-10,2025-11-22
E104057,131,98,MED-LIL,2025-10-14,2025-10-28,2025-10-17
E104453,121,170,MED-TOU,2025-12-31,2026-01-28,2026-01-05
E101174,303,138,MED-LIL,2026-02-14,2026-03-14,2026-03-01
E101729,153,236,MED-ARM,2026-04-12,2026-04-26,2026-04-28
E104575,314,160,MED-TOU,2026-08-19,2026-09-02,2026-08-23
E100795,392,199,MED-LIL,2025-12-31,2026-01-21,2026-01-01
E104463,225,219,MED-TOU,2026-01-12,2026-01-26,
E104702,353,90,MED-TOU,2026-08-12,2026-08-26,2026-08-13
E103794,32,132,MED-VIL,2026-03-30,2026-04-20,2026-04-18
E104299,263,123,MED-ARM,2025-10-24,2025-11-14,2025-11-12
E102027,293,99,MED-ROU,2026-07-03,2026-07-31,2026-07-10
E104817,249,191,MED-SEC,2026-01-03,2026-01-31,2026-01-13
E101608,323,236,MED-ARM,2025-09-23,2025-10-07,2025-10-07
E101500,255,107,MED-VIL,2026-02-25,2026-03-11,2026-02-27
E104012,110,208,MED-VIL,2025-10-13,2025-10-27,2025-10-17
E100926,375,168,MED-TOU,2026-07-11,2026-07-25,2026-07-13
E104631,349,104,MED-LIL,2026-06-13,2026-06-27,2026-06-14
E104778,70,9,MED-ARM,2026-05-09,2026-05-23,2026-05-16
E102691,318,153,MED-TOU,2026-01-10,2026-01-24,2026-01-22
E101530,353,104,MED-LIL,2026-05-12,2026-05-19,2026-05-15
E103031,376,108,MED-SEC,2025-11-06,2025-11-20,2025-11-15
E104392,158,203,MED-TOU,2026-04-11,2026-04-25,2026-04-16
E101028,215,137,MED-ROU,2026-08-03,2026-08-24,2026-08-12
E103224,315,180,MED-ARM,2026-07-03,2026-07-10,2026-07-12
E101926,286,40,MED-LIL,2025-09-21,2025-10-19,2025-10-04
E100675,234,63,MED-LIL,2026-05-12,2026-06-02,2026-05-25
E104572,76,108,MED-SEC,2025-11-25,2025-12-09,2025-11-28
E103703,347,84,MED-ROU,2025-12-22,2026-01-19,2026-01-16
E101815,295,181,MED-ARM,2026-06-11,2026-07-09,2026-07-08
E101550,318,134,MED-ARM,2026-09-07,2026-09-21,2026-10-04
E102318,89,106,MED-TOU,2026-07-26,2026-08-16,2026-08-02
E103125,267,16,MED-LIL,2026-07-13,2026-07-27,2026-07-17
E101943,400,106,MED-TOU,2026-08-18,2026-09-01,2026-08-23
E100919,311,62,MED-ARM,2026-09-07,2026-09-21,2026-10-04
E100834,297,192,MED-ARM,2026-08-27,2026-09-03,
E100647,263,164,MED-SEC,2025-11-06,2025-11-20,2025-11-20
E104179,215,9,MED-ARM,2026-06-24,2026-07-01,2026-06-27
E102834,369,46,MED-SEC,2025-09-18,2025-10-09,2025-10-08
E100595,153,8,MED-ARM,2026-04-01,2026-04-22,2026-04-07
E104352,218,19,MED-LIL,2025-09-23,2025-10-07,2025-10-08
E100716,129,139,MED-ROU,2026-04-22,2026-05-13,2026-05-01
E102018,389,181,MED-ARM,2025-12-28,2026-01-11,2026-01-03
E102405,26,104,MED-LIL,2026-06-28,2026-07-12,2026-07-09
E103077,226,134,MED-ARM,2025-09-12,2025-09-26,2025-10-09
E103027,21,190,MED-TOU,2026-01-25,2026-02-08,2026-02-01
E102324,83,231,MED-SEC,2026-02-18,2026-03-18,2026-03-16
E102137,277,239,MED-TOU,2026-08-31,2026-09-21,2026-09-04
E102990,150,153,MED-TOU,2026-08-25,2026-09-08,2026-08-31
E102882,401,3,MED-ARM,2026-03-31,2026-04-14,2026-04-29
E101083,205,122,MED-LIL,2026-05-18,2026-06-01,2026-06-04
E103676,382,76,MED-LIL,2026-03-25,2026-04-15,2026-03-28
E101630,102,118,MED-LIL,2026-02-12,2026-02-26,2026-02-27
E100799,391,225,MED-TOU,2026-08-30,2026-09-13,2026-09-07
E100170,27,232,MED-TOU,2026-08-26,2026-09-23,2026-09-01
E100243,154,131,MED-LIL,2026-01-14,2026-02-11,2026-01-15
E101229,311,203,MED-TOU,2026-05-17,2026-05-31,2026-05-25
E102054,367,205,MED-LIL,2026-01-16,2026-01-30,2026-02-15
E103806,404,192,MED-ARM,2025-09-05,2025-09-12,
E100242,4,88,MED-ARM,2025-12-05,2025-12-26,2025-12-11
E100291,277,26,MED-SEC,2026-08-20,2026-09-17,2026-09-06
E103096,60,101,MED-VIL,2025-10-29,2025-11-12,2025-10-30
E100211,331,42,MED-ARM,2026-03-01,2026-03-08,2026-03-05
E102887,407,126,MED-VIL,2026-04-16,2026-05-14,2026-04-20
E100163,128,118,MED-LIL,2026-02-10,2026-02-24,2026-02-12
E101695,11,206,MED-ROU,2026-08-21,2026-09-18,2026-08-23
E104382,5,78,MED-TOU,2026-08-06,2026-08-13,2026-08-10
E100198,17,144,MED-TOU,2026-07-09,2026-07-23,2026-07-23
E103177,276,68,MED-ROU,2025-11-17,2025-12-01,2025-12-15
E103524,187,33,MED-VIL,2025-09-26,2025-10-10,2025-10-06
E100662,403,209,MED-LIL,2026-08-07,2026-08-21,2026-08-17
E103996,273,156,MED-SEC,2026-07-19,2026-08-02,2026-07-26
E104929,58,69,MED-ROU,2026-05-08,2026-05-15,2026-05-20
E101830,5,168,MED-TOU,2025-09-07,2025-09-14,2025-09-09
E101158,252,240,MED-ROU,2025-10-26,2025-11-23,
E102817,241,87,MED-ROU,2026-01-24,2026-02-07,2026-02-01
E101831,40,143,MED-TOU,2026-08-26,2026-09-09,2026-09-12
E100304,160,73,MED-ARM,2025-12-16,2025-12-30,2025-12-19
E103998,167,73,MED-ARM,2025-12-08,2025-12-15,2025-12-24
E103446,86,46,MED-SEC,2026-04-26,2026-05-24,2026-05-09
E104202,47,185,MED-LIL,2026-09-12,2026-09-26,2026-09-24
E104244,42,139,MED-ROU,2026-07-22,2026-08-12,2026-09-01
E100148,257,161,MED-LIL,2025-09-09,2025-10-07,2025-10-06
E104372,382,167,MED-SEC,2026-06-02,2026-06-16,2026-06-12
E103144,254,240,MED-ROU,2025-11-10,2025-11-24,2025-11-16
E101790,125,152,MED-LIL,2026-06-19,2026-07-10,
E103659,165,204,MED-ROU,2026-04-14,2026-05-12,2026-05-08
E104124,298,232,MED-TOU,2026-04-20,2026-05-04,2026-05-04
E100045,83,111,MED-ROU,2025-12-18,2026-01-08,2026-01-03
E101960,303,114,MED-VIL,2026-03-26,2026-04-16,2026-04-16
E101044,295,169,MED-ARM,2026-06-04,2026-06-18,2026-06-18
E102108,147,215,MED-TOU,2025-12-13,2025-12-20,2025-12-19
E104900,241,236,MED-ARM,2025-11-07,2025-11-28,2025-11-20
E101599,391,233,MED-VIL,2026-01-26,2026-02-09,2026-02-03
E101886,80,39,MED-ARM,2026-04-06,2026-04-13,2026-04-20
E102782,107,240,MED-ROU,2026-08-26,2026-09-16,2026-09-23
E102820,414,216,MED-VIL,2026-02-15,2026-03-01,2026-02-18
E104207,227,98,MED-LIL,2026-08-22,2026-09-05,2026-08-25
E105071,79,80,MED-ROU,2025-09-18,2025-10-02,2025-09-23
E100549,96,212,MED-LIL,2025-09-15,2025-09-29,2025-09-23
E102912,412,234,MED-LIL,2025-09-16,2025-09-30,2025-10-04
E101798,45,108,MED-SEC,2026-04-07,2026-04-21,
E104737,256,38,MED-VIL,2026-01-21,2026-02-04,2026-01-30
E104008,335,234,MED-LIL,2026-07-13,2026-07-27,2026-08-02
E103062,30,129,MED-TOU,2025-10-17,2025-10-31,
E100692,25,142,MED-TOU,2026-03-19,2026-04-02,2026-04-02
E102469,248,21,MED-TOU,2025-09-08,2025-09-22,
E104974,80,45,MED-LIL,2026-03-09,2026-03-23,2026-03-19
E103544,149,202,MED-LIL,2026-05-30,2026-06-27,2026-06-24
E100325,370,142,MED-TOU,2026-05-28,2026-06-11,2026-06-01
E100993,213,163,MED-ARM,2025-12-14,2025-12-28,2025-12-26
E102336,24,236,MED-ARM,2025-11-17,2025-12-01,2025-11-24
E102413,205,121,MED-ROU,2025-09-07,2025-09-21,2025-10-02
E105066,134,163,MED-ARM,2026-07-04,2026-07-18,2026-07-15
E103805,36,193,MED-ROU,2026-08-10,2026-08-31,2026-08-29
E103653,192,101,MED-VIL,2026-02-12,2026-02-26,2026-02-13
E103037,98,115,MED-VIL,2025-09-17,2025-10-08,
E104294,154,113,MED-VIL,2026-01-27,2026-02-10,2026-02-07
E103411,18,23,MED-TOU,2025-12-11,2026-01-08,2025-12-22
E100022,94,7,MED-ARM,2025-12-07,2025-12-28,2025-12-17
E100822,345,231,MED-SEC,2026-02-25,2026-03-11,2026-03-10
E100589,39,120,MED-LIL,2026-02-25,2026-03-18,2026-03-31
E104824,398,66,MED-SEC,2026-06-13,2026-06-20,2026-06-17
E103091,193,195,MED-ARM,2025-12-30,2026-01-13,2026-01-12
E102869,291,180,MED-ARM,2026-06-26,2026-07-10,2026-07-01
E104693,407,164,MED-SEC,2025-11-30,2025-12-14,2025-12-01
E100931,408,48,MED-VIL,2026-03-16,2026-04-13,2026-03-31
E100142,154,84,MED-ROU,2025-11-17,2025-12-01,2025-11-23
E101376,86,204,MED-ROU,2025-12-23,2026-01-06,2026-01-01
E105195,347,236,MED-ARM,2025-11-25,2025-12-09,2025-11-29
E103145,363,238,MED-TOU,2026-03-14,2026-03-28,2026-03-23
E101049,367,79,MED-ARM,2025-10-23,2025-11-06,2025-10-25
E103900,144,91,MED-ROU,2026-03-22,2026-03-29,2026-03-25
E102296,24,34,MED-SEC,2026-06-20,2026-07-04,2026-07-23
E101664,365,214,MED-SEC,2026-06-24,2026-07-22,2026-07-09
E105082,42,213,MED-TOU,2025-12-21,2026-01-11,2026-01-03
E100286,316,138,MED-LIL,2026-07-26,2026-08-02,2026-07-29
E104476,112,9,MED-ARM,2026-09-11,2026-09-25,2026-10-08
E102314,279,216,MED-VIL,2026-03-14,2026-03-28,2026-03-25
E102281,28,141,MED-ROU,2026-08-04,2026-08-11,2026-08-08
E105191,296,127,MED-LIL,2025-10-08,2025-10-22,2025-10-14
E104459,97,97,MED-VIL,2026-03-26,2026-04-09,2026-04-06
E104421,356,158,MED-TOU,2026-01-10,2026-01-31,2026-01-22
E103815,288,68,MED-ROU,2025-09-01,2025-09-22,2025-09-14
E101140,25,153,MED-TOU,2026-02-09,2026-02-16,2026-02-15
E105166,368,139,MED-ROU,2025-12-21,2026-01-04,2026-01-16
E100484,368,145,MED-SEC,2025-11-21,2025-12-12,2025-12-02
E104196,33,208,MED-VIL,2025-09-13,2025-09-27,2025-09-23
E102582,14,205,MED-LIL,2025-10-25,2025-11-08,2025-11-02
E100003,245,25,MED-TOU,2026-03-29,2026-04-05,2026-04-10
E103153,72,17,MED-ARM,2026-02-26,2026-03-19,2026-03-07
E105125,234,184,MED-TOU,2026-07-23,2026-08-06,2026-08-06
E102167,104,118,MED-LIL,2026-05-10,2026-05-24,2026-05-13
E104990,120,113,MED-VIL,2026-03-20,2026-04-10,2026-04-06
E102038,152,133,MED-TOU,2026-01-29,2026-02-26,2026-02-18
E100108,120,162,MED-ROU,2026-06-03,2026-06-17,2026-06-13
E100417,201,84,MED-ROU,2026-01-24,2026-02-07,2026-02-02
E103376,94,210,MED-TOU,2025-09-21,2025-09-28,2025-09-28
E104468,391,25,MED-TOU,2026-05-19,2026-06-02,
E100200,258,61,MED-ARM,2025-11-22,2025-12-06,2025-12-10
E103235,311,135,MED-ARM,2026-05-13,2026-05-27,2026-05-28
E102498,305,129,MED-TOU,2026-03-12,2026-03-26,2026-03-22
E100585,74,76,MED-LIL,2025-10-11,2025-10-18,2025-10-12
E101434,216,165,MED-ROU,2026-03-23,2026-03-30,2026-03-29
E101329,268,27,MED-SEC,2026-06-28,2026-07-05,2026-07-24
E104345,385,95,MED-SEC,2026-07-02,2026-07-16,2026-07-12
E102965,4,139,MED-ROU,2026-04-03,2026-04-24,2026-04-15
E103502,13,180,MED-ARM,2026-08-06,2026-08-27,2026-08-09
E104286,36,118,MED-LIL,2025-12-18,2026-01-01,2025-12-31
E101757,93,161,MED-LIL,2026-06-17,2026-07-15,2026-07-14
E103553,369,77,MED-SEC,2025-09-04,2025-09-11,2025-09-13
E101834,121,56,MED-LIL,2026-04-29,2026-05-06,2026-05-03
E102930,218,117,MED-TOU,2025-09-14,2025-09-28,2025-09-25
E102711,29,238,MED-TOU,2026-05-16,2026-05-30,2026-05-28
E103660,147,102,MED-LIL,2025-11-19,2025-12-03,2025-11-29
E101384,51,105,MED-ARM,2026-09-01,2026-09-29,
E104596,54,145,MED-SEC,2025-10-11,2025-10-25,2025-10-16
E103189,145,235,MED-SEC,2026-09-01,2026-09-08,2026-09-03
E102734,281,203,MED-TOU,2026-02-06,2026-02-27,2026-02-16
E103335,234,2,MED-ARM,2026-01-01,2026-01-29,2026-01-19
E102505,237,215,MED-TOU,2026-06-28,2026-07-26,2026-07-22
E102825,28,29,MED-ARM,2025-10-08,2025-10-22,2025-10-17
E103486,108,88,MED-ARM,2025-11-29,2025-12-06,2025-11-30
E100529,289,1,MED-LIL,2026-06-30,2026-07-07,2026-07-06
E102716,294,111,MED-ROU,2025-11-23,2025-12-07,2025-12-24
E101427,297,192,MED-ARM,2026-06-27,2026-07-11,2026-07-13
E100306,292,239,MED-TOU,2025-09-23,2025-10-07,2025-10-02
E101195,118,24,MED-VIL,2025-10-26,2025-11-09,2025-11-12
E101824,9,109,MED-TOU,2025-12-10,2025-12-17,2025-12-19
E103956,408,58,MED-TOU,2026-08-30,2026-09-13,2026-09-21
E102204,150,238,MED-TOU,2026-05-19,2026-05-26,2026-05-21
E101522,242,213,MED-TOU,2025-12-06,2025-12-27,2025-12-24
E103233,357,13,MED-LIL,2026-04-08,2026-04-22,2026-04-16
E102223,11,202,MED-LIL,2025-10-18,2025-11-15,2025-10-31
E103843,265,108,MED-SEC,2026-06-27,2026-07-11,2026-07-02
E104450,83,99,MED-ROU,2025-11-07,2025-11-28,2025-11-22
E101379,341,81,MED-TOU,2026-07-25,2026-08-08,2026-08-01
E100505,406,42,MED-ARM,2026-05-14,2026-05-28,2026-05-25
E103254,354,138,MED-LIL,2025-09-18,2025-10-02,2025-10-01
E104969,273,215,MED-TOU,2026-09-12,2026-09-26,2026-09-23
E103573,345,215,MED-TOU,2025-11-20,2025-12-04,2025-12-04
E103950,281,142,MED-TOU,2025-09-23,2025-10-07,2025-09-28
E100668,90,233,MED-VIL,2026-02-08,2026-03-08,2026-03-04
E102191,220,2,MED-ARM,2026-02-12,2026-02-26,2026-02-24
E104504,102,124,MED-ROU,2026-07-12,2026-08-02,
E100663,137,181,MED-ARM,2025-09-25,2025-10-09,2025-10-06
E102060,176,36,MED-TOU,2026-05-29,2026-06-12,2026-06-25
E100475,214,115,MED-VIL,2025-12-12,2026-01-02,2025-12-22
E101198,178,135,MED-ARM,2025-11-22,2025-12-06,2025-12-01
E102829,276,46,MED-SEC,2025-10-23,2025-11-06,2025-10-27
E100083,65,24,MED-VIL,2026-05-27,2026-06-10,2026-06-08
E104259,390,161,MED-LIL,2025-09-23,2025-10-07,2025-09-27
E104355,135,238,MED-TOU,2025-10-26,2025-11-16,
E103640,396,140,MED-ROU,2025-10-05,2025-10-19,
E102008,39,182,MED-TOU,2026-06-23,2026-06-30,2026-07-01
E101471,159,136,MED-ARM,2026-07-14,2026-07-21,2026-07-18
E104748,273,78,MED-TOU,2026-01-23,2026-02-06,2026-01-27
E102484,22,94,MED-VIL,2026-08-17,2026-09-07,2026-09-04
E100802,329,5,MED-LIL,2026-08-19,2026-09-09,2026-08-23
E104893,57,57,MED-LIL,2025-09-27,2025-10-11,2025-10-09
E103658,144,171,MED-ROU,2026-06-09,2026-06-16,2026-06-18
E104031,266,6,MED-SEC,2026-08-07,2026-09-04,2026-08-20
E100747,17,191,MED-SEC,2025-09-26,2025-10-24,2025-10-06
E100555,79,70,MED-TOU,2026-01-02,2026-01-30,2026-01-23
E103154,248,112,MED-LIL,2025-09-11,2025-10-09,2025-09-20
E100900,131,16,MED-LIL,2026-08-22,2026-09-05,2026-08-23
E101594,351,179,MED-SEC,2025-09-05,2025-09-19,2025-09-19
E103771,298,136,MED-ARM,2026-07-02,2026-07-23,2026-08-03
E103198,171,30,MED-ROU,2026-05-07,2026-06-04,2026-05-15
E102349,75,3,MED-ARM,2025-11-11,2025-11-25,2025-11-26
E104757,282,46,MED-SEC,2026-04-11,2026-05-09,2026-05-08
E104113,105,91,MED-ROU,2026-05-02,2026-05-16,2026-05-08
E103324,132,83,MED-SEC,2026-05-02,2026-05-23,2026-05-03
E103053,207,231,MED-SEC,2026-08-21,2026-08-28,2026-08-22
E103133,44,26,MED-SEC,2025-12-28,2026-01-11,2026-01-02
E103336,383,43,MED-ARM,2026-05-09,2026-05-23,2026-05-12
E102360,371,81,MED-TOU,2026-06-16,2026-06-30,2026-06-26
E101671,368,43,MED-ARM,2026-03-04,2026-03-11,2026-03-11
E100371,400,173,MED-ARM,2026-05-10,2026-05-24,2026-05-17
E102660,152,29,MED-ARM,2025-12-28,2026-01-25,2025-12-30
E103580,200,192,MED-ARM,2026-03-16,2026-04-06,2026-03-21
E104665,261,182,MED-TOU,2026-06-21,2026-07-05,2026-07-10
E102129,280,61,MED-ARM,2026-09-16,2026-09-30,2026-09-20
E104221,310,205,MED-LIL,2026-06-02,2026-06-30,2026-06-08
E103717,414,156,MED-SEC,2025-10-17,2025-10-31,2025-10-24
E105143,178,155,MED-ARM,2025-11-21,2025-11-28,2025-11-22
E102432,78,142,MED-TOU,2025-12-04,2026-01-01,2025-12-07
E102283,346,124,MED-ROU,2025-10-15,2025-10-29,2025-10-17
E100579,60,145,MED-SEC,2026-04-23,2026-05-07,2026-05-04
E104473,53,157,MED-VIL,2025-11-27,2025-12-18,2025-12-14
E100293,294,71,MED-SEC,2025-10-05,2025-10-19,2025-10-07
E101326,62,41,MED-ROU,2025-11-12,2025-12-03,2025-12-03
E101849,2,165,MED-ROU,2025-10-05,2025-10-26,2025-10-26
E103056,268,112,MED-LIL,2025-11-18,2025-11-25,2025-11-21
E102068,396,94,MED-VIL,2025-12-04,2025-12-18,2025-12-15
E104895,416,144,MED-TOU,2026-06-01,2026-06-22,2026-07-08
E104663,149,31,MED-LIL,2025-10-12,2025-11-09,2025-10-22
E101078,226,199,MED-LIL,2026-01-05,2026-01-26,2026-01-06
E100921,283,75,MED-TOU,2026-01-28,2026-02-25,2026-03-13
E100868,186,98,MED-LIL,2025-10-07,2025-10-14,2025-10-14
E101331,52,82,MED-LIL,2026-07-03,2026-07-10,2026-07-06
E104176,246,15,MED-ROU,2026-08-06,2026-08-20,2026-08-15
E102248,89,227,MED-TOU,2025-09-21,2025-10-05,2025-10-02
E100929,362,229,MED-ROU,2026-04-25,2026-05-16,2026-05-15
E102441,325,9,MED-ARM,2026-07-15,2026-08-12,2026-08-10
E102019,186,140,MED-ROU,2025-12-28,2026-01-11,2026-01-25
E103237,247,55,MED-SEC,2026-03-19,2026-04-02,2026-04-01
E103162,180,73,MED-ARM,2025-11-15,2025-12-13,2025-11-21
E102818,58,86,MED-LIL,2025-11-16,2025-12-07,2025-12-03
E100990,88,221,MED-ARM,2026-08-09,2026-08-23,2026-08-23
E100466,170,67,MED-VIL,2025-09-26,2025-10-10,2025-10-07
E101254,144,17,MED-ARM,2026-07-28,2026-08-11,2026-08-03
E101870,272,152,MED-LIL,2025-11-22,2025-12-06,2025-11-28
E103312,44,107,MED-VIL,2026-06-15,2026-06-29,2026-06-17
E100790,346,8,MED-ARM,2025-09-12,2025-10-03,2025-09-20
E102075,249,112,MED-LIL,2025-11-03,2025-11-10,2025-11-08
E104084,136,49,MED-LIL,2026-04-04,2026-04-25,2026-04-06
E104079,33,69,MED-ROU,2026-09-08,2026-09-22,2026-09-15
E105068,294,182,MED-TOU,2026-08-21,2026-08-28,
E105177,303,162,MED-ROU,2025-09-17,2025-10-08,2025-10-03
E104228,374,78,MED-TOU,2026-07-23,2026-08-20,2026-08-04
E103637,177,66,MED-SEC,2026-03-14,2026-04-04,2026-03-27
E101581,410,234,MED-LIL,2026-02-25,2026-03-11,2026-03-08
E103548,252,130,MED-SEC,2026-05-15,2026-06-12,2026-05-25
E102211,271,5,MED-LIL,2026-05-19,2026-06-09,2026-05-26
E103310,334,144,MED-TOU,2026-05-24,2026-06-07,2026-06-12
E101554,328,167,MED-SEC,2025-10-16,2025-10-23,2025-10-19
E101201,293,53,MED-ARM,2025-12-04,2025-12-18,2025-12-07
E102918,181,145,MED-SEC,2026-04-10,2026-04-24,2026-04-28
E104361,375,169,MED-ARM,2025-09-22,2025-10-06,2025-10-03
E101846,134,34,MED-SEC,2025-09-08,2025-09-29,2025-09-22
E104096,305,158,MED-TOU,2026-07-24,2026-08-21,2026-09-10
E102981,370,60,MED-LIL,2025-11-29,2025-12-06,2025-12-05
E103192,210,31,MED-LIL,2026-02-14,2026-02-28,2026-03-04
E102367,372,67,MED-VIL,2026-08-02,2026-08-16,2026-08-16
E101515,209,4,MED-ARM,2026-08-31,2026-09-07,2026-09-14
E100489,177,153,MED-TOU,2026-02-07,2026-02-21,2026-03-09
E100615,11,234,MED-LIL,2026-08-16,2026-08-23,2026-08-22
E100057,94,236,MED-ARM,2026-02-12,2026-02-26,2026-02-13
E100807,216,52,MED-ARM,2025-09-27,2025-10-11,2025-10-07
E100290,320,44,MED-TOU,2026-08-02,2026-08-30,2026-08-21
E100559,390,19,MED-LIL,2026-01-25,2026-02-01,2026-02-01
E101156,252,164,MED-SEC,2025-09-09,2025-09-23,2025-09-15
E104541,9,127,MED-LIL,2025-10-13,2025-10-27,2025-10-23
E104337,208,143,MED-TOU,2026-01-08,2026-01-15,2026-01-10
E101185,372,127,MED-LIL,2025-11-01,2025-11-15,2025-11-11
E104370,75,172,MED-VIL,2025-11-30,2025-12-21,2025-12-04
E100821,103,85,MED-LIL,2026-07-12,2026-07-26,2026-07-20
E104534,114,73,MED-ARM,2026-07-30,2026-08-13,2026-08-14
E104959,300,229,MED-ROU,2025-09-10,2025-10-08,2025-10-05
E102328,5,223,MED-ROU,2026-08-19,2026-09-02,2026-08-30
E100705,211,82,MED-LIL,2026-05-11,2026-05-25,2026-05-19
E104542,43,91,MED-ROU,2025-11-27,2025-12-11,2025-12-04
E104922,23,207,MED-TOU,2026-08-23,2026-09-20,2026-08-31
E101807,307,138,MED-LIL,2026-04-15,2026-04-22,2026-04-20
E100922,310,134,MED-ARM,2026-09-15,2026-09-22,2026-09-29
E102681,121,106,MED-TOU,2026-08-04,2026-08-25,2026-08-10
E101473,87,235,MED-SEC,2026-07-26,2026-08-23,2026-08-19
E103796,379,70,MED-TOU,2026-07-10,2026-07-17,2026-07-22
E103097,140,9,MED-ARM,2026-01-03,2026-01-31,2026-01-11
E104467,329,56,MED-LIL,2026-06-22,2026-07-13,2026-06-23
E105021,61,69,MED-ROU,2026-01-06,2026-02-03,2026-01-18
E101528,20,36,MED-TOU,2025-09-05,2025-10-03,2025-09-25
E101288,42,19,MED-LIL,2025-09-24,2025-10-08,2025-10-08
E100569,30,231,MED-SEC,2026-07-23,2026-08-13,2026-08-23
E104704,198,157,MED-VIL,2026-06-18,2026-07-02,2026-07-10
E103533,381,187,MED-SEC,2025-09-04,2025-10-02,2025-09-13
E104120,387,94,MED-VIL,2026-08-05,2026-08-19,2026-08-08
E101084,78,204,MED-ROU,2026-06-22,2026-07-06,2026-06-30
E104052,264,62,MED-ARM,2026-03-05,2026-04-02,2026-03-16
E103523,124,155,MED-ARM,2026-08-15,2026-08-29,2026-08-19
E104658,137,126,MED-VIL,2025-11-16,2025-12-14,
E103546,231,115,MED-VIL,2026-04-08,2026-04-22,2026-04-13
E104686,198,72,MED-VIL,2026-05-03,2026-05-17,2026-05-06
E101741,327,28,MED-SEC,2026-04-30,2026-05-07,2026-05-02
E101879,106,234,MED-LIL,2025-09-22,2025-10-06,2025-10-03
E105073,366,3,MED-ARM,2026-07-11,2026-07-25,2026-07-27
E101421,204,44,MED-TOU,2026-04-20,2026-05-18,2026-04-22
E100649,361,41,MED-ROU,2026-04-29,2026-05-13,2026-05-07
E100324,201,19,MED-LIL,2026-08-06,2026-09-03,2026-08-09
E104815,268,148,MED-VIL,2025-09-18,2025-09-25,2025-09-21
E101299,91,76,MED-LIL,2025-12-28,2026-01-11,2026-01-11
E100533,407,27,MED-SEC,2026-07-10,2026-07-24,2026-07-20
E100939,190,188,MED-ROU,2026-06-14,2026-07-12,2026-06-20
E105120,342,101,MED-VIL,2025-12-16,2025-12-23,2025-12-22
E101273,58,214,MED-SEC,2026-01-27,2026-02-10,2026-02-09
E100468,210,54,MED-TOU,2026-05-20,2026-06-03,2026-05-27
E103872,153,174,MED-SEC,2026-08-30,2026-09-06,2026-09-01
E104896,98,5,MED-LIL,2026-01-31,2026-02-14,2026-02-09
E105165,258,204,MED-ROU,2026-03-06,2026-03-20,2026-03-18
E102828,364,106,MED-TOU,2026-03-24,2026-04-14,2026-03-30
E104933,95,24,MED-VIL,2026-06-28,2026-07-12,2026-07-11
E100632,147,88,MED-ARM,2026-02-11,2026-02-25,2026-02-23
E101287,302,133,MED-TOU,2026-04-15,2026-05-06,2026-05-01
E100098,74,221,MED-ARM,2025-12-14,2025-12-28,2025-12-22
E100116,41,204,MED-ROU,2026-05-17,2026-05-31,2026-06-01
E101836,267,32,MED-SEC,2026-02-10,2026-02-24,2026-02-27
E102623,419,65,MED-ROU,2025-09-10,2025-10-01,2025-09-17
E101533,260,57,MED-LIL,2026-07-26,2026-08-16,2026-07-30
E101968,253,47,MED-VIL,2026-07-23,2026-08-13,2026-08-18
E100772,122,141,MED-ROU,2025-10-27,2025-11-17,2025-11-06
E100096,228,51,MED-ROU,2026-07-17,2026-08-14,2026-07-18
E101448,220,110,MED-LIL,2025-10-28,2025-11-11,2025-11-12
E100509,379,108,MED-SEC,2025-11-15,2025-12-13,2025-12-08
E100828,40,100,MED-TOU,2025-11-18,2025-11-25,2025-11-24
E101641,126,238,MED-TOU,2026-02-17,2026-03-03,2026-02-24
E101624,31,196,MED-TOU,2026-07-06,2026-07-20,2026-07-21
E100701,398,155,MED-ARM,2026-05-09,2026-05-16,2026-05-19
E102571,150,173,MED-ARM,2025-10-26,2025-11-09,2025-11-09
E102975,72,192,MED-ARM,2026-04-13,2026-04-27,2026-05-01
E104721,346,19,MED-LIL,2025-10-11,2025-11-08,2025-10-13
E105121,279,225,MED-TOU,2025-12-02,2025-12-16,2025-12-10
E104604,411,24,MED-VIL,2025-11-03,2025-11-17,2025-11-06
E104515,354,231,MED-SEC,2026-07-01,2026-07-22,2026-07-25
E100814,218,216,MED-VIL,2026-01-18,2026-02-08,2026-01-27
E102983,412,172,MED-VIL,2026-02-07,2026-03-07,2026-03-07
E104108,370,46,MED-SEC,2026-01-14,2026-01-28,2026-01-16
E101489,19,213,MED-TOU,2025-10-06,2025-10-20,2025-10-19
E101113,118,98,MED-LIL,2026-02-24,2026-03-03,2026-03-03
E100839,299,38,MED-VIL,2026-07-26,2026-08-16,2026-07-27
E101976,61,2,MED-ARM,2026-05-04,2026-05-18,
E101556,35,133,MED-TOU,2026-07-03,2026-07-31,2026-07-23
E102042,123,5,MED-LIL,2025-11-21,2025-12-19,2025-11-26
E101774,65,61,MED-ARM,2025-09-20,2025-09-27,2025-10-14
E102378,219,65,MED-ROU,2026-04-10,2026-04-17,2026-04-15
E102245,336,66,MED-SEC,2026-03-19,2026-04-02,2026-04-12
E103654,259,91,MED-ROU,2025-12-23,2026-01-06,2026-01-01
E104744,14,62,MED-ARM,2026-08-16,2026-08-30,
E100591,28,135,MED-ARM,2026-02-15,2026-03-01,2026-02-20
E101190,326,106,MED-TOU,2026-02-10,2026-03-10,2026-03-17
E101965,401,161,MED-LIL,2026-07-27,2026-08-10,2026-08-15
E103211,232,102,MED-LIL,2025-10-19,2025-10-26,2025-10-27
E102269,417,181,MED-ARM,2026-07-25,2026-08-01,2026-07-31
E101838,334,129,MED-TOU,2026-05-28,2026-06-18,2026-06-12
E101132,262,148,MED-VIL,2026-08-16,2026-08-30,2026-08-28
E104114,343,186,MED-SEC,2026-05-20,2026-06-03,2026-06-03
E104953,347,206,MED-ROU,2025-09-19,2025-10-10,2025-10-09
E103975,346,186,MED-SEC,2026-05-17,2026-05-31,2026-05-31
E102470,63,57,MED-LIL,2026-05-22,2026-06-05,2026-06-17
E100405,86,210,MED-TOU,2026-04-18,2026-05-02,2026-05-01
E103100,381,93,MED-ARM,2026-03-19,2026-04-02,2026-03-25
E102431,389,215,MED-TOU,2026-05-12,2026-05-26,2026-05-22
E102466,411,96,MED-ARM,2026-06-19,2026-07-03,2026-07-15
E100143,332,13,MED-LIL,2026-04-11,2026-05-09,
E102291,277,202,MED-LIL,2026-04-10,2026-04-24,2026-04-20
E100244,400,134,MED-ARM,2026-07-08,2026-07-15,2026-07-09
E102752,75,34,MED-SEC,2025-12-09,2025-12-23,2025-12-13
E104329,134,209,MED-LIL,2025-10-05,2025-11-02,2025-10-11
E104462,409,47,MED-VIL,2025-10-19,2025-11-09,2025-11-21
E103609,280,33,MED-VIL,2026-07-28,2026-08-04,2026-08-03
E104687,293,35,MED-TOU,2025-09-03,2025-09-10,2025-09-06
E102465,226,100,MED-TOU,2026-01-10,2026-02-07,2026-01-25
E105197,394,97,MED-VIL,2026-06-21,2026-07-05,2026-07-01
E102494,74,105,MED-ARM,2026-07-17,2026-08-14,2026-08-16
E104135,337,186,MED-SEC,2026-04-10,2026-04-24,2026-04-28
E102026,329,208,MED-VIL,2025-09-03,2025-09-24,2025-09-21
E100080,410,180,MED-ARM,2026-09-10,2026-10-01,2026-09-21
E103632,74,152,MED-LIL,2025-10-27,2025-11-24,2025-11-06
E104967,365,97,MED-VIL,2026-02-03,2026-02-10,2026-02-21
E100722,93,72,MED-VIL,2025-12-19,2025-12-26,2025-12-22
E104159,266,192,MED-ARM,2026-06-15,2026-06-22,2026-06-20
E100061,243,9,MED-ARM,2026-07-13,2026-07-27,
E102172,417,231,MED-SEC,2026-04-18,2026-05-16,2026-05-01
E103259,295,177,MED-ROU,2026-01-23,2026-02-06,2026-01-25
E103865,306,225,MED-TOU,2025-09-18,2025-09-25,2025-10-05
E100885,339,135,MED-ARM,2026-03-28,2026-04-11,2026-04-02
E101475,304,6,MED-SEC,2025-09-21,2025-09-28,2025-09-24
E104234,181,18,MED-ARM,2026-03-21,2026-04-04,2026-03-22
E103135,26,1,MED-LIL,2026-05-30,2026-06-27,2026-06-12
E101583,346,47,MED-VIL,2025-09-24,2025-10-22,2025-10-09
E100355,8,195,MED-ARM,2025-12-09,2025-12-23,2025-12-11
E103266,130,89,MED-LIL,2026-08-04,2026-08-11,2026-08-20
E104782,207,207,MED-TOU,2025-11-29,2025-12-13,2025-12-09
E103813,66,90,MED-TOU,2026-09-02,2026-09-30,2026-09-04
E100617,66,36,MED-TOU,2026-05-02,2026-05-16,2026-05-07
E102330,86,15,MED-ROU,2026-06-30,2026-07-28,2026-08-07
E100601,208,194,MED-ROU,2025-09-29,2025-10-06,2025-10-04
E102854,289,37,MED-ARM,2026-03-25,2026-04-01,2026-03-28
E103651,413,120,MED-LIL,2026-08-01,2026-08-15,2026-08-03
E104617,285,145,MED-SEC,2025-10-16,2025-11-06,2025-10-29
E101013,412,224,MED-TOU,2026-02-19,2026-03-05,2026-03-17
E101881,180,115,MED-VIL,2026-02-19,2026-03-05,2026-02-21
E100442,165,137,MED-ROU,2026-01-22,2026-02-19,2026-02-05
E105118,314,216,MED-VIL,2025-10-09,2025-10-23,2025-10-11
E105097,292,211,MED-VIL,2026-08-11,2026-09-08,2026-08-18
E101750,239,178,MED-ARM,2026-08-19,2026-09-02,2026-08-23
E104489,45,128,MED-SEC,2026-02-04,2026-02-18,2026-02-08
E100238,214,228,MED-ROU,2026-02-25,2026-03-11,2026-02-27
E102967,331,186,MED-SEC,2026-05-13,2026-05-27,2026-05-30
E104629,237,214,MED-SEC,2026-08-16,2026-08-30,2026-08-30
E103466,334,29,MED-ARM,2026-08-22,2026-08-29,2026-08-27
E101180,361,137,MED-ROU,2025-12-31,2026-01-21,2026-01-21
E103894,15,199,MED-LIL,2026-08-02,2026-08-30,2026-08-05
E103101,158,143,MED-TOU,2026-07-12,2026-07-26,2026-07-20
E101786,26,17,MED-ARM,2025-11-11,2025-12-09,2025-11-27
E102942,260,147,MED-LIL,2026-08-05,2026-09-02,2026-08-11
E100968,235,41,MED-ROU,2026-07-19,2026-08-02,2026-08-01
E102644,235,142,MED-TOU,2026-06-01,2026-06-22,2026-06-28
E100401,200,6,MED-SEC,2026-07-03,2026-07-17,2026-07-24
E104343,230,110,MED-LIL,2026-09-12,2026-09-26,2026-09-19
E104469,188,163,MED-ARM,2025-09-15,2025-09-29,2025-09-20
E104082,152,182,MED-TOU,2025-12-22,2026-01-12,2026-01-17
E103564,217,166,MED-LIL,2026-04-12,2026-04-26,2026-04-20
E102085,351,162,MED-ROU,2025-11-14,2025-12-05,2025-11-21
E103003,78,37,MED-ARM,2025-09-08,2025-09-15,2025-09-09
E100383,21,117,MED-TOU,2026-04-25,2026-05-02,2026-05-01
E101380,119,26,MED-SEC,2026-02-22,2026-03-01,2026-02-28
E102293,391,76,MED-LIL,2026-07-24,2026-08-07,2026-08-04
E103130,317,42,MED-ARM,2026-01-21,2026-02-04,2026-01-27
E101382,200,12,MED-ARM,2026-07-07,2026-08-04,2026-08-18
E102873,105,53,MED-ARM,2026-05-07,2026-05-21,2026-05-15
E102500,386,153,MED-TOU,2026-07-12,2026-07-26,2026-07-26
E100856,70,62,MED-ARM,2025-11-26,2025-12-10,2025-12-09
E102620,379,232,MED-TOU,2026-02-22,2026-03-01,2026-03-19
E103729,189,193,MED-ROU,2026-03-15,2026-03-29,2026-03-18
E100792,188,129,MED-TOU,2026-08-01,2026-08-08,2026-08-09
E100786,56,201,MED-ROU,2026-02-12,2026-02-19,2026-02-15
E101007,139,55,MED-SEC,2026-03-15,2026-03-29,2026-03-25
E100212,395,178,MED-ARM,2026-04-25,2026-05-23,2026-05-19
E103433,404,156,MED-SEC,2026-05-18,2026-05-25,2026-05-26
E103969,119,25,MED-TOU,2026-07-01,2026-07-22,2026-07-13
E101558,29,61,MED-ARM,2025-09-10,2025-09-24,2025-09-19
E102556,71,25,MED-TOU,2025-11-25,2025-12-16,2025-12-02
E103761,32,44,MED-TOU,2025-10-06,2025-10-27,2025-10-21
E101552,30,192,MED-ARM,2026-09-11,2026-09-25,2026-09-23
E104749,279,1,MED-LIL,2025-09-02,2025-09-16,2025-09-12
E104171,108,141,MED-ROU,2025-11-22,2025-12-13,2025-12-01
E100007,165,73,MED-ARM,2025-11-08,2025-11-22,2025-11-22
E104320,340,203,MED-TOU,2026-04-05,2026-05-03,2026-04-19
E101847,269,16,MED-LIL,2025-10-26,2025-11-09,2025-11-07
E100794,208,15,MED-ROU,2025-11-28,2025-12-26,2025-12-21
E104134,300,96,MED-ARM,2025-12-26,2026-01-09,2025-12-31
E101811,275,161,MED-LIL,2026-08-06,2026-09-03,2026-09-09
E104072,83,22,MED-TOU,2026-02-15,2026-03-01,2026-02-24
E101734,233,27,MED-SEC,2025-09-11,2025-10-02,2025-09-29
E101810,24,207,MED-TOU,2026-09-12,2026-09-26,2026-09-20
E100036,352,189,MED-ROU,2026-09-03,2026-09-17,2026-09-09
E104768,201,170,MED-TOU,2026-07-09,2026-07-23,2026-07-10
E100697,157,103,MED-ARM,2026-04-17,2026-04-24,2026-04-18
E103084,112,91,MED-ROU,2025-10-06,2025-11-03,2025-10-13
E102376,238,150,MED-LIL,2025-10-09,2025-10-30,2025-10-14
E100084,379,218,MED-VIL,2026-05-31,2026-06-14,2026-06-11
E100358,203,189,MED-ROU,2026-02-15,2026-03-01,2026-02-20
E102795,113,11,MED-TOU,2026-08-21,2026-09-11,2026-09-06
E102568,182,127,MED-LIL,2026-05-22,2026-06-05,2026-05-27
E100153,339,29,MED-ARM,2026-03-23,2026-03-30,2026-03-27
E103841,388,61,MED-ARM,2026-06-14,2026-06-28,2026-06-25
E100218,262,89,MED-LIL,2025-10-14,2025-10-28,2025-10-17
E102560,67,134,MED-ARM,2026-09-05,2026-09-26,2026-10-04
E101776,274,138,MED-LIL,2026-07-26,2026-08-02,2026-07-27
E105183,357,157,MED-VIL,2025-10-14,2025-11-04,2025-10-23
E104589,288,199,MED-LIL,2026-07-05,2026-07-19,2026-07-18
E102416,87,220,MED-TOU,2026-01-19,2026-02-09,2026-01-26
E101072,64,166,MED-LIL,2026-08-06,2026-08-27,2026-08-07
E100261,350,1,MED-LIL,2026-08-23,2026-09-13,2026-09-05
E104085,296,193,MED-ROU,2026-08-12,2026-08-26,2026-08-16
E102785,50,127,MED-LIL,2025-11-09,2025-11-23,2025-11-21
E101670,194,46,MED-SEC,2026-01-07,2026-02-04,2026-01-23
E100501,7,205,MED-LIL,2025-11-17,2025-12-15,2025-12-02
E104683,74,234,MED-LIL,2026-04-20,2026-05-18,2026-05-29
E102515,379,92,MED-ROU,2025-12-31,2026-01-14,2026-01-27
E101246,278,213,MED-TOU,2026-02-05,2026-03-05,2026-02-26
E100297,86,125,MED-ROU,2026-05-07,2026-05-28,2026-05-21
E103665,416,62,MED-ARM,2026-06-02,2026-06-30,2026-07-19
E100658,138,204,MED-ROU,2026-09-11,2026-09-25,2026-09-14
E102804,216,126,MED-VIL,2026-06-06,2026-06-20,2026-06-10
E100280,110,202,MED-LIL,2026-02-08,2026-02-22,2026-02-21
E103417,313,62,MED-ARM,2026-03-15,2026-03-29,2026-03-28
E104423,304,160,MED-TOU,2026-08-04,2026-08-18,2026-08-12
E102843,284,206,MED-ROU,2026-08-15,2026-08-22,2026-08-24
E101334,249,104,MED-LIL,2025-12-31,2026-01-14,2026-01-08
E104251,26,137,MED-ROU,2025-12-21,2026-01-04,2025-12-27
E104634,2,226,MED-ARM,2026-01-04,2026-01-11,2026-01-08
E103240,86,45,MED-LIL,2026-08-06,2026-08-27,2026-08-12
E103519,91,233,MED-VIL,2025-11-26,2025-12-24,2025-12-06
E101882,48,2,MED-ARM,2026-07-20,2026-08-17,2026-08-17
E102974,144,163,MED-ARM,2026-03-03,2026-03-24,2026-03-04
E105022,294,223,MED-ROU,2025-12-12,2025-12-19,2025-12-15
E101871,184,32,MED-SEC,2026-03-01,2026-03-22,2026-03-10
E101869,217,14,MED-SEC,2025-10-15,2025-10-29,2025-11-10
E101181,186,183,MED-ARM,2025-10-29,2025-11-26,2025-11-26
E100915,383,91,MED-ROU,2025-10-06,2025-11-03,2025-10-28
E100547,31,201,MED-ROU,2026-08-14,2026-08-28,2026-08-26
E104518,295,79,MED-ARM,2026-04-28,2026-05-12,2026-04-29
E105008,193,74,MED-ARM,2026-08-01,2026-08-15,2026-08-08
E104341,209,19,MED-LIL,2025-09-27,2025-10-11,2025-10-10
E104849,79,157,MED-VIL,2026-02-26,2026-03-05,2026-03-02
E105078,139,138,MED-LIL,2025-10-01,2025-10-08,2025-10-04
E101189,170,153,MED-TOU,2025-11-24,2025-12-01,2025-12-01
E103487,262,111,MED-ROU,2026-05-04,2026-05-18,2026-05-10
E102989,340,33,MED-VIL,2026-07-28,2026-08-11,2026-08-02
E102040,284,211,MED-VIL,2025-09-02,2025-09-23,2025-09-10
E100496,167,64,MED-ARM,2025-09-06,2025-09-20,2025-09-20
E101565,389,184,MED-TOU,2026-01-22,2026-02-19,2026-02-13
E102956,30,129,MED-TOU,2026-05-18,2026-06-01,2026-05-26
E101366,232,65,MED-ROU,2026-01-24,2026-02-07,2026-01-25
E102188,69,116,MED-VIL,2026-01-01,2026-01-15,2026-01-03
E104557,46,168,MED-TOU,2026-02-05,2026-02-26,2026-02-10
E101424,355,99,MED-ROU,2026-03-27,2026-04-10,2026-04-03
E101979,366,233,MED-VIL,2026-06-13,2026-07-11,2026-06-24
E102922,326,102,MED-LIL,2026-02-25,2026-03-11,2026-03-09
E102856,84,182,MED-TOU,2026-01-02,2026-01-16,2026-01-06
E100893,95,193,MED-ROU,2026-03-24,2026-03-31,2026-03-29
E102831,30,69,MED-ROU,2025-09-20,2025-10-04,2025-09-26
E100545,201,92,MED-ROU,2026-06-13,2026-06-20,2026-06-16
E103095,307,38,MED-VIL,2026-08-09,2026-08-23,2026-08-10
E100537,87,6,MED-SEC,2026-08-20,2026-09-17,2026-09-03
E103071,166,120,MED-LIL,2026-04-28,2026-05-12,2026-05-12
E104645,192,9,MED-ARM,2025-11-02,2025-11-16,2025-11-08
E101086,245,99,MED-ROU,2025-12-03,2025-12-17,2025-12-16
E100133,143,145,MED-SEC,2026-08-26,2026-09-09,2026-08-29
E103940,198,84,MED-ROU,2026-07-28,2026-08-18,2026-08-08
E104016,183,169,MED-ARM,2025-12-18,2026-01-01,2025-12-23
E104909,376,219,MED-TOU,2026-07-26,2026-08-02,2026-08-09
E101338,53,109,MED-TOU,2025-12-08,2025-12-22,2025-12-16
E104020,180,216,MED-VIL,2026-05-10,2026-05-31,2026-05-28
E100093,302,236,MED-ARM,2025-09-04,2025-09-25,2025-09-17
E101360,380,235,MED-SEC,2026-02-23,2026-03-09,2026-03-02
E102654,227,187,MED-SEC,2025-12-27,2026-01-10,2025-12-29
E104499,41,84,MED-ROU,2026-06-02,2026-06-16,2026-06-04
E104561,245,64,MED-ARM,2026-06-20,2026-07-04,2026-07-01
E102384,115,41,MED-ROU,2026-02-16,2026-03-16,2026-03-10
E103271,198,196,MED-TOU,2026-03-03,2026-03-17,2026-04-02
E101631,11,34,MED-SEC,2025-10-30,2025-11-06,2025-11-03
E102254,180,126,MED-VIL,2026-09-12,2026-09-26,2026-09-28
E103504,189,161,MED-LIL,2026-05-19,2026-06-16,2026-06-04
E100532,21,35,MED-TOU,2026-04-11,2026-04-25,2026-04-20
E101128,258,33,MED-VIL,2026-01-23,2026-01-30,2026-01-24
E101337,133,87,MED-ROU,2025-11-22,2025-12-06,2025-11-23
E105139,297,114,MED-VIL,2026-09-12,2026-09-26,2026-09-14
E102121,54,134,MED-ARM,2026-06-26,2026-07-10,2026-07-06
E102100,186,37,MED-ARM,2026-05-30,2026-06-13,2026-06-10
E103489,91,125,MED-ROU,2026-07-20,2026-08-17,2026-08-02
E105052,119,219,MED-TOU,2025-12-30,2026-01-06,2026-01-03
E102000,6,76,MED-LIL,2025-09-19,2025-10-03,2025-10-01
E102403,341,166,MED-LIL,2025-12-14,2026-01-04,2025-12-27
E100504,132,154,MED-ARM,2026-03-21,2026-04-04,2026-03-25
E101792,221,29,MED-ARM,2026-09-04,2026-09-25,2026-09-06
E103420,49,80,MED-ROU,2026-06-17,2026-07-01,2026-07-10
E101147,108,150,MED-LIL,2026-06-04,2026-06-25,2026-06-21
E102998,403,211,MED-VIL,2025-10-26,2025-11-09,2025-11-01
E101726,3,163,MED-ARM,2025-09-04,2025-09-18,2025-09-16
E100128,284,29,MED-ARM,2026-08-01,2026-08-15,2026-08-02
E103454,3,107,MED-VIL,2026-05-30,2026-06-13,2026-06-06
E102197,311,159,MED-ARM,2026-05-26,2026-06-16,2026-06-14
E102704,50,44,MED-TOU,2026-08-26,2026-09-09,2026-09-07
E100602,279,127,MED-LIL,2026-02-09,2026-02-16,2026-02-16
E100694,4,115,MED-VIL,2026-04-16,2026-04-30,2026-04-18
E100654,270,5,MED-LIL,2025-09-09,2025-09-16,2025-09-16
E103677,166,203,MED-TOU,2025-10-25,2025-11-15,2025-11-03
E103511,74,77,MED-SEC,2025-12-26,2026-01-23,2026-01-11
E100764,302,62,MED-ARM,2026-01-02,2026-01-09,2026-01-10
E100004,323,24,MED-VIL,2025-12-30,2026-01-13,2026-01-27
E100469,394,213,MED-TOU,2026-01-23,2026-02-13,2026-02-04
E100593,195,119,MED-ARM,2025-12-16,2025-12-30,2025-12-27
E101003,93,54,MED-TOU,2025-12-31,2026-01-14,2026-01-14
E103256,21,135,MED-ARM,2026-06-20,2026-06-27,2026-06-24
E104595,142,26,MED-SEC,2025-11-20,2025-12-04,2025-12-08
E101875,322,58,MED-TOU,2025-10-29,2025-11-12,2025-11-04
E100172,142,212,MED-LIL,2026-08-23,2026-09-06,2026-09-02
E102860,352,62,MED-ARM,2026-04-14,2026-04-28,2026-04-24
E101703,109,124,MED-ROU,2026-08-21,2026-08-28,2026-08-26
E102578,319,118,MED-LIL,2026-07-12,2026-07-19,2026-07-17
E103528,403,90,MED-TOU,2025-09-08,2025-09-15,2025-09-13
E102165,397,77,MED-SEC,2025-12-14,2025-12-28,2025-12-17
E101763,220,38,MED-VIL,2026-03-09,2026-03-30,2026-03-28
E103904,62,63,MED-LIL,2026-05-04,2026-05-11,2026-05-10
E100277,137,202,MED-LIL,2026-09-05,2026-09-19,2026-09-09
E104633,193,66,MED-SEC,2025-09-05,2025-09-26,2025-09-23
E100205,100,186,MED-SEC,2026-02-03,2026-02-17,2026-02-13
E103944,213,79,MED-ARM,2025-09-18,2025-09-25,2025-09-20
E100950,348,113,MED-VIL,2026-08-20,2026-09-10,2026-09-14
E103670,212,84,MED-ROU,2026-04-15,2026-04-29,2026-04-16
E103402,371,215,MED-TOU,2025-09-20,2025-09-27,
E100177,171,216,MED-VIL,2026-03-10,2026-03-24,2026-03-26
E104440,109,12,MED-ARM,2025-11-10,2025-12-01,2025-11-18
E103593,330,212,MED-LIL,2026-09-08,2026-09-22,2026-09-22
E103399,268,221,MED-ARM,2025-11-24,2025-12-08,2025-12-22
E101936,232,72,MED-VIL,2026-03-11,2026-04-08,2026-04-03
E100441,225,62,MED-ARM,2025-12-03,2025-12-10,2025-12-18
E103932,97,189,MED-ROU,2026-07-12,2026-07-26,2026-07-31
E101989,319,153,MED-TOU,2026-06-08,2026-06-22,2026-06-24
E101999,202,222,MED-TOU,2026-08-18,2026-09-08,2026-08-28
E103463,142,87,MED-ROU,2025-11-16,2025-11-30,2025-11-28
E100191,372,184,MED-TOU,2025-10-25,2025-11-08,2025-11-06
E100584,380,89,MED-LIL,2026-01-26,2026-02-09,2026-02-07
E102512,211,226,MED-ARM,2026-09-03,2026-10-01,2026-10-09
E101816,258,135,MED-ARM,2025-11-02,2025-11-30,2025-11-29
E104972,240,236,MED-ARM,2025-09-13,2025-10-04,2025-09-28
E105005,197,111,MED-ROU,2026-07-21,2026-08-11,2026-08-14
E101332,252,61,MED-ARM,2026-05-03,2026-05-10,2026-05-06
E102226,10,190,MED-TOU,2025-11-10,2025-11-24,2025-11-23
E102735,67,26,MED-SEC,2026-07-16,2026-08-13,2026-08-04
E104289,257,235,MED-SEC,2025-09-09,2025-09-30,2025-09-10
E101783,401,230,MED-LIL,2025-10-24,2025-10-31,2025-11-07
E102546,281,191,MED-SEC,2026-09-03,2026-09-17,2026-09-10
E102418,55,230,MED-LIL,2025-12-22,2026-01-05,2026-01-04
E104608,376,134,MED-ARM,2026-02-04,2026-03-04,2026-02-25
E103507,240,139,MED-ROU,2025-11-05,2025-12-03,2025-11-08
E104235,126,211,MED-VIL,2025-12-29,2026-01-12,2026-01-15
E102084,364,158,MED-TOU,2025-10-12,2025-10-19,2025-10-16
E100010,66,146,MED-ROU,2026-06-05,2026-06-19,2026-06-09
E101861,50,226,MED-ARM,2026-02-26,2026-03-19,2026-03-23
E100546,157,74,MED-ARM,2026-06-12,2026-06-26,2026-06-26
E103440,383,19,MED-LIL,2025-09-06,2025-10-04,2025-10-07
E100175,34,115,MED-VIL,2025-09-06,2025-10-04,2025-09-12
E102596,366,174,MED-SEC,2026-05-19,2026-06-02,2026-05-22
E104718,215,234,MED-LIL,2026-02-22,2026-03-01,2026-03-06
E103608,220,147,MED-LIL,2025-12-02,2025-12-09,2025-12-05
E102638,195,24,MED-VIL,2026-02-09,2026-02-23,
E104368,31,198,MED-SEC,2026-06-09,2026-06-16,2026-06-14
E102692,146,189,MED-ROU,2026-07-13,2026-07-20,2026-07-20
E102746,180,20,MED-ARM,2026-03-07,2026-03-21,2026-03-19
E102104,216,16,MED-LIL,2025-09-12,2025-10-10,2025-09-29
E100074,399,196,MED-TOU,2026-07-09,2026-07-16,2026-07-16
E102160,361,194,MED-ROU,2026-04-17,2026-05-01,2026-05-01
E105114,92,191,MED-SEC,2025-12-31,2026-01-07,2026-01-03
E103248,248,159,MED-ARM,2025-11-01,2025-11-08,2025-11-06
E100711,412,94,MED-VIL,2026-06-18,2026-07-02,2026-06-21
E102504,199,161,MED-LIL,2026-08-09,2026-08-30,2026-08-19
E102321,57,83,MED-SEC,2025-11-05,2025-11-26,2025-11-27
E103199,144,235,MED-SEC,2026-07-15,2026-07-29,2026-07-25
E104023,377,178,MED-ARM,2025-12-05,2025-12-19,2025-12-12
E104993,298,232,MED-TOU,2026-02-06,2026-03-06,2026-03-18
E103786,386,86,MED-LIL,2026-05-05,2026-06-02,2026-05-19
E103621,32,63,MED-LIL,2026-06-19,2026-06-26,2026-06-21
E102088,359,188,MED-ROU,2025-09-15,2025-09-29,2025-09-29
E104892,375,202,MED-LIL,2026-03-23,2026-04-13,2026-04-24
E101513,295,153,MED-TOU,2026-06-03,2026-06-17,2026-06-13
E102848,265,215,MED-TOU,2026-08-27,2026-09-10,2026-09-04
E100550,64,215,MED-TOU,2026-01-23,2026-02-06,2026-01-29
E102909,329,85,MED-LIL,2026-04-20,2026-05-04,2026-04-27
E101657,171,137,MED-ROU,2025-10-30,2025-11-27,2025-12-07
E103410,178,148,MED-VIL,2025-11-15,2025-12-13,2025-12-19
E100176,138,143,MED-TOU,2025-11-13,2025-12-04,2025-12-01
E101450,7,174,MED-SEC,2026-03-22,2026-04-05,2026-03-23
E102456,317,77,MED-SEC,2026-06-18,2026-06-25,2026-07-01
E103887,327,131,MED-LIL,2026-01-14,2026-01-21,2026-01-15
E101250,8,131,MED-LIL,2026-05-14,2026-05-21,2026-05-21
E103908,87,92,MED-ROU,2026-07-08,2026-07-22,2026-07-14
E103191,363,231,MED-SEC,2026-01-23,2026-02-06,2026-02-05
E102282,1,148,MED-VIL,2026-06-03,2026-06-17,2026-06-15
E102044,129,33,MED-VIL,2025-11-27,2025-12-11,2025-12-10
E101682,111,74,MED-ARM,2026-02-25,2026-03-11,2026-03-25
E103230,338,176,MED-TOU,2026-08-06,2026-08-20,2026-08-17
E105161,282,82,MED-LIL,2026-05-21,2026-06-18,2026-05-27
E105180,250,23,MED-TOU,2026-01-05,2026-01-19,2026-01-19
E102449,212,146,MED-ROU,2026-09-15,2026-09-29,2026-09-24
E100059,373,11,MED-TOU,2026-02-26,2026-03-12,2026-03-09
E103081,28,149,MED-LIL,2026-04-07,2026-04-28,2026-04-20
E102631,21,156,MED-SEC,2026-09-03,2026-09-17,2026-09-15
E104878,364,227,MED-TOU,2026-05-10,2026-06-07,2026-06-01
E100471,279,57,MED-LIL,2026-09-03,2026-09-24,2026-09-23
E103017,20,2,MED-ARM,2025-10-09,2025-10-23,2025-10-18
E101775,297,9,MED-ARM,2025-10-25,2025-11-22,2025-11-07
E101873,360,51,MED-ROU,2026-04-27,2026-05-11,2026-05-09
E104507,259,171,MED-ROU,2026-03-30,2026-04-13,2026-04-01
E103959,100,160,MED-TOU,2026-01-03,2026-01-17,2026-01-13
E103186,104,203,MED-TOU,2026-01-22,2026-02-05,2026-02-02
E101648,179,171,MED-ROU,2026-06-02,2026-06-30,2026-06-16
E104662,105,158,MED-TOU,2026-07-13,2026-08-10,2026-07-31
E103784,20,98,MED-LIL,2026-03-05,2026-03-19,2026-03-19
E101398,382,239,MED-TOU,2025-11-07,2025-11-21,2025-11-08
E104609,344,146,MED-ROU,2025-10-11,2025-10-25,2025-11-03
E100227,293,68,MED-ROU,2025-09-07,2025-09-14,2025-09-14
E103910,136,75,MED-TOU,2025-11-30,2025-12-07,2025-12-07
E102198,52,78,MED-TOU,2026-06-29,2026-07-06,2026-07-03
E103418,86,109,MED-TOU,2026-07-22,2026-07-29,2026-07-29
E103361,263,77,MED-SEC,2026-02-22,2026-03-01,2026-03-19
E105181,207,75,MED-TOU,2026-02-01,2026-02-22,
E100314,167,1,MED-LIL,2025-10-28,2025-11-04,2025-11-19
E100708,126,163,MED-ARM,2026-06-23,2026-07-07,2026-06-30
E103745,57,2,MED-ARM,2026-04-06,2026-04-20,2026-05-04
E104678,92,194,MED-ROU,2026-09-09,2026-10-07,2026-09-23
E100965,89,24,MED-VIL,2026-06-14,2026-06-21,2026-06-21
E104167,173,79,MED-ARM,2026-07-26,2026-08-02,2026-07-31
E102220,303,164,MED-SEC,2026-07-25,2026-08-15,2026-08-15
E104738,93,210,MED-TOU,2026-07-30,2026-08-20,2026-08-14
E100717,264,32,MED-SEC,2026-02-11,2026-02-18,2026-02-13
E101008,67,190,MED-TOU,2025-09-19,2025-10-03,2025-10-08
E102327,273,115,MED-VIL,2025-10-03,2025-10-17,2025-10-09
E103766,1,148,MED-VIL,2026-08-01,2026-08-15,
E104816,302,161,MED-LIL,2026-07-27,2026-08-24,2026-08-10
E104871,17,68,MED-ROU,2026-06-13,2026-06-27,2026-06-15
E101439,92,111,MED-ROU,2026-07-17,2026-07-31,2026-07-31
E102719,190,72,MED-VIL,2026-08-22,2026-09-19,2026-09-03
E102646,100,212,MED-LIL,2026-05-21,2026-05-28,2026-05-28
E102110,68,145,MED-SEC,2026-08-26,2026-09-02,2026-08-29
E102154,60,1,MED-LIL,2026-08-05,2026-08-19,2026-08-12
E103251,290,101,MED-VIL,2026-09-02,2026-09-16,2026-09-12
E103531,140,195,MED-ARM,2025-11-18,2025-12-16,2025-11-29
E102492,336,74,MED-ARM,2026-07-20,2026-07-27,2026-07-28
E102400,67,81,MED-TOU,2025-09-15,2025-10-06,2025-09-29
E104691,176,166,MED-LIL,2026-08-20,2026-08-27,2026-08-25
E102767,67,144,MED-TOU,2026-06-27,2026-07-25,2026-06-28
E100566,270,16,MED-LIL,2026-08-24,2026-08-31,2026-08-27
E100917,412,81,MED-TOU,2026-06-01,2026-06-15,2026-06-14
E101404,257,234,MED-LIL,2025-09-08,2025-09-29,2025-09-19
E100624,315,40,MED-LIL,2025-11-28,2025-12-19,2025-12-27
E100479,355,144,MED-TOU,2026-05-08,2026-05-22,2026-05-20
E104979,317,191,MED-SEC,2026-07-06,2026-07-20,2026-07-17
E101157,367,75,MED-TOU,2025-12-14,2025-12-28,2025-12-26
E103444,358,199,MED-LIL,2026-07-29,2026-08-19,2026-08-02
E104935,278,169,MED-ARM,2026-07-19,2026-08-02,2026-07-30
E102902,199,194,MED-ROU,2026-02-22,2026-03-08,2026-03-08
E101961,44,211,MED-VIL,2025-10-13,2025-11-10,2025-11-08
E103844,153,72,MED-VIL,2026-06-02,2026-06-23,2026-06-07
E105035,126,27,MED-SEC,2026-01-09,2026-01-16,2026-01-10
E104170,11,10,MED-LIL,2026-02-12,2026-02-26,2026-03-14
E100323,212,194,MED-ROU,2025-10-15,2025-10-22,2025-10-21
E102780,95,51,MED-ROU,2026-06-04,2026-06-18,2026-06-05
E101532,122,65,MED-ROU,2025-11-17,2025-12-01,2025-11-18
E100920,405,235,MED-SEC,2026-01-25,2026-02-01,2026-01-31
E101056,358,13,MED-LIL,2026-05-01,2026-05-08,2026-05-04
E102143,199,134,MED-ARM,2026-04-26,2026-05-10,2026-05-14
E102970,362,169,MED-ARM,2026-04-09,2026-04-16,2026-04-16
E104295,353,210,MED-TOU,2026-04-24,2026-05-08,2026-05-05
E101068,366,190,MED-TOU,2026-08-20,2026-09-17,2026-08-23
E101921,19,21,MED-TOU,2025-10-17,2025-10-31,2025-10-21
E100985,285,102,MED-LIL,2025-09-30,2025-10-21,2025-10-26
E104383,21,178,MED-ARM,2026-02-16,2026-03-09,2026-02-17
E103205,275,148,MED-VIL,2026-04-26,2026-05-10,2026-05-01
E101141,39,133,MED-TOU,2025-09-30,2025-10-14,2025-10-01
E104356,396,75,MED-TOU,2026-01-03,2026-01-17,2026-01-07
E103957,48,85,MED-LIL,2025-12-22,2026-01-19,2026-01-24
E102105,351,227,MED-TOU,2026-08-25,2026-09-08,
E104069,91,53,MED-ARM,2025-09-20,2025-09-27,2025-09-25
E100183,308,29,MED-ARM,2026-03-10,2026-03-31,2026-03-24
E102964,275,219,MED-TOU,2026-03-05,2026-03-12,2026-03-08
E105055,242,203,MED-TOU,2026-04-07,2026-04-21,2026-04-21
E104187,366,98,MED-LIL,2026-02-25,2026-03-18,2026-03-16
E100295,138,78,MED-TOU,2025-11-16,2025-11-30,2025-11-27
E100830,320,45,MED-LIL,2026-03-06,2026-03-20,2026-04-06
E102186,320,231,MED-SEC,2026-09-12,2026-09-26,2026-09-25
E104445,335,68,MED-ROU,2025-10-20,2025-11-17,2025-11-03
E103572,113,6,MED-SEC,2026-06-16,2026-07-07,2026-06-29
E104977,285,165,MED-ROU,2026-07-25,2026-08-08,2026-08-08
E100724,114,45,MED-LIL,2025-12-22,2026-01-12,2026-01-02
E100387,202,108,MED-SEC,2026-02-14,2026-02-21,2026-02-15
E101551,295,157,MED-VIL,2026-07-11,2026-07-25,2026-07-20
E100512,417,139,MED-ROU,2026-05-23,2026-05-30,2026-05-25
E101213,196,139,MED-ROU,2026-08-20,2026-09-03,2026-08-25
E101006,192,143,MED-TOU,2026-08-19,2026-09-09,2026-08-28
E101802,204,140,MED-ROU,2025-11-15,2025-11-22,2025-11-17
E104313,348,98,MED-LIL,2025-11-07,2025-11-21,2025-11-18
E103334,298,55,MED-SEC,2026-02-03,2026-02-24,2026-02-10
E100099,75,224,MED-TOU,2026-06-15,2026-06-29,2026-06-27
E100637,19,10,MED-LIL,2026-07-31,2026-08-21,2026-08-06
E101645,120,88,MED-ARM,2026-08-10,2026-08-17,2026-08-22
E100693,389,84,MED-ROU,2026-06-30,2026-07-21,2026-07-19
E102361,94,210,MED-TOU,2025-10-10,2025-10-24,2025-10-16
E100789,14,13,MED-LIL,2026-02-27,2026-03-13,2026-03-08
E103744,355,192,MED-ARM,2026-05-29,2026-06-26,2026-06-24
E104814,397,48,MED-VIL,2026-02-13,2026-02-27,2026-02-26
E103731,319,146,MED-ROU,2026-07-03,2026-07-17,2026-07-04
E100437,55,107,MED-VIL,2026-04-18,2026-05-02,2026-04-27
E103165,122,119,MED-ARM,2026-02-04,2026-02-18,2026-02-18
E103307,116,106,MED-TOU,2026-02-24,2026-03-10,2026-02-26
E103447,305,216,MED-VIL,2025-12-29,2026-01-12,2026-01-29
E101081,398,230,MED-LIL,2025-12-12,2025-12-26,2025-12-26
E101761,102,7,MED-ARM,2026-03-15,2026-03-29,2026-03-21
E103449,165,209,MED-LIL,2026-07-15,2026-08-12,2026-07-29
E100793,47,77,MED-SEC,2026-01-03,2026-01-17,2026-01-13
E102800,161,101,MED-VIL,2026-05-31,2026-06-14,2026-06-12
E102017,231,74,MED-ARM,2025-11-02,2025-11-30,
E104809,155,175,MED-TOU,2026-02-27,2026-03-27,2026-03-20
E102542,137,52,MED-ARM,2025-10-06,2025-10-27,2025-10-15
E100510,314,105,MED-ARM,2026-01-26,2026-02-02,2026-02-02
E100213,233,45,MED-LIL,2025-11-01,2025-11-15,2025-11-02
E101402,233,107,MED-VIL,2026-01-06,2026-01-20,2026-01-10
E103474,397,44,MED-TOU,2026-08-07,2026-08-21,2026-08-11
E102499,47,8,MED-ARM,2025-09-09,2025-10-07,2025-09-10
E102603,266,205,MED-LIL,2026-08-20,2026-09-17,2026-08-21
E104527,281,122,MED-LIL,2026-06-14,2026-07-05,2026-06-24
E100571,32,118,MED-LIL,2026-08-23,2026-09-20,2026-09-11
E104851,333,206,MED-ROU,2025-12-07,2025-12-21,2025-12-21
E101330,35,64,MED-ARM,2025-12-23,2026-01-13,2026-01-09
E100138,255,66,MED-SEC,2026-03-27,2026-04-10,2026-04-01
E100740,122,11,MED-TOU,2026-04-08,2026-04-22,2026-04-14
E100199,130,225,MED-TOU,2025-11-14,2025-11-28,2025-12-04
E100217,343,159,MED-ARM,2026-02-12,2026-02-26,2026-02-21
E102485,6,56,MED-LIL,2025-09-07,2025-10-05,2025-09-20
E102374,404,161,MED-LIL,2026-04-19,2026-05-17,2026-05-13
E104291,3,140,MED-ROU,2026-02-19,2026-03-19,2026-03-01
E103671,313,27,MED-SEC,2026-02-28,2026-03-14,2026-03-12
E104318,415,230,MED-LIL,2025-09-17,2025-10-01,2025-09-20
E103554,159,203,MED-TOU,2026-02-18,2026-03-04,2026-03-02
E104107,231,50,MED-ROU,2025-11-07,2025-11-21,2025-11-16
E104214,75,221,MED-ARM,2026-09-14,2026-10-12,2026-09-29
E104243,321,190,MED-TOU,2026-07-29,2026-08-05,2026-07-31
E101690,7,137,MED-ROU,2026-04-23,2026-05-07,2026-04-24
E100356,203,48,MED-VIL,2025-12-04,2025-12-18,2025-12-30
E102952,287,175,MED-TOU,2026-06-05,2026-06-26,2026-06-23
E101698,191,149,MED-LIL,2026-08-16,2026-08-30,2026-08-23
E100655,86,190,MED-TOU,2025-09-27,2025-10-11,2025-10-05
E101788,408,35,MED-TOU,2025-09-05,2025-09-19,2025-09-09
E101895,321,155,MED-ARM,2026-08-11,2026-08-18,2026-09-01
E100321,8,217,MED-LIL,2026-01-14,2026-01-28,2026-01-31
E104516,272,122,MED-LIL,2025-12-27,2026-01-10,2026-01-05
E104889,265,156,MED-SEC,2025-10-20,2025-11-03,
E102195,272,157,MED-VIL,2026-02-04,2026-02-18,2026-03-05
E103992,407,97,MED-VIL,2026-09-03,2026-10-01,2026-09-13
E102357,126,133,MED-TOU,2026-09-15,2026-09-29,2026-09-25
E101316,285,79,MED-ARM,2026-07-31,2026-08-28,2026-08-10
E100105,36,45,MED-LIL,2026-02-03,2026-03-03,
E101321,134,31,MED-LIL,2025-12-02,2025-12-09,2025-12-10
E105089,255,234,MED-LIL,2026-04-07,2026-04-21,2026-04-13
E103850,398,92,MED-ROU,2025-12-02,2025-12-23,2025-12-03
E104800,361,77,MED-SEC,2026-03-26,2026-04-23,2026-03-27
E101614,101,151,MED-VIL,2026-05-03,2026-05-17,2026-05-06
E102495,4,213,MED-TOU,2026-08-17,2026-09-14,2026-08-27
E103114,154,214,MED-SEC,2025-09-11,2025-10-09,2025-10-03
E103300,320,20,MED-ARM,2026-07-30,2026-08-06,2026-08-05
E102037,189,164,MED-SEC,2025-12-07,2025-12-28,2025-12-17
E104906,292,202,MED-LIL,2026-05-11,2026-05-18,2026-05-28
E105027,230,223,MED-ROU,2026-04-14,2026-04-28,2026-04-22
E105135,36,232,MED-TOU,2026-04-16,2026-05-07,
E100940,72,113,MED-VIL,2026-09-01,2026-09-22,2026-09-06
E101493,190,140,MED-ROU,2026-03-31,2026-04-28,2026-04-14
E100565,269,141,MED-ROU,2026-07-16,2026-07-30,2026-07-26
E103195,19,29,MED-ARM,2026-05-08,2026-05-22,2026-05-19
E104869,312,235,MED-SEC,2026-03-17,2026-03-31,2026-03-20
E103026,62,102,MED-LIL,2026-06-03,2026-06-17,2026-06-10
E103232,237,206,MED-ROU,2026-07-22,2026-08-12,2026-08-11
E104493,132,95,MED-SEC,2026-02-02,2026-02-16,2026-02-11
E100281,396,191,MED-SEC,2025-10-26,2025-11-16,2025-11-24
E102561,320,57,MED-LIL,2026-08-14,2026-09-11,2026-09-03
E105108,216,20,MED-ARM,2026-04-13,2026-04-27,2026-04-25
E100671,130,181,MED-ARM,2025-12-15,2025-12-29,2025-12-16
E101292,90,186,MED-SEC,2026-08-24,2026-09-14,2026-09-09
E100592,336,137,MED-ROU,2026-03-12,2026-03-26,2026-03-20
E100123,372,118,MED-LIL,2025-10-25,2025-11-08,2025-11-16
E100988,213,164,MED-SEC,2026-01-06,2026-01-20,2026-02-08
E104556,216,12,MED-ARM,2026-08-16,2026-08-23,2026-08-22
E100845,70,200,MED-VIL,2026-08-04,2026-08-18,2026-08-24
E101403,149,213,MED-TOU,2026-05-11,2026-05-18,2026-05-17
E100053,354,8,MED-ARM,2025-11-14,2025-11-21,2025-11-24
E100248,304,210,MED-TOU,2026-03-03,2026-03-24,2026-03-17
E100969,383,142,MED-TOU,2026-01-25,2026-02-08,
E102232,410,110,MED-LIL,2026-06-24,2026-07-22,2026-06-28
E104126,290,85,MED-LIL,2026-05-29,2026-06-12,2026-06-04
E104141,89,55,MED-SEC,2025-09-08,2025-09-22,2025-09-10
E102753,333,186,MED-SEC,2025-09-08,2025-10-06,2025-09-30
E100577,257,232,MED-TOU,2026-03-09,2026-04-06,2026-03-17
E103542,55,214,MED-SEC,2025-11-13,2025-12-11,2025-11-20
E101205,77,159,MED-ARM,2026-02-10,2026-03-03,2026-02-11
E104506,369,167,MED-SEC,2026-09-03,2026-10-01,2026-09-23
E102904,344,137,MED-ROU,2026-06-18,2026-07-02,2026-07-06
E104097,174,221,MED-ARM,2025-11-30,2025-12-21,2025-12-02
E104888,233,63,MED-LIL,2025-12-09,2025-12-23,2025-12-10
E101461,17,167,MED-SEC,2026-01-17,2026-01-31,2026-01-18
E103848,184,72,MED-VIL,2026-05-25,2026-06-01,2026-06-15
E101915,394,170,MED-TOU,2026-05-21,2026-05-28,2026-05-25
E105132,151,228,MED-ROU,2026-03-17,2026-03-24,2026-03-22
E101348,283,164,MED-SEC,2025-11-17,2025-12-01,2025-11-19
E101002,111,174,MED-SEC,2025-12-24,2026-01-07,2026-01-06
E100463,289,17,MED-ARM,2026-06-04,2026-06-11,2026-06-15
E103123,134,89,MED-LIL,2026-03-31,2026-04-28,2026-04-24
E104112,18,234,MED-LIL,2025-10-28,2025-11-04,2025-11-04
E104756,165,94,MED-VIL,2026-03-21,2026-04-04,2026-03-23
E104449,183,126,MED-VIL,2025-11-20,2025-12-18,2025-11-28
E101265,44,92,MED-ROU,2026-01-20,2026-02-03,2026-02-09
E102095,154,76,MED-LIL,2025-11-21,2025-12-05,2025-11-30
E105167,266,109,MED-TOU,2026-02-17,2026-03-03,2026-02-26
E100576,332,80,MED-ROU,2026-05-28,2026-06-04,2026-05-30
E103106,318,181,MED-ARM,2026-08-21,2026-09-18,2026-08-30
E105185,105,65,MED-ROU,2025-11-07,2025-11-21,2025-11-16
E101930,330,218,MED-VIL,2025-09-23,2025-10-07,2025-10-04
E101486,388,129,MED-TOU,2026-06-11,2026-07-02,2026-06-18
E103354,32,236,MED-ARM,2025-10-08,2025-10-22,2025-10-24
E102311,124,129,MED-TOU,2025-12-13,2025-12-27,
E104109,185,108,MED-SEC,2026-02-11,2026-03-04,2026-02-20
E100864,3,143,MED-TOU,2025-12-28,2026-01-11,2026-01-03
E100685,226,73,MED-ARM,2025-10-22,2025-11-05,2025-11-02
E101964,379,208,MED-VIL,2026-03-21,2026-04-18,
E100181,313,130,MED-SEC,2026-03-30,2026-04-06,2026-04-01
E103298,198,74,MED-ARM,2026-02-19,2026-03-05,2026-02-24
E101004,51,99,MED-ROU,2026-09-13,2026-09-20,2026-09-27
E100398,164,108,MED-SEC,2025-11-27,2025-12-04,2025-11-30
E102675,157,124,MED-ROU,2025-10-28,2025-11-11,2025-11-09
E104899,94,64,MED-ARM,2025-11-15,2025-11-29,2025-11-22
E102531,260,166,MED-LIL,2026-07-29,2026-08-05,2026-08-11
E104009,59,238,MED-TOU,2026-07-27,2026-08-24,2026-08-25
E104739,393,214,MED-SEC,2026-02-12,2026-03-12,2026-03-03
E102446,239,135,MED-ARM,2026-08-29,2026-09-19,2026-09-01
E105056,163,186,MED-SEC,2026-01-04,2026-01-18,2026-01-17
E103884,416,78,MED-TOU,2026-02-10,2026-02-24,
E103597,93,203,MED-TOU,2026-03-20,2026-04-03,2026-04-06
E101949,160,63,MED-LIL,2026-05-10,2026-05-24,2026-05-24
E101498,400,202,MED-LIL,2025-09-17,2025-10-01,2025-09-22
E105090,251,53,MED-ARM,2025-10-10,2025-10-17,2025-10-11
E101716,236,121,MED-ROU,2025-10-08,2025-10-22,2025-10-13
E103169,346,70,MED-TOU,2025-11-15,2025-11-29,2025-11-24
E100890,176,227,MED-TOU,2026-07-19,2026-08-02,2026-07-25
E100674,266,6,MED-SEC,2026-05-05,2026-05-12,2026-05-09
E103853,246,54,MED-TOU,2026-04-18,2026-04-25,2026-04-23
E103482,259,236,MED-ARM,2026-01-03,2026-01-31,2026-01-18
E102523,417,240,MED-ROU,2026-05-28,2026-06-11,2026-05-30
E101315,95,106,MED-TOU,2025-11-09,2025-11-23,2025-11-16
E104811,88,83,MED-SEC,2026-06-25,2026-07-16,2026-07-23
E104429,324,132,MED-VIL,2025-09-18,2025-10-02,2025-09-26
E102645,28,29,MED-ARM,2026-01-26,2026-02-09,2026-02-11
E100481,86,17,MED-ARM,2025-09-22,2025-10-06,2025-10-09
E103966,111,180,MED-ARM,2025-11-25,2025-12-09,2025-11-27
E104073,39,170,MED-TOU,2026-03-11,2026-03-25,2026-04-13
E104076,247,23,MED-TOU,2026-03-11,2026-03-25,2026-03-24
E104360,87,3,MED-ARM,2026-01-26,2026-02-23,2026-02-22
E102156,379,208,MED-VIL,2026-05-08,2026-05-22,2026-05-12
E101075,37,127,MED-LIL,2026-08-22,2026-09-05,2026-08-24
E101603,414,82,MED-LIL,2026-01-24,2026-02-07,2026-02-07
E101717,202,203,MED-TOU,2025-12-12,2025-12-19,2025-12-18
E100703,250,79,MED-ARM,2026-08-08,2026-08-22,2026-08-15
E101987,278,39,MED-ARM,2025-11-05,2025-11-26,2025-11-15
E104667,219,100,MED-TOU,2025-11-30,2025-12-14,2025-12-03
E101842,340,125,MED-ROU,2026-07-29,2026-08-12,2026-08-08
E101833,2,39,MED-ARM,2026-06-27,2026-07-18,2026-07-01
E103752,197,192,MED-ARM,2026-07-24,2026-08-07,2026-08-26
E101991,200,143,MED-TOU,2026-05-07,2026-05-14,2026-05-12
E100523,323,205,MED-LIL,2026-02-23,2026-03-09,2026-02-25
E100292,219,61,MED-ARM,2026-04-18,2026-05-09,2026-04-29
E100979,179,236,MED-ARM,2026-03-23,2026-04-20,2026-03-26
E102507,221,10,MED-LIL,2025-10-27,2025-11-03,2025-11-02
E102787,220,143,MED-TOU,2026-07-02,2026-07-16,2026-07-03
E104280,228,194,MED-ROU,2026-02-18,2026-03-04,2026-02-27
E104039,116,138,MED-LIL,2025-11-01,2025-11-15,2025-11-17
E102264,58,93,MED-ARM,2025-12-03,2025-12-24,2025-12-18
E100749,339,204,MED-ROU,2026-06-02,2026-06-16,2026-06-21
E100842,338,67,MED-VIL,2026-01-04,2026-01-11,2026-01-06
E103668,104,116,MED-VIL,2026-06-13,2026-06-27,2026-06-14
E100871,369,168,MED-TOU,2026-08-27,2026-09-03,2026-08-29
E101917,207,165,MED-ROU,2025-11-02,2025-11-16,2025-11-13
E104690,12,65,MED-ROU,2025-10-04,2025-10-25,2025-10-12
E102353,397,95,MED-SEC,2025-09-17,2025-10-01,2025-09-27
E101231,308,119,MED-ARM,2026-01-15,2026-02-05,2026-02-01
E101962,193,222,MED-TOU,2026-08-11,2026-09-01,2026-08-30
E101938,385,39,MED-ARM,2026-07-25,2026-08-22,2026-08-12
E101451,227,50,MED-ROU,2025-09-15,2025-10-13,2025-09-26
E100924,315,189,MED-ROU,2026-07-10,2026-07-24,2026-07-11
E102807,412,223,MED-ROU,2026-04-19,2026-04-26,2026-04-22
E101563,89,102,MED-LIL,2026-05-18,2026-06-01,2026-05-20
E101818,419,186,MED-SEC,2026-01-27,2026-02-17,2026-01-28
E100263,289,216,MED-VIL,2026-04-02,2026-04-16,2026-04-20
E104543,155,196,MED-TOU,2026-03-19,2026-04-02,2026-03-22
E103430,35,213,MED-TOU,2026-09-09,2026-09-23,2026-09-18
E102078,163,143,MED-TOU,2025-10-17,2025-11-07,2025-10-18
E103769,353,109,MED-TOU,2026-06-08,2026-06-15,2026-07-03
E101227,368,147,MED-LIL,2026-05-25,2026-06-08,2026-06-04
E102591,140,171,MED-ROU,2026-05-17,2026-05-31,2026-05-29
E102247,157,163,MED-ARM,2026-07-03,2026-07-10,2026-07-08
E103381,305,55,MED-SEC,2026-02-11,2026-02-18,2026-02-15
E100732,136,83,MED-SEC,2026-08-03,2026-08-17,2026-08-04
E104426,60,172,MED-VIL,2025-11-03,2025-11-10,2025-11-10
E103322,283,142,MED-TOU,2025-09-08,2025-10-06,2025-09-27
E105144,226,161,MED-LIL,2026-03-01,2026-03-15,2026-03-08
E102747,65,66,MED-SEC,2026-07-12,2026-08-09,2026-07-21
E100605,389,15,MED-ROU,2026-06-07,2026-07-05,2026-06-22
E104790,94,13,MED-LIL,2026-07-22,2026-08-05,2026-07-29
E102481,70,238,MED-TOU,2026-08-21,2026-09-18,2026-09-13
E102861,246,168,MED-TOU,2026-01-05,2026-01-19,
E102323,78,49,MED-LIL,2025-12-18,2026-01-08,2025-12-29
E102117,234,210,MED-TOU,2026-07-06,2026-07-13,2026-07-11
E104298,404,98,MED-LIL,2026-08-10,2026-08-31,2026-09-12
E100275,151,87,MED-ROU,2025-11-30,2025-12-28,2025-12-11
E104198,249,22,MED-TOU,2026-07-09,2026-07-23,2026-07-22
E100197,280,96,MED-ARM,2026-03-01,2026-03-22,2026-03-22
E101919,200,78,MED-TOU,2026-02-01,2026-03-01,2026-02-13
E102347,415,41,MED-ROU,2026-07-06,2026-07-20,2026-07-14
E100464,403,13,MED-LIL,2026-08-14,2026-09-04,2026-08-17
E101967,136,91,MED-ROU,2026-05-04,2026-05-18,2026-05-11
E100137,392,201,MED-ROU,2026-01-15,2026-01-29,2026-01-26
E100659,46,1,MED-LIL,2025-10-07,2025-10-21,2025-10-19
E105164,86,103,MED-ARM,2025-12-25,2026-01-01,2025-12-26
E102011,292,134,MED-ARM,2026-07-14,2026-08-04,2026-07-17
E100335,301,208,MED-VIL,2026-07-08,2026-07-22,2026-07-14
E105105,280,195,MED-ARM,2026-06-16,2026-06-30,2026-06-27
E103196,190,12,MED-ARM,2025-11-28,2025-12-26,2025-12-11
E105012,13,3,MED-ARM,2026-01-16,2026-02-06,2026-01-21
E103377,190,60,MED-LIL,2026-03-18,2026-03-25,2026-03-21
E100944,362,29,MED-ARM,2025-11-15,2025-11-29,2025-11-18
E101721,212,76,MED-LIL,2026-07-28,2026-08-11,2026-08-06
E103990,120,174,MED-SEC,2026-07-06,2026-07-27,2026-07-10
E103526,263,237,MED-SEC,2025-10-04,2025-10-11,2025-10-05
E100652,394,60,MED-LIL,2025-09-09,2025-09-16,2025-09-16
E103951,13,187,MED-SEC,2026-02-09,2026-03-09,2026-02-10
E102884,385,208,MED-VIL,2026-03-27,2026-04-10,2026-04-07
E102112,17,220,MED-TOU,2026-02-16,2026-03-02,2026-03-05
E100117,96,63,MED-LIL,2026-08-26,2026-09-09,2026-09-07
E103306,23,56,MED-LIL,2025-10-13,2025-11-03,2025-11-16
E100180,42,183,MED-ARM,2026-07-01,2026-07-15,2026-07-08
E104390,364,142,MED-TOU,2026-06-11,2026-06-25,2026-06-18
E100642,401,97,MED-VIL,2026-02-22,2026-03-08,2026-02-26
E101478,85,175,MED-TOU,2026-02-07,2026-03-07,2026-02-15
E102480,113,75,MED-TOU,2026-04-13,2026-04-20,2026-04-25
E100567,114,193,MED-ROU,2026-04-04,2026-04-18,2026-04-10
E103163,206,142,MED-TOU,2025-12-01,2025-12-15,2025-12-02
E102943,147,176,MED-TOU,2025-09-12,2025-09-26,2025-09-27
E101294,269,198,MED-SEC,2026-07-27,2026-08-10,2026-08-02
E103406,89,152,MED-LIL,2026-09-10,2026-10-01,2026-09-25
E102319,65,149,MED-LIL,2026-04-30,2026-05-07,2026-05-03
E101674,371,101,MED-VIL,2025-09-29,2025-10-20,2025-11-05
E102115,277,145,MED-SEC,2026-07-21,2026-08-11,2026-08-02
E103560,217,102,MED-LIL,2026-01-27,2026-02-24,2026-01-29
E101062,378,164,MED-SEC,2025-09-04,2025-09-18,2025-09-17
E104565,100,144,MED-TOU,2025-12-09,2025-12-16,2025-12-10
E103495,66,230,MED-LIL,2026-08-29,2026-09-12,2026-09-09
E103190,357,83,MED-SEC,2026-06-15,2026-07-13,2026-07-03
E102541,377,239,MED-TOU,2025-10-19,2025-11-02,2025-10-24
E104049,62,110,MED-LIL,2026-02-05,2026-02-19,2026-02-10
E102906,157,56,MED-LIL,2026-01-07,2026-01-21,2026-01-14
E100737,407,220,MED-TOU,2026-07-11,2026-08-01,2026-07-19
E101660,26,67,MED-VIL,2026-08-13,2026-08-27,2026-08-22
E101557,300,39,MED-ARM,2025-10-24,2025-11-21,2025-11-07
E100124,319,31,MED-LIL,2026-06-23,2026-07-21,2026-07-14
E103034,387,167,MED-SEC,2026-08-15,2026-08-29,2026-09-01
E101864,297,195,MED-ARM,2026-01-21,2026-02-04,2026-01-31
E101692,98,12,MED-ARM,2026-05-01,2026-05-15,2026-05-14
E105106,237,214,MED-SEC,2026-06-22,2026-07-06,2026-07-06
E104111,334,214,MED-SEC,2026-04-18,2026-05-09,2026-04-29
E105048,318,73,MED-ARM,2026-01-28,2026-02-11,2026-02-16
E105094,65,81,MED-TOU,2025-11-12,2025-12-10,2025-11-28
E103522,31,23,MED-TOU,2026-01-20,2026-02-10,2026-02-01
E103051,254,232,MED-TOU,2026-03-05,2026-03-26,2026-03-17
E101169,363,209,MED-LIL,2025-11-21,2025-12-05,2025-12-07
E100192,209,44,MED-TOU,2025-11-28,2025-12-19,2026-01-04
E104254,322,23,MED-TOU,2026-02-25,2026-03-11,2026-03-11
E101064,80,210,MED-TOU,2026-02-21,2026-03-07,2026-03-04
E100730,116,93,MED-ARM,2026-08-17,2026-08-31,2026-09-03
E103995,12,119,MED-ARM,2026-06-08,2026-06-22,2026-06-20
E101835,163,132,MED-VIL,2025-11-08,2025-11-22,2025-11-09
E102280,301,43,MED-ARM,2026-07-11,2026-07-25,2026-07-21
E101296,81,157,MED-VIL,2026-01-22,2026-02-19,2026-02-01
E101040,254,198,MED-SEC,2026-01-24,2026-01-31,2026-02-13
E103529,379,139,MED-ROU,2026-09-07,2026-09-28,2026-09-19
E100070,47,117,MED-TOU,2026-09-09,2026-09-16,2026-09-20
E103686,324,5,MED-LIL,2026-07-09,2026-07-23,2026-07-22
E100653,385,237,MED-SEC,2025-10-28,2025-11-04,2025-11-01
E104435,378,22,MED-TOU,2025-09-13,2025-10-11,2025-10-09
E102743,128,36,MED-TOU,2026-03-10,2026-03-24,2026-03-13
E101199,335,37,MED-ARM,2025-12-03,2025-12-17,2025-12-06
E102629,198,105,MED-ARM,2026-03-03,2026-03-17,2026-03-18
E104825,143,51,MED-ROU,2025-11-02,2025-11-09,2025-11-04
E101305,269,98,MED-LIL,2026-07-31,2026-08-14,2026-08-06
E102924,255,46,MED-SEC,2025-12-14,2026-01-04,2025-12-23
E104216,168,203,MED-TOU,2026-09-10,2026-09-24,2026-09-20
E103943,124,136,MED-ARM,2026-02-15,2026-03-01,2026-03-03
E103839,52,23,MED-TOU,2026-03-04,2026-03-18,2026-03-08
E103558,284,43,MED-ARM,2026-08-19,2026-09-09,2026-08-27
E105159,154,22,MED-TOU,2026-07-08,2026-07-15,2026-07-18
E101865,292,121,MED-ROU,2026-03-13,2026-04-10,2026-04-29
E101947,209,148,MED-VIL,2026-04-29,2026-05-06,2026-05-05
E104460,68,221,MED-ARM,2026-06-27,2026-07-18,2026-07-18
E103249,59,3,MED-ARM,2026-07-30,2026-08-06,2026-08-05
E100727,220,175,MED-TOU,2026-04-13,2026-04-27,2026-04-18
E103874,403,106,MED-TOU,2026-04-20,2026-05-04,2026-04-25
E102900,205,180,MED-ARM,2025-09-28,2025-10-12,2025-10-09
E102611,3,60,MED-LIL,2026-01-03,2026-01-24,2026-02-02
E103578,69,15,MED-ROU,2026-06-16,2026-06-30,2026-06-28
E101263,213,201,MED-ROU,2026-09-07,2026-09-21,2026-09-16
E100215,13,45,MED-LIL,2026-06-24,2026-07-08,2026-06-26
E101621,100,9,MED-ARM,2025-10-31,2025-11-28,2025-11-03
E102864,377,68,MED-ROU,2026-03-04,2026-03-18,2026-03-06
E100247,37,78,MED-TOU,2026-01-17,2026-01-31,2026-01-29
E104059,193,115,MED-VIL,2026-06-06,2026-06-20,2026-06-09
E102630,329,238,MED-TOU,2026-05-04,2026-05-18,2026-05-16
E101754,200,101,MED-VIL,2025-12-24,2026-01-21,2026-01-20
E102509,68,184,MED-TOU,2026-04-06,2026-05-04,2026-04-14
E100901,95,185,MED-LIL,2025-09-07,2025-09-28,2025-09-19
E101310,318,152,MED-LIL,2026-03-20,2026-04-03,2026-03-31
E104726,142,81,MED-TOU,2025-11-24,2025-12-08,2025-12-07
E100912,250,37,MED-ARM,2025-10-17,2025-10-31,2025-10-21
E103625,220,75,MED-TOU,2026-07-04,2026-07-18,2026-07-17
E100353,305,96,MED-ARM,2026-02-22,2026-03-08,2026-02-27
E101704,304,78,MED-TOU,2025-12-22,2025-12-29,2025-12-23
E104364,194,105,MED-ARM,2025-09-22,2025-10-06,2025-10-08
E104501,18,39,MED-ARM,2026-06-03,2026-07-01,2026-07-13
E100515,205,176,MED-TOU,2026-02-28,2026-03-14,2026-03-31
E100572,314,210,MED-TOU,2026-05-15,2026-05-22,2026-05-18
E101543,157,220,MED-TOU,2026-01-19,2026-02-16,2026-01-28
E102707,29,22,MED-TOU,2026-03-07,2026-04-04,
E101386,4,55,MED-SEC,2026-08-03,2026-08-10,2026-08-28
E100913,291,196,MED-TOU,2026-07-19,2026-08-02,2026-07-26
E104409,239,117,MED-TOU,2025-10-09,2025-10-23,2025-10-23
E104531,47,194,MED-ROU,2025-12-21,2026-01-18,2025-12-25
E103362,153,130,MED-SEC,2025-10-26,2025-11-02,2025-10-28
E102657,400,153,MED-TOU,2025-12-03,2025-12-17,2025-12-14
E104679,122,39,MED-ARM,2025-09-20,2025-10-11,2025-10-06
E101723,354,140,MED-ROU,2026-03-06,2026-03-20,
E104862,208,50,MED-ROU,2026-05-20,2026-06-03,
E100300,95,33,MED-VIL,2026-02-03,2026-02-17,
E103250,69,226,MED-ARM,2026-02-21,2026-03-07,2026-02-24
E102052,36,71,MED-SEC,2026-08-24,2026-09-07,2026-09-02
E100150,281,99,MED-ROU,2026-02-07,2026-02-21,2026-02-15
E102438,235,97,MED-VIL,2025-09-29,2025-10-13,2025-10-04
E100434,96,156,MED-SEC,2025-12-25,2026-01-08,2025-12-30
E101745,82,134,MED-ARM,2026-01-29,2026-02-26,2026-01-31
E101073,211,176,MED-TOU,2026-06-23,2026-07-14,2026-06-25
E101094,7,201,MED-ROU,2026-03-31,2026-04-28,2026-04-13
E104278,117,233,MED-VIL,2025-11-15,2025-12-13,2025-12-15
E101731,63,98,MED-LIL,2026-08-27,2026-09-24,2026-09-23
E104570,71,90,MED-TOU,2026-03-29,2026-04-12,2026-04-25
E100837,126,137,MED-ROU,2025-10-11,2025-10-18,2025-10-14
E102099,219,190,MED-TOU,2026-09-03,2026-09-10,2026-09-04
E105112,376,238,MED-TOU,2026-08-18,2026-09-15,2026-08-31
E101112,32,215,MED-TOU,2026-05-24,2026-06-07,2026-06-05
E103483,173,141,MED-ROU,2026-05-16,2026-05-30,2026-05-28
E102533,41,88,MED-ARM,2026-03-21,2026-04-04,2026-03-23
E104475,42,131,MED-LIL,2026-02-15,2026-03-15,2026-02-25
E103547,264,226,MED-ARM,2026-05-28,2026-06-04,2026-06-04
E102662,324,94,MED-VIL,2025-11-10,2025-12-08,2025-11-29
E103881,68,38,MED-VIL,2025-12-27,2026-01-17,2026-01-02
E102131,311,111,MED-ROU,2026-04-09,2026-04-23,2026-04-11
E103821,281,109,MED-TOU,2025-10-04,2025-11-01,2025-10-14
E101271,372,67,MED-VIL,2026-05-27,2026-06-17,2026-06-18
E100067,38,85,MED-LIL,2026-04-20,2026-05-11,2026-04-25
E101843,261,146,MED-ROU,2025-10-23,2025-11-06,2025-10-24
E103373,366,163,MED-ARM,2026-07-02,2026-07-09,2026-07-03
E104785,203,72,MED-VIL,2025-10-13,2025-10-27,2025-10-27
E103371,306,209,MED-LIL,2025-09-13,2025-10-04,2025-10-07
E101039,398,97,MED-VIL,2026-07-13,2026-07-27,2026-07-18
E104701,76,193,MED-ROU,2026-05-13,2026-06-03,2026-05-17
E103643,117,33,MED-VIL,2025-09-17,2025-09-24,2025-09-23
E102126,309,104,MED-LIL,2026-02-01,2026-03-01,2026-02-20
E102690,156,140,MED-ROU,2025-11-04,2025-11-25,2025-11-26
E104696,215,142,MED-TOU,2025-09-21,2025-10-19,2025-10-12
E100253,167,135,MED-ARM,2025-11-01,2025-11-15,2025-11-04
E103434,188,58,MED-TOU,2025-09-10,2025-10-08,2025-09-28
E101257,372,226,MED-ARM,2026-07-04,2026-07-25,2026-07-24
E103268,164,112,MED-LIL,2025-09-21,2025-09-28,2025-09-22
E102094,396,134,MED-ARM,2026-07-13,2026-08-10,2026-07-31
E100629,391,69,MED-ROU,2026-03-23,2026-04-13,2026-04-13
E104559,188,146,MED-ROU,2026-06-01,2026-06-15,2026-06-13
E102567,145,95,MED-SEC,2026-06-20,2026-07-11,2026-07-02
E103810,97,33,MED-VIL,2026-01-16,2026-01-30,2026-01-17
E104284,28,175,MED-TOU,2026-02-16,2026-02-23,2026-02-21
E103241,20,238,MED-TOU,2026-08-19,2026-09-02,2026-08-23
E104138,386,25,MED-TOU,2026-03-19,2026-04-02,2026-03-29
E100987,356,69,MED-ROU,2026-08-19,2026-09-09,2026-09-03
E101656,178,218,MED-VIL,2026-01-06,2026-01-27,2026-01-20
E103290,404,35,MED-TOU,2026-03-28,2026-04-11,2026-04-09
E104306,157,108,MED-SEC,2025-11-29,2025-12-13,2025-12-19
E101187,376,58,MED-TOU,2025-10-12,2025-10-26,2025-10-13
E102751,76,105,MED-ARM,2026-07-07,2026-07-21,2026-07-11
E104393,166,125,MED-ROU,2025-09-24,2025-10-15,2025-10-02
E100623,55,59,MED-ROU,2025-09-21,2025-10-19,2025-10-20
E100363,10,179,MED-SEC,2026-01-15,2026-02-05,2026-01-17
E104264,148,204,MED-ROU,2026-05-21,2026-06-04,2026-06-14
E105156,18,188,MED-ROU,2026-01-12,2026-01-26,2026-02-09
E104875,380,202,MED-LIL,2025-11-10,2025-12-01,2025-12-08
E101405,49,98,MED-LIL,2026-05-17,2026-06-14,2026-06-10
E104311,358,132,MED-VIL,2026-01-10,2026-01-17,2026-01-27
E103292,338,176,MED-TOU,2026-08-21,2026-09-11,2026-09-27
E104563,8,146,MED-ROU,2025-09-03,2025-10-01,2025-09-28
E103074,27,4,MED-ARM,2025-10-05,2025-10-19,2025-10-10
E104568,114,45,MED-LIL,2026-03-18,2026-04-15,2026-03-29
E104668,47,64,MED-ARM,2026-01-02,2026-01-16,2026-01-05
E103390,135,135,MED-ARM,2025-09-24,2025-10-08,2025-09-25
E100608,376,149,MED-LIL,2026-03-03,2026-03-17,2026-03-06
E101032,342,105,MED-ARM,2026-04-18,2026-04-25,2026-04-22
E104260,419,54,MED-TOU,2026-07-25,2026-08-08,2026-07-30
E101125,302,143,MED-TOU,2026-06-14,2026-07-05,2026-07-04
E102031,200,21,MED-TOU,2025-10-13,2025-10-20,2025-10-20
E102530,174,220,MED-TOU,2025-12-28,2026-01-04,2026-01-03
E100540,79,169,MED-ARM,2026-05-04,2026-06-01,2026-05-17
E105087,42,41,MED-ROU,2025-10-23,2025-11-20,2025-11-13
E102866,164,28,MED-SEC,2026-01-14,2026-01-28,2026-01-26
E104492,369,131,MED-LIL,2026-04-01,2026-04-15,2026-04-12
E101098,327,64,MED-ARM,2025-12-07,2026-01-04,2025-12-18
E100639,161,90,MED-TOU,2026-05-05,2026-05-19,2026-05-08
E101602,390,143,MED-TOU,2026-03-23,2026-03-30,2026-03-29
E104982,247,3,MED-ARM,2026-05-11,2026-05-25,2026-05-20
E102693,195,56,MED-LIL,2026-03-26,2026-04-09,2026-04-05
E103592,366,23,MED-TOU,2025-11-04,2025-12-02,2025-11-29
E101327,47,187,MED-SEC,2026-08-16,2026-09-06,2026-09-04
E104902,388,8,MED-ARM,2026-06-28,2026-07-12,2026-06-29
E102783,290,107,MED-VIL,2025-10-15,2025-10-29,2025-10-26
E104640,371,119,MED-ARM,2026-05-29,2026-06-05,2026-06-08
E102251,91,183,MED-ARM,2026-06-07,2026-06-21,2026-06-20
E101518,200,58,MED-TOU,2026-01-09,2026-01-16,2026-01-18
E100005,166,66,MED-SEC,2026-04-03,2026-04-10,2026-04-07
E103925,264,158,MED-TOU,2026-03-30,2026-04-27,2026-04-09
E105043,360,214,MED-SEC,2025-12-30,2026-01-20,2026-01-02
E100013,203,87,MED-ROU,2026-04-30,2026-05-28,2026-05-28
E100207,245,195,MED-ARM,2026-03-25,2026-04-08,2026-04-09
E101418,330,46,MED-SEC,2025-11-20,2025-12-18,2025-12-23
E100071,98,191,MED-SEC,2026-08-04,2026-08-25,2026-08-21
E102178,292,110,MED-LIL,2026-07-12,2026-08-09,2026-08-01
E102666,191,137,MED-ROU,2026-07-18,2026-08-01,2026-08-03
E102961,393,186,MED-SEC,2025-12-24,2026-01-07,2026-01-02
E102070,11,159,MED-ARM,2026-08-29,2026-09-12,2026-09-05
E101841,319,75,MED-TOU,2026-08-12,2026-08-26,2026-08-25
E104886,298,230,MED-LIL,2025-12-24,2026-01-14,2025-12-29
E101114,12,171,MED-ROU,2025-09-20,2025-09-27,2025-09-26
E101840,242,8,MED-ARM,2026-03-16,2026-04-06,2026-04-07
E104677,27,89,MED-LIL,2026-09-06,2026-09-20,2026-09-20
E105111,302,235,MED-SEC,2026-03-15,2026-03-22,2026-03-19
E101506,11,237,MED-SEC,2026-08-28,2026-09-04,2026-08-29
E105065,133,230,MED-LIL,2025-09-10,2025-09-24,2025-09-18
E100887,8,198,MED-SEC,2026-03-27,2026-04-17,2026-04-03
E100777,11,100,MED-TOU,2026-03-17,2026-04-07,2026-03-18
E101290,106,15,MED-ROU,2026-01-03,2026-01-17,2026-01-16
E104670,234,204,MED-ROU,2026-09-03,2026-09-17,2026-09-08
E101460,414,51,MED-ROU,2026-01-15,2026-01-29,2026-01-23
E104227,222,70,MED-TOU,2026-05-31,2026-06-14,2026-06-03
E104034,7,142,MED-TOU,2025-10-05,2025-10-26,2025-10-21
E103997,93,137,MED-ROU,2026-02-12,2026-02-26,2026-02-24
E101177,22,30,MED-ROU,2026-05-10,2026-05-24,2026-05-12
E103877,384,200,MED-VIL,2026-09-11,2026-10-09,2026-09-17
E104591,180,150,MED-LIL,2025-10-16,2025-11-13,2025-11-06
E104903,21,23,MED-TOU,2026-08-01,2026-08-29,2026-09-13
E102777,277,170,MED-TOU,2026-01-19,2026-02-02,2026-02-20
E103512,285,234,MED-LIL,2026-08-21,2026-09-04,2026-08-28
E101592,320,48,MED-VIL,2025-12-17,2025-12-31,2025-12-29
E102436,248,148,MED-VIL,2026-06-02,2026-06-16,2026-06-10
E100384,214,163,MED-ARM,2025-11-14,2025-11-28,2025-11-24
E104740,363,46,MED-SEC,2025-11-23,2025-11-30,2025-11-28
E101005,178,39,MED-ARM,2026-07-27,2026-08-10,2026-07-29
E101549,202,86,MED-LIL,2025-10-26,2025-11-09,2025-11-17
E104921,10,204,MED-ROU,2025-09-25,2025-10-09,2025-10-08
E100997,376,194,MED-ROU,2025-12-05,2026-01-02,2025-12-12
E104053,174,75,MED-TOU,2026-05-10,2026-05-24,2026-05-21
E103039,134,116,MED-VIL,2026-07-30,2026-08-20,2026-08-08
E103284,284,171,MED-ROU,2025-09-06,2025-09-20,2025-09-08
E101945,23,231,MED-SEC,2026-08-25,2026-09-22,
E104148,399,182,MED-TOU,2026-05-14,2026-05-28,2026-05-27
E103631,327,99,MED-ROU,2025-09-11,2025-09-25,2025-09-23
E103913,374,97,MED-VIL,2026-02-02,2026-02-16,2026-02-08
E102218,81,121,MED-ROU,2026-08-08,2026-08-15,2026-08-10
E104868,409,3,MED-ARM,2025-10-08,2025-11-05,2025-10-18
E100370,78,151,MED-VIL,2025-10-01,2025-10-15,2025-10-06
E101623,71,209,MED-LIL,2026-04-17,2026-05-08,2026-05-06
E103574,349,76,MED-LIL,2025-09-03,2025-09-24,2025-09-19
E100996,24,209,MED-LIL,2025-12-16,2025-12-30,2025-12-30
E104987,28,167,MED-SEC,2026-05-05,2026-05-19,2026-05-12
E100721,11,109,MED-TOU,2026-04-13,2026-04-20,2026-04-19
E104624,151,208,MED-VIL,2026-01-04,2026-01-18,2026-01-18
E103716,35,15,MED-ROU,2025-09-17,2025-10-01,2025-09-27
E101628,13,90,MED-TOU,2026-07-17,2026-07-24,2026-07-18
E101773,154,46,MED-SEC,2025-09-22,2025-10-20,2025-10-25
E103116,291,42,MED-ARM,2026-08-31,2026-09-07,2026-09-04
E105103,16,212,MED-LIL,2026-08-18,2026-09-01,2026-08-26
E101030,98,152,MED-LIL,2026-09-09,2026-09-23,2026-09-13
E103924,153,82,MED-LIL,2025-09-08,2025-09-29,2025-09-19
E101000,46,145,MED-SEC,2026-06-14,2026-07-12,2026-07-04
E104934,258,236,MED-ARM,2026-04-15,2026-05-06,2026-05-16
E100796,222,121,MED-ROU,2026-03-23,2026-04-20,2026-04-14
E101718,208,73,MED-ARM,2026-03-10,2026-03-17,2026-03-11
E103013,313,176,MED-TOU,2026-05-30,2026-06-20,2026-06-21
E102669,337,107,MED-VIL,2025-11-08,2025-11-22,2025-11-17
E101216,210,185,MED-LIL,2026-05-21,2026-06-18,2026-05-27
E104717,218,185,MED-LIL,2026-07-09,2026-07-23,2026-07-14
E101573,365,217,MED-LIL,2025-11-23,2025-12-14,2025-12-04
E103151,56,54,MED-TOU,2026-06-20,2026-06-27,2026-07-08
E103210,92,81,MED-TOU,2026-08-04,2026-08-11,2026-08-08
E104137,360,46,MED-SEC,2025-12-29,2026-01-26,2025-12-30
E105145,340,92,MED-ROU,2026-07-20,2026-08-10,2026-07-28
E103879,250,65,MED-ROU,2026-07-24,2026-08-07,2026-07-27
E102706,67,89,MED-LIL,2026-07-05,2026-08-02,2026-07-08
E100544,59,79,MED-ARM,2026-02-25,2026-03-18,2026-02-26
E100925,273,135,MED-ARM,2026-06-20,2026-07-04,2026-06-24
E100886,43,46,MED-SEC,2026-04-04,2026-04-18,2026-04-18
E102868,400,102,MED-LIL,2026-08-29,2026-09-12,2026-09-20
E100246,153,187,MED-SEC,2026-05-03,2026-05-17,2026-05-04
E103048,418,227,MED-TOU,2025-11-15,2025-12-06,2025-11-18
E100145,203,48,MED-VIL,2026-03-01,2026-03-15,2026-03-13
E103583,202,32,MED-SEC,2026-04-22,2026-05-06,2026-05-01
E103286,263,209,MED-LIL,2026-02-26,2026-03-19,2026-03-02
E101096,322,42,MED-ARM,2026-03-28,2026-04-25,2026-04-03
E103319,17,41,MED-ROU,2026-04-20,2026-05-04,2026-05-05
E103599,375,64,MED-ARM,2025-12-01,2025-12-15,
E104594,296,58,MED-TOU,2025-12-16,2026-01-06,2026-01-03
E103746,291,211,MED-VIL,2025-12-19,2026-01-02,2025-12-28
E105047,104,67,MED-VIL,2026-08-06,2026-08-20,2026-08-14
E101577,296,75,MED-TOU,2026-03-24,2026-04-21,2026-04-09
E103926,328,9,MED-ARM,2026-08-11,2026-09-08,2026-08-21
E104122,325,235,MED-SEC,2025-12-14,2026-01-11,2025-12-20
E100259,245,76,MED-LIL,2026-03-17,2026-03-31,2026-04-02
E102103,238,121,MED-ROU,2026-06-06,2026-06-20,2026-06-20
E101705,409,208,MED-VIL,2026-03-19,2026-04-02,2026-03-26
E102240,322,185,MED-LIL,2026-04-03,2026-05-01,2026-04-13
E101696,314,191,MED-SEC,2025-10-13,2025-10-27,2025-10-27
E101821,160,62,MED-ARM,2026-03-18,2026-03-25,2026-03-23
E102809,155,176,MED-TOU,2026-07-27,2026-08-17,2026-08-12
E102702,90,131,MED-LIL,2025-09-05,2025-09-19,2025-09-19
E104508,210,191,MED-SEC,2025-10-03,2025-10-17,2025-10-06
E100014,262,120,MED-LIL,2026-03-14,2026-03-28,2026-03-16
E100389,3,27,MED-SEC,2026-07-19,2026-08-02,2026-07-28
E100704,239,51,MED-ROU,2026-04-27,2026-05-11,2026-05-06
E101827,159,53,MED-ARM,2026-07-17,2026-07-31,2026-07-22
E101010,108,120,MED-LIL,2025-09-07,2025-09-21,2025-09-10
E104302,211,220,MED-TOU,2026-03-06,2026-03-13,2026-03-09
E104115,122,177,MED-ROU,2026-02-25,2026-03-11,2026-03-03
E102738,22,29,MED-ARM,2025-10-12,2025-11-09,2025-10-16
E100268,30,187,MED-SEC,2026-07-31,2026-08-07,2026-08-07
E103484,324,192,MED-ARM,2026-08-13,2026-09-10,2026-08-28
E104288,364,163,MED-ARM,2026-01-03,2026-01-31,
E101443,403,80,MED-ROU,2026-04-26,2026-05-10,2026-05-04
E103023,224,203,MED-TOU,2025-10-29,2025-11-12,2025-10-30
E100028,387,235,MED-SEC,2025-09-16,2025-09-23,2025-10-11
E102508,368,197,MED-LIL,2026-01-24,2026-02-14,2026-02-01
E105169,372,226,MED-ARM,2026-04-06,2026-04-13,2026-04-19
E100341,208,162,MED-ROU,2026-08-20,2026-08-27,2026-08-26
E103330,171,37,MED-ARM,2026-08-27,2026-09-10,2026-08-30
E100594,223,78,MED-TOU,2026-01-14,2026-02-04,2026-01-28
E101432,97,136,MED-ARM,2026-04-28,2026-05-19,2026-05-24
E101709,324,98,MED-LIL,2026-02-17,2026-03-03,2026-02-27
E100609,320,2,MED-ARM,2026-07-30,2026-08-27,2026-08-08
E100318,326,91,MED-ROU,2026-03-05,2026-03-19,2026-03-17
E102290,133,77,MED-SEC,2026-08-17,2026-08-31,2026-08-28
E103667,167,25,MED-TOU,2026-05-13,2026-05-20,2026-05-14
E104772,355,127,MED-LIL,2026-05-03,2026-05-17,2026-05-23
E101342,91,5,MED-LIL,2025-10-28,2025-11-04,2025-11-01
E104305,247,131,MED-LIL,2025-09-05,2025-10-03,2025-09-16
E103016,317,237,MED-SEC,2026-07-25,2026-08-08,2026-08-07
E102846,208,239,MED-TOU,2026-09-13,2026-09-27,2026-09-21
E100519,295,148,MED-VIL,2026-08-23,2026-09-20,2026-08-25
E103407,312,130,MED-SEC,2026-04-01,2026-04-29,
E100354,73,200,MED-VIL,2025-12-29,2026-01-05,2026-01-02
E100861,45,228,MED-ROU,2026-03-19,2026-04-02,2026-03-27
E104723,293,199,MED-LIL,2025-09-27,2025-10-18,2025-10-16
E103301,43,36,MED-TOU,2026-07-16,2026-07-23,2026-07-19
E103970,260,149,MED-LIL,2026-06-07,2026-06-21,2026-06-11
E103002,250,184,MED-TOU,2026-03-06,2026-03-20,
E101151,13,125,MED-ROU,2026-08-09,2026-08-16,2026-09-03
E103896,105,182,MED-TOU,2026-02-20,2026-03-06,2026-03-02
E104510,185,238,MED-TOU,2025-10-18,2025-11-01,2025-11-05
E101301,155,141,MED-ROU,2025-12-20,2026-01-10,2025-12-23
E103949,2,29,MED-ARM,2026-04-14,2026-05-12,2026-06-01
E101942,168,177,MED-ROU,2026-01-01,2026-01-22,2026-01-03
E105069,23,118,MED-LIL,2025-10-26,2025-11-09,2025-10-29
E104226,223,108,MED-SEC,2025-11-12,2025-12-10,2025-11-27
E105092,211,133,MED-TOU,2025-10-17,2025-10-31,2025-10-26
E102080,188,177,MED-ROU,2026-08-25,2026-09-15,2026-08-31
E101302,43,229,MED-ROU,2025-12-16,2026-01-13,2026-01-27
E103954,377,111,MED-ROU,2025-09-28,2025-10-12,2025-10-18
E102972,10,154,MED-ARM,2026-04-04,2026-04-11,2026-04-06
E101050,271,121,MED-ROU,2025-10-29,2025-11-26,2025-11-16
E102731,271,3,MED-ARM,2026-02-05,2026-02-19,2026-02-19
E100050,291,190,MED-TOU,2025-12-12,2025-12-26,2025-12-15
E100331,324,152,MED-LIL,2026-06-28,2026-07-12,2026-07-14
E100171,175,144,MED-TOU,2026-02-13,2026-02-27,2026-03-13
E104398,396,17,MED-ARM,2025-12-04,2025-12-18,2025-12-18
E101896,2,16,MED-LIL,2026-02-17,2026-03-17,2026-03-12
E101054,322,84,MED-ROU,2026-08-11,2026-09-08,2026-08-31
E103311,5,113,MED-VIL,2026-09-08,2026-09-29,2026-09-27
E103575,43,148,MED-VIL,2026-08-21,2026-09-04,2026-08-31
E102472,146,128,MED-SEC,2026-04-03,2026-04-10,2026-04-05
E102433,59,60,MED-LIL,2025-09-15,2025-10-06,2025-09-27
E102362,6,202,MED-LIL,2026-06-30,2026-07-28,2026-07-08
E104954,147,183,MED-ARM,2025-09-22,2025-10-06,2025-09-25
E101336,213,202,MED-LIL,2026-05-22,2026-06-05,2026-06-05
E101416,285,218,MED-VIL,2025-11-22,2025-12-20,2025-12-07
E101956,142,121,MED-ROU,2026-02-08,2026-02-15,2026-02-09
E101925,201,157,MED-VIL,2025-10-06,2025-11-03,2025-10-31
E103804,304,123,MED-ARM,2026-07-16,2026-08-13,2026-07-23
E102842,381,112,MED-LIL,2026-03-03,2026-03-17,2026-03-14
E101148,16,21,MED-TOU,2025-10-08,2025-10-29,2025-10-29
E102083,116,219,MED-TOU,2026-08-03,2026-08-17,2026-08-05
E104526,371,184,MED-TOU,2026-02-07,2026-02-21,2026-02-15
E100503,2,63,MED-LIL,2026-05-29,2026-06-19,2026-05-30
E103223,109,117,MED-TOU,2025-11-02,2025-11-23,2025-11-18
E103828,16,117,MED-TOU,2025-12-19,2026-01-02,2025-12-25
E102933,256,121,MED-ROU,2026-01-09,2026-02-06,2026-02-05
E100849,193,101,MED-VIL,2025-12-27,2026-01-10,2026-01-05
E102883,88,199,MED-LIL,2025-12-11,2026-01-08,2025-12-14
E100360,110,18,MED-ARM,2026-01-02,2026-01-16,2026-01-25
E102187,343,218,MED-VIL,2026-01-01,2026-01-22,2026-01-03
E103457,35,196,MED-TOU,2025-11-21,2025-12-05,2025-12-05
E103160,302,8,MED-ARM,2025-10-24,2025-11-07,2025-10-25
E103885,51,71,MED-SEC,2025-09-14,2025-09-28,2025-09-29
E102004,281,142,MED-TOU,2026-01-22,2026-02-05,2026-02-23
E100706,305,213,MED-TOU,2026-02-15,2026-03-01,2026-02-17
E104786,220,22,MED-TOU,2026-07-08,2026-08-05,2026-07-13
E101606,31,123,MED-ARM,2026-03-06,2026-03-20,2026-03-07
E104913,154,98,MED-LIL,2025-09-11,2025-09-25,2025-09-28
E100910,68,184,MED-TOU,2026-08-13,2026-09-10,2026-09-09
E103655,13,90,MED-TOU,2025-10-16,2025-10-30,2025-10-27
E102863,248,169,MED-ARM,2025-12-17,2026-01-14,
E101640,363,218,MED-VIL,2025-09-28,2025-10-05,2025-10-02
E103955,349,106,MED-TOU,2025-12-01,2025-12-29,2025-12-03
E103222,297,233,MED-VIL,2025-09-23,2025-10-14,2025-10-08
E100539,82,207,MED-TOU,2026-09-14,2026-09-28,2026-10-10
E101276,137,219,MED-TOU,2026-02-25,2026-03-11,2026-03-06
E104707,166,22,MED-TOU,2025-11-22,2025-12-06,2025-12-03
E104184,93,225,MED-TOU,2026-07-26,2026-08-16,2026-08-07
E100844,231,54,MED-TOU,2026-07-21,2026-08-18,2026-07-29
E102555,11,94,MED-VIL,2026-04-26,2026-05-17,2026-04-27
E103732,11,68,MED-ROU,2025-11-14,2025-12-12,2025-12-08
E101358,137,223,MED-ROU,2026-08-08,2026-08-22,2026-08-17
E100081,240,97,MED-VIL,2026-07-26,2026-08-02,2026-08-02
E102320,394,142,MED-TOU,2025-11-21,2025-12-19,2025-12-02
E103267,28,169,MED-ARM,2026-02-04,2026-02-11,2026-02-09
E100779,108,32,MED-SEC,2025-10-07,2025-11-04,2025-10-25
E102128,242,222,MED-TOU,2026-08-12,2026-08-26,2026-08-22
E103104,106,78,MED-TOU,2026-06-01,2026-06-08,2026-06-04
E103832,346,203,MED-TOU,2026-08-09,2026-08-16,2026-08-12
E104169,207,151,MED-VIL,2026-02-02,2026-02-16,
E105123,46,177,MED-ROU,2026-09-03,2026-09-24,2026-09-21
E102885,30,207,MED-TOU,2026-04-06,2026-04-27,2026-04-12
E100553,1,219,MED-TOU,2026-03-28,2026-04-25,2026-04-17
E101317,23,157,MED-VIL,2026-04-17,2026-05-15,2026-05-01
E101222,141,113,MED-VIL,2026-09-16,2026-09-30,2026-09-17
E100712,171,213,MED-TOU,2026-01-20,2026-02-10,2026-02-04
E102454,11,72,MED-VIL,2026-04-23,2026-05-14,2026-05-04
E100851,204,214,MED-SEC,2026-04-09,2026-04-23,
E103019,37,196,MED-TOU,2025-12-31,2026-01-14,2026-01-01
E100878,218,47,MED-VIL,2026-05-05,2026-05-19,2026-05-12
E102905,23,138,MED-LIL,2026-01-23,2026-02-06,2026-02-05
E103352,93,79,MED-ARM,2025-12-30,2026-01-13,2026-01-13
E103435,204,78,MED-TOU,2025-11-16,2025-11-30,2025-11-19
E104083,331,167,MED-SEC,2026-03-10,2026-04-07,2026-04-10
E105129,392,202,MED-LIL,2025-09-05,2025-09-19,2025-09-06
E104545,111,210,MED-TOU,2026-02-27,2026-03-20,2026-02-28
E104520,219,111,MED-ROU,2026-03-28,2026-04-11,2026-04-01
E104185,103,202,MED-LIL,2026-06-24,2026-07-08,2026-07-06
E102385,409,156,MED-SEC,2026-06-21,2026-07-05,2026-07-11
E104252,376,101,MED-VIL,2026-05-23,2026-06-20,
E104485,282,227,MED-TOU,2026-02-01,2026-02-15,2026-03-06
E102803,136,202,MED-LIL,2026-02-19,2026-02-26,2026-02-20
E102652,378,238,MED-TOU,2026-03-31,2026-04-14,2026-04-07
E103058,279,200,MED-VIL,2026-04-28,2026-05-12,2026-05-16
E102608,199,49,MED-LIL,2026-01-06,2026-01-13,2026-01-07
E103797,34,172,MED-VIL,2025-11-09,2025-11-30,2025-11-22
E100279,262,133,MED-TOU,2026-04-23,2026-05-07,2026-04-30
E101058,339,69,MED-ROU,2025-12-06,2025-12-27,2025-12-16
E101375,326,47,MED-VIL,2026-01-23,2026-02-13,2026-02-08
E100460,289,203,MED-TOU,2026-07-30,2026-08-13,
E103159,349,17,MED-ARM,2026-07-07,2026-07-14,2026-07-10
E104430,219,52,MED-ARM,2026-03-01,2026-03-15,2026-03-18
E104734,197,37,MED-ARM,2026-03-26,2026-04-23,2026-03-29
E100783,117,56,MED-LIL,2026-07-09,2026-07-23,2026-07-10
E100911,254,125,MED-ROU,2025-10-19,2025-11-02,2025-10-26
E101929,35,209,MED-LIL,2025-10-13,2025-10-27,2025-10-14
E101521,348,79,MED-ARM,2026-05-13,2026-05-27,2026-05-17
E104538,389,176,MED-TOU,2026-08-16,2026-08-30,2026-08-21
E102158,250,119,MED-ARM,2026-01-04,2026-02-01,2026-01-29
E100554,90,181,MED-ARM,2026-07-21,2026-08-04,2026-07-30
E101063,358,4,MED-ARM,2026-04-03,2026-04-17,2026-04-15
E100986,190,24,MED-VIL,2025-11-05,2025-11-19,2025-11-18
E101206,297,88,MED-ARM,2026-07-07,2026-07-21,2026-07-13
E102577,185,51,MED-ROU,2026-07-24,2026-08-07,2026-08-06
E105044,31,44,MED-TOU,2025-09-22,2025-10-06,2025-10-04
E100446,181,88,MED-ARM,2026-02-28,2026-03-14,2026-03-04
E103817,276,193,MED-ROU,2026-02-07,2026-03-07,2026-02-14
E100156,244,13,MED-LIL,2026-03-22,2026-04-05,2026-03-25
E102025,269,101,MED-VIL,2026-04-19,2026-05-10,2026-04-28
E104950,378,45,MED-LIL,2026-09-14,2026-09-28,2026-09-23
E100748,131,105,MED-ARM,2026-03-05,2026-03-19,2026-03-14
E100373,72,149,MED-LIL,2026-02-03,2026-02-17,2026-02-05
E102348,173,107,MED-VIL,2026-03-20,2026-04-03,2026-04-03
E102554,414,142,MED-TOU,2026-03-24,2026-03-31,2026-03-26
E102390,54,33,MED-VIL,2026-06-03,2026-06-17,2026-06-06
E100660,384,121,MED-ROU,2025-11-02,2025-11-23,2025-11-14
E102263,153,92,MED-ROU,2025-10-13,2025-10-27,2025-10-22
E102253,72,119,MED-ARM,2026-06-05,2026-06-12,2026-06-15
E101281,77,63,MED-LIL,2026-08-31,2026-09-14,2026-09-22
E103678,12,77,MED-SEC,2025-10-29,2025-11-05,2025-11-03
E101055,411,12,MED-ARM,2026-05-03,2026-05-17,2026-05-17
E100627,114,86,MED-LIL,2026-08-31,2026-09-14,2026-09-24
E104544,305,93,MED-ARM,2026-02-16,2026-03-02,2026-02-23
E103789,408,45,MED-LIL,2026-09-03,2026-09-10,2026-09-05
E100035,415,9,MED-ARM,2026-03-23,2026-04-06,2026-04-02
E102757,246,120,MED-LIL,2025-10-03,2025-10-17,2025-10-17
E101234,19,203,MED-TOU,2026-02-04,2026-02-18,2026-02-11
E103816,118,132,MED-VIL,2025-11-06,2025-11-27,2025-11-19
E104300,79,198,MED-SEC,2026-05-12,2026-05-26,2026-05-16
E103750,181,236,MED-ARM,2026-07-16,2026-08-06,2026-08-05
E102315,156,188,MED-ROU,2026-07-30,2026-08-06,2026-08-09
E102732,332,84,MED-ROU,2026-03-26,2026-04-02,2026-03-30
E104217,143,6,MED-SEC,2026-02-11,2026-02-25,2026-02-21
E100210,384,224,MED-TOU,2026-07-16,2026-07-23,2026-07-22
E102477,209,178,MED-ARM,2026-05-08,2026-05-15,2026-05-11
E105031,4,216,MED-VIL,2025-12-30,2026-01-27,2025-12-31
E103624,72,160,MED-TOU,2026-09-05,2026-09-19,2026-09-13
E100725,38,10,MED-LIL,2026-07-18,2026-08-01,2026-08-01
E102760,95,176,MED-TOU,2026-07-19,2026-08-02,2026-07-24
E105189,306,228,MED-ROU,2026-02-27,2026-03-06,2026-02-28
E103355,376,238,MED-TOU,2026-05-30,2026-06-13,2026-06-07
E102901,377,239,MED-TOU,2026-09-12,2026-09-26,2026-09-18
E103329,306,127,MED-LIL,2025-09-23,2025-10-07,2025-10-08
E101134,28,118,MED-LIL,2026-07-19,2026-08-09,2026-08-19
E105100,272,8,MED-ARM,2026-09-11,2026-09-25,2026-09-13
E103778,290,214,MED-SEC,2026-09-05,2026-09-26,2026-09-15
E104891,227,148,MED-VIL,2026-07-19,2026-08-09,2026-08-22
E102273,13,214,MED-SEC,2026-03-19,2026-04-02,2026-03-22
E103303,285,203,MED-TOU,2025-09-13,2025-09-27,2025-09-16
E103760,66,71,MED-SEC,2026-03-21,2026-04-11,2026-04-30
E102462,10,5,MED-LIL,2026-04-21,2026-05-19,2026-05-12
E105168,153,90,MED-TOU,2026-03-22,2026-04-05,2026-03-25
E105128,220,39,MED-ARM,2025-10-11,2025-10-25,2025-10-14
E104983,195,60,MED-LIL,2026-01-17,2026-01-31,2026-01-18
E103711,347,153,MED-TOU,2025-10-17,2025-10-31,2025-10-24
E102304,338,101,MED-VIL,2026-05-29,2026-06-12,2026-06-11
E101392,414,31,MED-LIL,2025-09-09,2025-09-23,2025-09-22
E101042,278,98,MED-LIL,2026-04-16,2026-05-07,2026-04-24
E104936,370,105,MED-ARM,2025-09-10,2025-10-08,2025-09-19
E101814,195,118,MED-LIL,2026-06-08,2026-06-29,2026-06-28
E100953,314,47,MED-VIL,2026-08-05,2026-08-19,2026-08-18
E101431,103,120,MED-LIL,2025-10-04,2025-11-01,2025-10-23
E104133,41,173,MED-ARM,2026-08-12,2026-09-09,2026-09-07
E103899,283,67,MED-VIL,2026-07-31,2026-08-07,2026-08-07
E101492,36,167,MED-SEC,2026-08-03,2026-08-31,2026-09-06
E103353,227,68,MED-ROU,2026-02-13,2026-02-20,2026-02-20
E104939,340,228,MED-ROU,2025-09-02,2025-09-16,2025-09-25
E105015,149,231,MED-SEC,2026-03-18,2026-04-01,2026-03-28
E101207,78,36,MED-TOU,2026-04-13,2026-04-27,2026-04-16
E103118,357,87,MED-ROU,2025-09-04,2025-09-18,2025-09-12
E103704,132,170,MED-TOU,2025-11-05,2025-11-19,2025-11-06
E104904,118,160,MED-TOU,2025-11-08,2025-12-06,2025-12-06
E102622,372,119,MED-ARM,2026-06-18,2026-07-02,2026-06-26
E103831,320,5,MED-LIL,2025-09-24,2025-10-08,2025-09-29
E100018,229,202,MED-LIL,2026-01-15,2026-01-29,2026-01-29
E103819,317,37,MED-ARM,2025-11-08,2025-11-22,2025-11-15
E102678,416,22,MED-TOU,2026-02-27,2026-03-13,2026-03-03
E104588,191,176,MED-TOU,2025-09-24,2025-10-01,2025-09-27
E100498,406,45,MED-LIL,2025-11-28,2025-12-12,2025-12-03
E104845,80,143,MED-TOU,2026-03-11,2026-03-25,2026-04-11
E100492,126,47,MED-VIL,2026-06-21,2026-07-05,2026-07-02
E103536,1,232,MED-TOU,2026-08-29,2026-09-26,2026-09-07
E103503,332,142,MED-TOU,2025-09-29,2025-10-06,2025-10-04
E100863,68,58,MED-TOU,2025-10-28,2025-11-11,2025-11-06
E104714,134,200,MED-VIL,2026-03-26,2026-04-09,2026-04-12
E103108,309,217,MED-LIL,2026-03-10,2026-03-24,2026-03-19
E101600,210,186,MED-SEC,2025-12-31,2026-01-28,2026-01-23
E101267,40,92,MED-ROU,2025-11-26,2025-12-10,2025-12-02
E104525,10,98,MED-LIL,2026-02-17,2026-03-03,2026-03-01
E100033,370,101,MED-VIL,2026-07-27,2026-08-10,2026-08-04
E104746,131,181,MED-ARM,2025-09-14,2025-10-12,2025-09-29
E102588,288,148,MED-VIL,2025-09-11,2025-10-09,2025-10-01
E104293,265,66,MED-SEC,2026-01-24,2026-02-14,2026-02-12
E101240,172,217,MED-LIL,2026-08-17,2026-08-31,2026-08-29
E103635,299,163,MED-ARM,2026-02-17,2026-03-03,2026-03-01
E103664,368,207,MED-TOU,2026-09-16,2026-10-14,2026-10-12
E101950,70,33,MED-VIL,2026-03-26,2026-04-02,2026-04-01
E102164,350,2,MED-ARM,2025-11-08,2025-11-15,
E100832,248,78,MED-TOU,2026-04-14,2026-04-28,2026-04-24
E102636,67,84,MED-ROU,2025-11-03,2025-12-01,2025-11-04
E103773,55,55,MED-SEC,2026-02-07,2026-02-14,2026-02-13
E101912,317,88,MED-ARM,2026-09-14,2026-10-05,2026-10-09
E100136,84,55,MED-SEC,2026-08-21,2026-09-04,2026-09-04
E101588,93,68,MED-ROU,2025-11-29,2025-12-13,2025-12-05
E100351,250,56,MED-LIL,2026-01-31,2026-02-21,2026-02-07
E103178,292,168,MED-TOU,2025-11-20,2025-12-11,2025-11-21
E100936,172,47,MED-VIL,2026-08-29,2026-09-12,2026-09-12
E102945,82,18,MED-ARM,2026-03-04,2026-03-18,
E104521,31,182,MED-TOU,2026-02-11,2026-03-04,2026-02-22
E100203,399,191,MED-SEC,2025-09-21,2025-10-12,2025-09-23
E101857,224,54,MED-TOU,2026-04-09,2026-04-23,
E104864,240,95,MED-SEC,2026-04-24,2026-05-01,2026-05-01
E103339,263,235,MED-SEC,2026-08-07,2026-08-28,2026-08-28
E102202,104,102,MED-LIL,2025-11-01,2025-11-15,2025-11-13
E103164,377,135,MED-ARM,2026-05-28,2026-06-11,2026-06-04
E103549,399,95,MED-SEC,2026-06-24,2026-07-15,2026-07-18
E103425,410,136,MED-ARM,2026-08-09,2026-08-16,2026-08-15
E104105,122,28,MED-SEC,2026-07-19,2026-08-02,2026-08-20
E104985,12,167,MED-SEC,2026-05-31,2026-06-14,2026-06-19
E104411,162,5,MED-LIL,2026-07-20,2026-08-17,2026-08-13
E104620,365,151,MED-VIL,2026-01-17,2026-02-07,2026-01-25
E100011,138,89,MED-LIL,2026-07-29,2026-08-19,2026-08-11
E103854,223,13,MED-LIL,2026-03-17,2026-03-31,2026-03-23
E100076,4,88,MED-ARM,2025-09-20,2025-10-11,2025-09-21
E102363,389,219,MED-TOU,2025-09-04,2025-09-18,2025-09-17
E100590,16,110,MED-LIL,2026-09-07,2026-09-21,
E103991,285,143,MED-TOU,2025-11-05,2025-11-12,2025-11-09
E101279,249,102,MED-LIL,2026-02-23,2026-03-09,2026-02-28
E102406,260,153,MED-TOU,2025-09-29,2025-10-27,2025-10-09
E104920,282,90,MED-TOU,2025-12-08,2025-12-22,2026-01-09
E101862,157,146,MED-ROU,2026-04-12,2026-04-26,2026-04-28
E104250,342,130,MED-SEC,2025-11-03,2025-11-17,2025-11-15
E104799,170,208,MED-VIL,2026-01-20,2026-02-03,2026-01-31
E100001,204,117,MED-TOU,2026-06-18,2026-07-16,2026-07-12
E101642,188,29,MED-ARM,2025-11-19,2025-12-03,2025-11-25
E102217,238,97,MED-VIL,2026-04-14,2026-04-28,2026-04-16
E103779,36,27,MED-SEC,2025-12-26,2026-01-09,2025-12-28
E101649,137,134,MED-ARM,2026-02-27,2026-03-13,2026-03-05
E101744,209,54,MED-TOU,2026-02-17,2026-03-03,2026-03-01
E101948,179,16,MED-LIL,2026-08-26,2026-09-09,2026-08-28
E101406,343,73,MED-ARM,2026-02-09,2026-02-23,2026-02-22
E100165,143,7,MED-ARM,2025-10-26,2025-11-09,
E103619,255,235,MED-SEC,2025-10-20,2025-11-03,2025-10-22
E100702,31,181,MED-ARM,2025-11-30,2025-12-14,2025-12-14
E101654,287,142,MED-TOU,2025-09-05,2025-09-19,2025-09-14
E101120,34,150,MED-LIL,2026-08-29,2026-09-05,2026-08-30
E103594,248,140,MED-ROU,2026-02-21,2026-03-07,2026-03-05
E103236,305,190,MED-TOU,2026-03-19,2026-04-09,2026-04-18
E104338,222,223,MED-ROU,2026-02-08,2026-03-01,2026-03-07
E101266,82,125,MED-ROU,2025-11-05,2025-11-26,2025-12-07
E100377,281,231,MED-SEC,2025-11-10,2025-12-08,2025-11-23
E100581,166,38,MED-VIL,2026-05-21,2026-06-04,2026-05-30
E104155,204,50,MED-ROU,2026-05-13,2026-06-03,2026-05-24
E101389,158,226,MED-ARM,2025-12-01,2025-12-15,2025-12-16
E103265,101,142,MED-TOU,2026-04-22,2026-05-20,2026-05-12
E104582,78,50,MED-ROU,2025-09-28,2025-10-05,2025-10-17
E103042,162,235,MED-SEC,2026-05-09,2026-05-23,2026-05-17
E100266,268,163,MED-ARM,2025-10-02,2025-10-09,2025-10-05
E103962,265,95,MED-SEC,2026-03-22,2026-04-19,2026-04-16
E102225,411,52,MED-ARM,2026-01-21,2026-02-04,2026-01-24
E104697,378,170,MED-TOU,2025-11-12,2025-11-26,2025-11-20
E104416,261,68,MED-ROU,2025-12-20,2025-12-27,2026-01-01
E102317,173,121,MED-ROU,2025-12-18,2026-01-08,2025-12-29
E100206,253,173,MED-ARM,2026-05-27,2026-06-17,2026-06-04
E102532,311,158,MED-TOU,2026-07-13,2026-07-27,2026-07-21
E104037,127,31,MED-LIL,2025-10-07,2025-11-04,2025-10-19
E102982,408,98,MED-LIL,2026-03-23,2026-04-20,2026-04-09
E103565,101,145,MED-SEC,2025-10-09,2025-10-23,2025-10-18
E102325,19,84,MED-ROU,2025-10-09,2025-11-06,2025-10-12
E101488,194,147,MED-LIL,2025-09-05,2025-09-19,2025-09-08
E103680,113,194,MED-ROU,2026-04-14,2026-04-28,2026-04-25
E104741,80,182,MED-TOU,2025-09-03,2025-10-01,2025-09-30
E104884,94,117,MED-TOU,2025-11-08,2025-12-06,2025-11-25
E105170,143,195,MED-ARM,2026-06-01,2026-06-08,2026-06-07
E105134,32,156,MED-SEC,2026-02-27,2026-03-27,2026-03-17
E102648,87,127,MED-LIL,2026-06-09,2026-06-23,2026-06-17
E102682,71,138,MED-LIL,2025-10-28,2025-11-11,2025-11-04
E100078,294,5,MED-LIL,2026-06-27,2026-07-11,2026-07-08
E102598,77,115,MED-VIL,2025-09-03,2025-09-17,2025-09-11
E101697,373,156,MED-SEC,2026-02-21,2026-03-07,2026-03-11
E104533,100,167,MED-SEC,2026-03-31,2026-04-14,2026-05-03
E101707,173,137,MED-ROU,2025-12-20,2026-01-03,2025-12-22
E101856,347,77,MED-SEC,2026-09-06,2026-09-20,2026-09-19
E103471,356,60,MED-LIL,2025-10-27,2025-11-10,2025-11-01
E104706,321,30,MED-ROU,2026-07-23,2026-08-13,2026-08-12
E104751,180,111,MED-ROU,2026-02-09,2026-02-23,2026-02-23
E102329,335,193,MED-ROU,2025-09-08,2025-09-22,2025-09-16
E100350,66,55,MED-SEC,2026-07-24,2026-08-07,2026-07-31
E101932,295,168,MED-TOU,2026-03-14,2026-03-28,2026-03-19
E105131,254,23,MED-TOU,2026-08-20,2026-08-27,2026-08-31
E104514,235,196,MED-TOU,2026-06-06,2026-06-20,2026-06-10
E100535,59,64,MED-ARM,2026-04-23,2026-05-07,2026-05-02
E102162,385,205,MED-LIL,2026-06-01,2026-06-22,2026-06-07
E102841,229,193,MED-ROU,2025-11-14,2025-11-28,2025-12-09
E101077,105,59,MED-ROU,2026-09-08,2026-09-22,2026-09-17
E100524,166,87,MED-ROU,2026-04-08,2026-04-29,2026-04-26
E102437,155,164,MED-SEC,2026-02-22,2026-03-08,2026-03-06
E104000,53,173,MED-ARM,2026-01-17,2026-02-14,
E100364,61,66,MED-SEC,2025-10-16,2025-10-30,2025-10-19
E100528,279,99,MED-ROU,2025-11-08,2025-11-22,2025-11-13
E100879,350,49,MED-LIL,2026-05-09,2026-05-23,2026-05-25
E102794,391,62,MED-ARM,2025-10-25,2025-11-08,2025-11-05
E100891,188,174,MED-SEC,2026-07-08,2026-07-22,2026-07-16
E101015,164,32,MED-SEC,2026-07-06,2026-07-20,2026-07-12
E104805,154,104,MED-LIL,2026-05-17,2026-05-31,2026-05-18
E100134,93,113,MED-VIL,2026-01-11,2026-01-25,2026-01-14
E100126,364,50,MED-ROU,2026-04-20,2026-05-04,2026-04-23
E104536,287,225,MED-TOU,2025-11-27,2025-12-18,2025-12-29
E102999,261,19,MED-LIL,2026-05-03,2026-05-10,2026-05-10
E103131,172,49,MED-LIL,2026-02-26,2026-03-05,2026-03-04
E102609,73,32,MED-SEC,2026-05-18,2026-06-01,2026-05-31
E105037,14,89,MED-LIL,2025-10-25,2025-11-15,2025-11-04
E103338,250,176,MED-TOU,2025-10-31,2025-11-14,2025-11-10
E100622,154,134,MED-ARM,2026-02-12,2026-03-05,
E104297,29,2,MED-ARM,2025-10-25,2025-11-08,2025-11-04
E100951,160,173,MED-ARM,2026-06-20,2026-07-04,2026-06-27
E103281,346,230,MED-LIL,2026-07-30,2026-08-13,2026-08-11
E103576,130,187,MED-SEC,2026-07-20,2026-08-10,2026-07-31
E104694,44,40,MED-LIL,2025-12-11,2025-12-25,2025-12-25
E102862,417,88,MED-ARM,2026-04-14,2026-05-05,2026-04-15
E100801,253,55,MED-SEC,2026-03-03,2026-03-10,2026-03-07
E103688,395,203,MED-TOU,2026-09-02,2026-09-16,2026-09-11
E100625,107,56,MED-LIL,2026-04-28,2026-05-12,2026-05-07
E104434,306,118,MED-LIL,2025-11-28,2025-12-12,2025-12-07
E102410,331,190,MED-TOU,2025-10-08,2025-10-22,2025-10-17
E101053,99,112,MED-LIL,2025-12-21,2026-01-11,2026-01-04
E100224,416,191,MED-SEC,2026-03-17,2026-03-31,2026-03-29
E100058,167,104,MED-LIL,2025-09-15,2025-09-22,2025-09-21
E105193,315,80,MED-ROU,2026-05-29,2026-06-05,2026-06-10
E101291,54,220,MED-TOU,2025-11-17,2025-12-01,2025-11-29
E104777,46,29,MED-ARM,2026-05-30,2026-06-06,2026-06-22
E103763,215,70,MED-TOU,2026-03-26,2026-04-09,2026-03-27
E104672,270,182,MED-TOU,2025-12-25,2026-01-01,2025-12-27
E104709,335,18,MED-ARM,2026-03-16,2026-04-13,2026-03-27
E102958,269,81,MED-TOU,2025-09-22,2025-10-20,2025-10-09
E101214,297,214,MED-SEC,2025-11-04,2025-11-11,2025-11-06
E103739,257,155,MED-ARM,2026-07-15,2026-07-29,2026-07-24
E102745,331,209,MED-LIL,2026-04-23,2026-05-14,2026-05-07
E100867,392,55,MED-SEC,2026-05-31,2026-06-07,2026-06-04
E104826,315,36,MED-TOU,2026-07-07,2026-07-14,2026-07-17
E103724,122,158,MED-TOU,2026-05-04,2026-05-11,2026-05-16
E103818,175,192,MED-ARM,2026-04-03,2026-04-17,2026-04-17
E100258,380,133,MED-TOU,2026-05-05,2026-06-02,2026-06-05
E103775,333,10,MED-LIL,2026-06-11,2026-07-09,2026-06-14
E104769,104,191,MED-SEC,2025-09-12,2025-09-19,2025-09-19
E100139,325,240,MED-ROU,2025-09-18,2025-10-02,2025-09-28
E101972,53,145,MED-SEC,2026-02-27,2026-03-13,2026-03-04
E103630,114,74,MED-ARM,2026-08-24,2026-09-14,2026-09-09
E102230,189,91,MED-ROU,2026-06-18,2026-07-02,2026-06-24
E100635,312,103,MED-ARM,2026-07-10,2026-07-24,2026-07-12
E103650,187,122,MED-LIL,2026-03-19,2026-04-16,2026-04-08
E101035,190,55,MED-SEC,2025-10-08,2025-10-15,2025-10-11
E101230,108,153,MED-TOU,2025-10-15,2025-11-12,2025-11-04
E104087,17,182,MED-TOU,2025-09-13,2025-10-11,2025-09-17
E104806,55,183,MED-ARM,2026-02-22,2026-03-08,2026-03-02
E102938,100,2,MED-ARM,2026-07-31,2026-08-14,2026-08-12
E103801,251,165,MED-ROU,2025-11-16,2025-12-07,2025-11-30
E104732,272,172,MED-VIL,2025-09-26,2025-10-03,2025-09-29
E100461,78,10,MED-LIL,2026-02-12,2026-02-19,2026-02-19
E100430,403,104,MED-LIL,2026-01-19,2026-02-09,2026-01-22
E102491,142,112,MED-LIL,2026-04-24,2026-05-15,2026-04-27
E101681,94,203,MED-TOU,2026-07-21,2026-08-04,2026-07-25
E101413,284,33,MED-VIL,2026-05-31,2026-06-14,2026-06-14
E101176,265,76,MED-LIL,2025-09-10,2025-10-08,2025-10-04
E104454,219,83,MED-SEC,2025-11-11,2025-11-25,2025-11-13
E102549,196,173,MED-ARM,2026-04-14,2026-05-12,2026-04-17
E104901,356,50,MED-ROU,2026-08-21,2026-08-28,2026-08-23
E100432,184,3,MED-ARM,2026-04-07,2026-05-05,2026-04-19
E101286,15,4,MED-ARM,2025-11-01,2025-11-29,2025-11-12
E101529,232,174,MED-SEC,2026-06-28,2026-07-05,2026-07-01
E101217,196,130,MED-SEC,2026-01-29,2026-02-19,2026-02-03
E100216,83,108,MED-SEC,2026-05-06,2026-05-20,2026-05-13
E102132,79,96,MED-ARM,2026-08-03,2026-08-17,2026-08-16
E103394,111,134,MED-ARM,2026-03-27,2026-04-03,2026-04-07
E101777,150,81,MED-TOU,2025-12-24,2026-01-14,2026-01-07
E100696,382,29,MED-ARM,2026-08-14,2026-08-28,2026-08-20
E104793,34,80,MED-ROU,2026-03-17,2026-03-31,2026-03-28
E103936,270,209,MED-LIL,2026-03-27,2026-04-10,2026-04-19
E102066,148,211,MED-VIL,2026-09-01,2026-09-15,2026-09-23
E103581,362,103,MED-ARM,2026-02-19,2026-03-05,2026-02-23
E100282,345,224,MED-TOU,2026-01-13,2026-01-20,2026-01-17
E101446,207,217,MED-LIL,2026-07-17,2026-07-31,2026-08-19
E105127,339,119,MED-ARM,2026-05-13,2026-05-20,2026-05-15
E102756,386,195,MED-ARM,2025-12-27,2026-01-17,2026-01-06
E102806,217,111,MED-ROU,2026-08-15,2026-08-29,2026-09-01
E104127,328,127,MED-LIL,2026-06-12,2026-06-19,2026-06-17
E101146,411,170,MED-TOU,2025-11-29,2025-12-13,2025-12-06
E101560,360,116,MED-VIL,2026-05-02,2026-05-16,2026-06-04
E102593,58,218,MED-VIL,2026-06-18,2026-07-16,2026-07-10
E104828,95,14,MED-SEC,2026-03-31,2026-04-14,2026-04-04
E102687,156,178,MED-ARM,2026-02-22,2026-03-08,2026-03-06
E100024,4,112,MED-LIL,2026-08-23,2026-09-06,2026-08-25
E104242,410,85,MED-LIL,2026-04-17,2026-05-01,2026-04-30
E100221,219,62,MED-ARM,2025-12-08,2026-01-05,2025-12-21
E100307,26,41,MED-ROU,2026-03-02,2026-03-23,2026-03-24
E100689,49,219,MED-TOU,2026-03-07,2026-03-14,2026-03-08
E102838,378,33,MED-VIL,2025-10-04,2025-10-25,2025-10-11
E101710,158,183,MED-ARM,2026-07-06,2026-07-20,2026-07-24
E102153,204,48,MED-VIL,2025-11-25,2025-12-16,2025-12-14
E102672,390,113,MED-VIL,2025-09-26,2025-10-03,2025-10-09
E103917,248,208,MED-VIL,2026-04-09,2026-04-16,2026-04-16
E101590,160,134,MED-ARM,2025-11-09,2025-11-23,2025-11-13
E100241,5,12,MED-ARM,2025-10-13,2025-10-27,
E102822,194,64,MED-ARM,2026-05-27,2026-06-10,2026-06-08
E100477,236,112,MED-LIL,2026-04-26,2026-05-17,2026-05-08
E102045,310,11,MED-TOU,2025-12-29,2026-01-12,2026-01-02
E102120,34,142,MED-TOU,2026-02-26,2026-03-05,2026-03-01
E104674,37,83,MED-SEC,2026-02-11,2026-02-25,2026-02-22
E104070,178,1,MED-LIL,2025-12-12,2025-12-26,2025-12-25
E102020,211,4,MED-ARM,2026-02-28,2026-03-14,2026-03-19
E104937,261,30,MED-ROU,2026-04-06,2026-04-27,2026-04-08
E101908,63,224,MED-TOU,2025-09-27,2025-10-11,2025-10-01
E100043,301,151,MED-VIL,2026-05-26,2026-06-16,2026-05-27
E103882,187,154,MED-ARM,2026-01-26,2026-02-09,2026-02-02
E102468,130,67,MED-VIL,2026-03-29,2026-04-12,2026-03-31
E101192,244,63,MED-LIL,2026-08-08,2026-08-22,2026-08-22
E103666,363,104,MED-LIL,2026-02-09,2026-03-09,2026-03-04
E103620,75,92,MED-ROU,2026-04-24,2026-05-08,2026-04-25
E100902,291,53,MED-ARM,2025-11-17,2025-11-24,2025-11-18
E104487,86,154,MED-ARM,2026-02-11,2026-02-25,2026-02-13
E104333,338,34,MED-SEC,2026-09-02,2026-09-23,2026-09-10
E103636,112,140,MED-ROU,2026-07-28,2026-08-11,2026-07-29
E101800,389,218,MED-VIL,2026-05-06,2026-05-27,2026-06-15
E100190,203,148,MED-VIL,2026-02-05,2026-02-19,2026-02-13
E101162,42,183,MED-ARM,2026-07-30,2026-08-13,2026-08-11
E103675,276,203,MED-TOU,2026-07-06,2026-07-13,2026-07-13
E100065,145,147,MED-LIL,2026-09-03,2026-09-10,2026-09-08
E100976,161,95,MED-SEC,2025-10-05,2025-10-19,2025-10-08
E100382,267,76,MED-LIL,2025-09-20,2025-10-18,2025-10-18
E101047,49,129,MED-TOU,2025-11-22,2025-12-13,2025-12-06
E103206,238,88,MED-ARM,2026-03-21,2026-04-04,2026-03-27
E100051,372,143,MED-TOU,2025-11-20,2025-12-04,2025-12-18
E102949,112,238,MED-TOU,2026-09-07,2026-09-21,2026-09-08
E102872,62,162,MED-ROU,2025-09-01,2025-09-08,2025-09-07
E102548,320,75,MED-TOU,2026-08-20,2026-09-17,2026-08-29
E101119,109,35,MED-TOU,2025-09-10,2025-09-24,2025-09-23
E101314,92,229,MED-ROU,2026-01-10,2026-01-24,2026-01-21
E104101,292,202,MED-LIL,2025-10-11,2025-11-01,2025-10-13
E100187,174,230,MED-LIL,2025-10-14,2025-10-28,2025-10-22
E102255,376,104,MED-LIL,2026-01-26,2026-02-23,2026-02-21
E102334,385,147,MED-LIL,2026-06-15,2026-07-06,2026-07-10
E102663,27,70,MED-TOU,2026-08-20,2026-09-17,2026-09-26
E100610,53,113,MED-VIL,2026-01-06,2026-01-20,2026-01-11
E102572,389,27,MED-SEC,2026-01-09,2026-01-23,2026-01-14
E100803,329,68,MED-ROU,2026-03-06,2026-03-13,2026-03-11
E102101,81,222,MED-TOU,2026-04-29,2026-05-20,2026-05-09
E102130,31,198,MED-SEC,2026-08-19,2026-09-02,2026-08-21
E103857,193,26,MED-SEC,2026-04-19,2026-05-03,2026-05-02
E101024,226,87,MED-ROU,2025-12-21,2026-01-04,2025-12-23
E104599,171,175,MED-TOU,2025-09-09,2025-10-07,2025-09-13
E104765,168,109,MED-TOU,2026-09-07,2026-09-21,2026-10-11
E102351,21,240,MED-ROU,2026-01-17,2026-01-31,2026-01-20
E101437,196,100,MED-TOU,2025-12-14,2026-01-11,2025-12-26
E100404,83,152,MED-LIL,2026-03-12,2026-03-19,2026-03-18
E104569,173,91,MED-ROU,2026-08-26,2026-09-09,2026-09-06
E100964,162,108,MED-SEC,2025-11-29,2025-12-20,2025-12-05
E103122,199,5,MED-LIL,2026-06-09,2026-06-23,2026-06-11
E101658,334,98,MED-LIL,2026-01-07,2026-01-28,2026-01-09
E104283,199,3,MED-ARM,2026-01-30,2026-02-27,2026-02-19
E104796,87,70,MED-TOU,2025-12-05,2025-12-26,2025-12-06
E103679,158,84,MED-ROU,2025-11-05,2025-11-19,2025-11-17
E102615,329,60,MED-LIL,2026-01-21,2026-01-28,2026-01-23
E103516,118,231,MED-SEC,2026-05-28,2026-06-11,2026-06-08
E100236,373,161,MED-LIL,2026-08-09,2026-09-06,2026-08-16
E101995,41,126,MED-VIL,2026-06-28,2026-07-12,2026-07-10
E102076,215,237,MED-SEC,2025-10-18,2025-11-01,
E103344,250,91,MED-ROU,2026-07-21,2026-08-04,2026-08-04
E102736,369,124,MED-ROU,2026-02-05,2026-02-19,2026-02-10
E101456,182,145,MED-SEC,2026-08-19,2026-09-02,2026-08-23
E103055,172,229,MED-ROU,2025-10-28,2025-11-11,2025-11-04
E102355,231,146,MED-ROU,2025-10-28,2025-11-18,2025-11-16
E104157,34,189,MED-ROU,2025-12-09,2025-12-23,2025-12-11
E100511,257,239,MED-TOU,2025-10-13,2025-11-10,2025-10-28
E104502,99,233,MED-VIL,2026-01-30,2026-02-13,2026-03-03
E104897,273,217,MED-LIL,2026-05-22,2026-05-29,2026-06-03
E101495,181,36,MED-TOU,2026-06-26,2026-07-10,2026-07-03
E101139,377,164,MED-SEC,2025-12-23,2026-01-13,2026-01-11
E102447,138,221,MED-ARM,2026-03-21,2026-03-28,2026-03-24
E105192,159,172,MED-VIL,2026-08-03,2026-08-17,2026-08-05
E103927,297,229,MED-ROU,2026-03-10,2026-03-24,2026-03-14
E103070,72,11,MED-TOU,2025-10-23,2025-10-30,2025-11-10
E103942,91,237,MED-SEC,2026-03-01,2026-03-15,2026-03-04
E100456,253,154,MED-ARM,2026-02-26,2026-03-05,2026-03-03
E103708,304,240,MED-ROU,2025-11-11,2025-12-02,2025-11-22
E100459,168,140,MED-ROU,2026-03-01,2026-03-15,2026-03-16
E100167,220,39,MED-ARM,2026-08-04,2026-08-25,2026-08-06
E102619,306,96,MED-ARM,2026-08-07,2026-08-28,2026-08-29
E102948,344,228,MED-ROU,2025-10-21,2025-11-11,2025-10-26
E101097,176,74,MED-ARM,2025-12-17,2025-12-24,2026-01-06
E103304,415,12,MED-ARM,2025-12-20,2026-01-10,2026-01-05
E103219,24,209,MED-LIL,2025-12-09,2025-12-16,2026-01-01
E102265,32,166,MED-LIL,2026-04-24,2026-05-01,2026-04-29
E100811,1,94,MED-VIL,2025-09-10,2025-09-24,2025-09-18
E100068,371,4,MED-ARM,2026-05-30,2026-06-13,2026-06-01
E103473,114,125,MED-ROU,2025-09-20,2025-10-18,2025-09-25
E100881,370,167,MED-SEC,2025-12-08,2025-12-22,2025-12-26
E102633,236,205,MED-LIL,2025-11-25,2025-12-09,2025-12-04
E103416,312,57,MED-LIL,2026-05-21,2026-06-04,2026-05-31
E102920,334,176,MED-TOU,2025-12-07,2025-12-28,2025-12-13
E100942,116,125,MED-ROU,2026-05-18,2026-06-08,2026-05-22
E105013,286,60,MED-LIL,2025-12-06,2025-12-27,2025-12-15
E103204,125,22,MED-TOU,2025-12-13,2025-12-27,2025-12-26
E101892,12,200,MED-VIL,2025-09-19,2025-10-03,2025-09-27
E104938,36,124,MED-ROU,2026-04-11,2026-04-25,2026-05-03
E100824,170,140,MED-ROU,2026-02-11,2026-02-18,2026-03-03
E103706,271,166,MED-LIL,2026-02-05,2026-02-19,2026-02-07
E105070,254,109,MED-TOU,2026-07-21,2026-07-28,2026-07-26
E101440,193,70,MED-TOU,2025-12-05,2025-12-26,2025-12-30
E101414,105,167,MED-SEC,2026-01-12,2026-01-26,2026-01-20
E102152,96,65,MED-ROU,2026-07-03,2026-07-17,
E101242,352,32,MED-SEC,2026-08-27,2026-09-10,2026-09-01
E103622,232,161,MED-LIL,2026-06-26,2026-07-17,2026-07-09
E102393,12,143,MED-TOU,2026-04-30,2026-05-28,2026-05-16
E104420,86,30,MED-ROU,2026-01-12,2026-01-26,2026-01-19
E101311,403,228,MED-ROU,2025-12-28,2026-01-11,2026-01-01
E100892,137,10,MED-LIL,2026-05-21,2026-06-04,2026-05-25
E100506,230,193,MED-ROU,2025-11-23,2025-11-30,2025-11-26
E104840,324,35,MED-TOU,2026-08-22,2026-09-19,2026-09-13
E101368,23,58,MED-TOU,2025-12-04,2025-12-25,2025-12-05
E102986,69,28,MED-SEC,2026-04-15,2026-05-06,2026-05-06
E101339,400,11,MED-TOU,2026-06-26,2026-07-10,2026-07-09
E104907,357,67,MED-VIL,2026-04-26,2026-05-24,2026-06-04
E101575,359,173,MED-ARM,2026-07-25,2026-08-15,2026-07-31
E103836,58,123,MED-ARM,2026-04-20,2026-05-04,2026-04-30
E101324,139,40,MED-LIL,2026-04-15,2026-04-29,2026-04-23
E104194,334,6,MED-SEC,2026-01-12,2026-02-09,2026-01-29
E100233,370,135,MED-ARM,2025-11-10,2025-11-24,2025-11-28
E102063,273,169,MED-ARM,2025-11-26,2025-12-24,2025-12-29
E104574,240,95,MED-SEC,2026-05-24,2026-06-07,2026-05-29
E103869,417,168,MED-TOU,2026-07-10,2026-07-17,2026-07-12
E105064,337,201,MED-ROU,2025-09-30,2025-10-14,2025-10-05
E104447,56,77,MED-SEC,2026-05-14,2026-06-04,2026-06-04
E102726,284,199,MED-LIL,2026-01-03,2026-01-10,2026-01-24
E100527,206,130,MED-SEC,2025-12-01,2025-12-08,2025-12-03
E102978,246,9,MED-ARM,2026-05-31,2026-06-28,2026-06-15
E100223,318,108,MED-SEC,2026-06-24,2026-07-01,2026-06-28
E103931,42,105,MED-ARM,2026-06-18,2026-07-16,2026-07-02
E103982,145,170,MED-TOU,2026-01-10,2026-01-24,2026-01-19
E102786,369,147,MED-LIL,2025-11-19,2025-12-03,2025-11-25
E103470,174,39,MED-ARM,2026-07-07,2026-07-14,2026-07-28
E101585,104,236,MED-ARM,2025-12-05,2025-12-19,2025-12-06
E100423,156,129,MED-TOU,2025-10-14,2025-10-28,2025-10-30
E102107,413,65,MED-ROU,2025-12-03,2025-12-17,2025-12-07
E102573,383,11,MED-TOU,2026-08-19,2026-09-02,2026-08-27
E101142,107,189,MED-ROU,2026-07-31,2026-08-28,2026-08-19
E105034,312,7,MED-ARM,2025-12-02,2025-12-30,2025-12-24
E102062,99,233,MED-VIL,2026-01-03,2026-01-17,2026-02-03
E100086,356,72,MED-VIL,2026-06-09,2026-06-23,2026-06-10
E100738,275,96,MED-ARM,2025-10-25,2025-11-08,
E100954,231,147,MED-LIL,2026-09-08,2026-10-06,2026-09-19
E103294,175,157,MED-VIL,2026-09-03,2026-10-01,2026-09-26
E102695,367,47,MED-VIL,2025-09-26,2025-10-03,2025-10-03
E103734,145,239,MED-TOU,2026-05-24,2026-06-14,2026-05-30
E103150,302,75,MED-TOU,2026-08-08,2026-09-05,2026-08-21
E103124,144,187,MED-SEC,2025-12-20,2025-12-27,2025-12-31
E101210,257,137,MED-ROU,2026-03-15,2026-04-12,2026-04-06
E100365,5,82,MED-LIL,2026-02-04,2026-02-18,2026-02-28
E104441,111,178,MED-ARM,2026-03-22,2026-04-05,2026-04-02
E100858,329,91,MED-ROU,2025-09-08,2025-09-22,2025-10-10
E100819,197,59,MED-ROU,2025-10-19,2025-11-16,2025-11-05
E101954,100,36,MED-TOU,2026-08-01,2026-08-15,2026-08-09
E101197,331,138,MED-LIL,2026-07-10,2026-07-24,2026-08-08
E101920,284,101,MED-VIL,2026-08-09,2026-08-23,2026-08-12
E101959,407,85,MED-LIL,2025-11-13,2025-11-27,2025-12-04
E102149,215,207,MED-TOU,2026-04-05,2026-04-19,2026-04-16
E103920,4,209,MED-LIL,2026-03-01,2026-03-15,2026-03-09
E103903,217,226,MED-ARM,2026-05-24,2026-06-07,2026-06-01
E104336,47,86,MED-LIL,2025-12-08,2025-12-15,2025-12-19
E104307,154,172,MED-VIL,2025-09-18,2025-09-25,2025-09-23
E102425,29,174,MED-SEC,2025-09-25,2025-10-09,
E103382,162,204,MED-ROU,2025-11-25,2025-12-09,2025-11-28
E104199,307,60,MED-LIL,2026-02-28,2026-03-07,2026-03-05
E101787,183,165,MED-ROU,2026-06-16,2026-06-23,2026-07-01
E104593,375,60,MED-LIL,2026-02-03,2026-02-17,2026-02-16
E104186,400,190,MED-TOU,2025-12-12,2025-12-26,2025-12-20
E100785,37,126,MED-VIL,2025-11-28,2025-12-19,2025-12-08
E104611,381,139,MED-ROU,2025-10-21,2025-11-04,2025-11-16
E100752,152,199,MED-LIL,2026-06-01,2026-06-08,2026-06-02
E102013,332,200,MED-VIL,2026-01-06,2026-02-03,2026-01-07
E102502,105,99,MED-ROU,2026-05-04,2026-06-01,2026-05-13
E100472,75,101,MED-VIL,2025-12-08,2025-12-29,2025-12-18
E104894,317,101,MED-VIL,2026-01-30,2026-02-13,2026-01-31
E104852,397,238,MED-TOU,2026-07-16,2026-07-30,2026-07-19
E101115,283,120,MED-LIL,2026-08-29,2026-09-19,2026-09-13
E102709,129,189,MED-ROU,2025-09-30,2025-10-14,2025-10-22
E103264,340,1,MED-LIL,2026-06-14,2026-06-28,2026-06-15
E103404,323,75,MED-TOU,2026-07-14,2026-07-28,2026-07-16
E101116,313,91,MED-ROU,2026-03-22,2026-04-05,2026-04-05
E104095,68,105,MED-ARM,2026-02-09,2026-02-23,2026-02-21
E104958,344,63,MED-LIL,2026-04-27,2026-05-04,2026-05-08
E104754,247,55,MED-SEC,2025-12-12,2025-12-26,2025-12-15
E100843,45,14,MED-SEC,2026-01-24,2026-02-21,2026-02-08
E102124,169,202,MED-LIL,2026-04-26,2026-05-03,2026-05-02
E100860,48,97,MED-VIL,2026-01-12,2026-01-26,2026-01-20
E101823,391,80,MED-ROU,2026-01-07,2026-01-21,2026-01-29
E100756,395,121,MED-ROU,2026-02-25,2026-03-18,
E101410,53,194,MED-ROU,2026-06-27,2026-07-18,2026-07-29
E102876,218,46,MED-SEC,2026-02-02,2026-02-16,2026-02-11
E101771,166,125,MED-ROU,2026-01-27,2026-02-10,2026-01-29
E100368,246,36,MED-TOU,2025-12-22,2026-01-05,2025-12-23
E100016,209,51,MED-ROU,2026-01-08,2026-01-22,
E100340,112,181,MED-ARM,2025-09-21,2025-10-05,2025-09-27
E103472,144,232,MED-TOU,2025-10-05,2025-10-12,2025-10-09
E103063,79,179,MED-SEC,2026-06-21,2026-07-05,2026-07-03
E100880,396,11,MED-TOU,2026-03-05,2026-03-19,2026-03-18
E100690,319,163,MED-ARM,2026-03-11,2026-03-25,2026-04-05
E101163,191,223,MED-ROU,2026-01-30,2026-02-13,2026-03-05
E103838,322,227,MED-TOU,2025-09-11,2025-10-02,2025-09-15
E100082,160,19,MED-LIL,2026-06-09,2026-06-23,2026-06-28
E103979,294,213,MED-TOU,2025-12-28,2026-01-18,2026-01-09
E104883,298,48,MED-VIL,2026-03-27,2026-04-03,2026-03-31
E104401,63,22,MED-TOU,2026-03-04,2026-03-18,2026-03-09
E104225,153,150,MED-LIL,2026-09-01,2026-09-29,2026-09-12
E103767,356,62,MED-ARM,2025-12-30,2026-01-13,2026-01-11
E101200,1,84,MED-ROU,2026-06-20,2026-07-18,2026-08-05
E103612,43,155,MED-ARM,2026-06-14,2026-07-05,2026-06-21
E103492,321,98,MED-LIL,2026-03-23,2026-04-13,2026-04-01
E103428,253,142,MED-TOU,2026-05-03,2026-05-17,2026-05-04
E101727,278,188,MED-ROU,2026-06-21,2026-07-19,2026-07-14
E102635,179,11,MED-TOU,2026-09-14,2026-09-28,2026-09-24
E101145,244,22,MED-TOU,2025-09-21,2025-09-28,2025-09-25
E100905,163,239,MED-TOU,2025-11-20,2025-12-04,2025-11-28
E104911,169,71,MED-SEC,2026-04-07,2026-04-21,2026-05-07
E101160,3,99,MED-ROU,2025-12-30,2026-01-13,2026-01-08
E101435,84,38,MED-VIL,2025-12-08,2025-12-15,2026-01-04
E102589,159,6,MED-SEC,2025-12-30,2026-01-27,2026-01-05
E101109,132,215,MED-TOU,2025-12-22,2026-01-12,2026-01-03
E100269,325,23,MED-TOU,2025-12-21,2026-01-11,2025-12-27
E100543,234,146,MED-ROU,2025-10-14,2025-11-11,2025-10-29
E100607,299,167,MED-SEC,2025-10-12,2025-11-09,2025-10-25
E104730,48,56,MED-LIL,2025-10-03,2025-10-17,2025-10-30
E100252,371,222,MED-TOU,2026-09-04,2026-09-18,2026-09-30
E103480,41,31,MED-LIL,2026-06-13,2026-06-27,2026-07-16
E101889,7,90,MED-TOU,2025-12-24,2026-01-21,2026-01-13
E102870,157,26,MED-SEC,2026-03-11,2026-03-18,2026-03-12
E101858,52,129,MED-TOU,2026-09-15,2026-10-13,2026-09-30
E102014,413,34,MED-SEC,2025-11-11,2025-11-18,2025-11-30
E100621,156,1,MED-LIL,2026-05-11,2026-06-08,2026-05-18
E102742,185,49,MED-LIL,2025-11-16,2025-11-30,2025-11-21
E104381,350,154,MED-ARM,2026-08-09,2026-08-23,2026-08-31
E104946,113,203,MED-TOU,2026-09-03,2026-09-17,2026-09-11
E101318,417,237,MED-SEC,2026-07-25,2026-08-08,2026-07-30
E100159,419,52,MED-ARM,2025-10-29,2025-11-12,2025-11-03
E100596,56,31,MED-LIL,2026-03-25,2026-04-08,2026-04-28
E100042,306,74,MED-ARM,2026-03-22,2026-04-19,2026-04-07
E101253,6,49,MED-LIL,2026-09-16,2026-09-30,2026-09-20
E101828,342,76,MED-LIL,2025-12-06,2025-12-20,2025-12-25
E101494,206,157,MED-VIL,2025-11-27,2025-12-11,2025-11-28
E103332,188,110,MED-LIL,2026-05-31,2026-06-14,2026-06-05
E100112,116,164,MED-SEC,2026-06-24,2026-07-08,2026-06-28
E104376,58,21,MED-TOU,2026-03-12,2026-04-02,2026-03-18
E102081,406,115,MED-VIL,2026-07-16,2026-07-30,2026-07-18
E100575,4,56,MED-LIL,2026-01-31,2026-02-14,2026-02-09
E100182,23,201,MED-ROU,2026-03-18,2026-04-01,2026-03-20
E103629,112,141,MED-ROU,2026-01-22,2026-02-05,2026-01-26
E100866,335,106,MED-TOU,2026-07-03,2026-07-17,2026-07-14
E104780,352,223,MED-ROU,2026-09-08,2026-09-29,2026-09-26
E104071,57,91,MED-ROU,2026-07-14,2026-07-28,2026-07-23
E100478,420,100,MED-TOU,2025-09-23,2025-10-07,2025-10-03
E102119,95,152,MED-LIL,2025-12-19,2026-01-09,2025-12-27
E104144,18,186,MED-SEC,2026-03-22,2026-04-05,2026-03-23
E101762,142,20,MED-ARM,2026-06-12,2026-06-26,
E100060,15,27,MED-SEC,2026-06-05,2026-06-26,2026-06-20
E104147,68,57,MED-LIL,2025-10-15,2025-10-29,2025-11-11
E102792,284,66,MED-SEC,2026-01-12,2026-01-19,2026-01-14
E100962,271,217,MED-LIL,2026-04-05,2026-05-03,2026-04-18
E103060,220,44,MED-TOU,2026-05-28,2026-06-11,2026-06-12
E103837,270,176,MED-TOU,2025-11-27,2025-12-25,2025-12-20
E101780,191,150,MED-LIL,2025-12-20,2025-12-27,2025-12-21
E103464,201,154,MED-ARM,2025-10-09,2025-10-30,2025-10-27
E103939,87,97,MED-VIL,2025-12-24,2025-12-31,2026-01-13
E101620,150,9,MED-ARM,2026-08-23,2026-09-20,2026-08-29
E101564,306,107,MED-VIL,2025-12-16,2025-12-30,2025-12-30
E102510,197,164,MED-SEC,2025-09-20,2025-10-11,2025-09-28
E101071,186,125,MED-ROU,2026-01-18,2026-02-01,2026-01-29
E104224,139,154,MED-ARM,2025-11-08,2025-11-22,2025-11-11
E103073,24,34,MED-SEC,2026-01-23,2026-02-13,2026-01-24
E103510,70,156,MED-SEC,2026-03-04,2026-03-18,2026-03-17
E104689,396,191,MED-SEC,2026-08-07,2026-08-28,2026-08-20
E103442,359,3,MED-ARM,2025-10-18,2025-11-01,2025-10-21
E102308,180,63,MED-LIL,2026-01-25,2026-02-22,
E103728,72,177,MED-ROU,2025-11-28,2025-12-12,2025-12-05
E100457,98,50,MED-ROU,2026-01-02,2026-01-16,2026-01-14
E101913,166,236,MED-ARM,2026-05-16,2026-05-30,2026-05-25
E102819,396,135,MED-ARM,2025-12-18,2026-01-01,2025-12-24
E100195,126,138,MED-LIL,2025-12-31,2026-01-28,2026-01-12
E102005,125,117,MED-TOU,2026-05-24,2026-06-07,2026-06-01
E102954,65,238,MED-TOU,2025-10-02,2025-10-16,2025-10-09
E101270,87,122,MED-LIL,2026-04-28,2026-05-12,2026-04-30
E101244,98,201,MED-ROU,2026-02-18,2026-03-18,2026-02-24
E103870,245,40,MED-LIL,2026-04-30,2026-05-14,2026-05-07
E102518,342,168,MED-TOU,2026-02-15,2026-03-01,
E104154,395,42,MED-ARM,2026-07-11,2026-07-25,2026-07-21
E104566,8,35,MED-TOU,2026-02-13,2026-03-06,2026-02-15
E104128,373,131,MED-LIL,2025-12-26,2026-01-09,2026-01-05
E104452,76,235,MED-SEC,2025-12-01,2025-12-15,2025-12-03
E102535,118,209,MED-LIL,2026-04-18,2026-05-02,2026-05-04
E104928,93,69,MED-ROU,2026-08-03,2026-08-24,2026-08-07
E104040,186,66,MED-SEC,2026-04-30,2026-05-14,2026-05-02
E104712,168,157,MED-VIL,2025-10-16,2025-11-13,2025-11-02
E103871,304,118,MED-LIL,2026-02-22,2026-03-22,2026-03-02
E104966,7,97,MED-VIL,2025-10-25,2025-11-08,2025-11-02
E104584,151,89,MED-LIL,2026-06-19,2026-07-10,2026-07-03
E102175,92,77,MED-SEC,2026-02-06,2026-02-20,2026-02-08
E102250,70,68,MED-ROU,2026-07-16,2026-07-30,2026-07-17
E102244,392,133,MED-TOU,2026-05-06,2026-05-27,2026-05-11
E103617,58,99,MED-ROU,2026-06-13,2026-07-11,2026-06-16
E105184,38,97,MED-VIL,2026-05-28,2026-06-18,2026-06-05
E104323,28,105,MED-ARM,2025-12-20,2026-01-10,2026-01-05
E103229,43,186,MED-SEC,2025-09-26,2025-10-10,2025-09-29
E101091,41,76,MED-LIL,2026-03-18,2026-04-01,2026-03-27
E100375,257,212,MED-LIL,2026-01-24,2026-02-07,2026-02-03
E105157,362,6,MED-SEC,2025-11-01,2025-11-29,2025-11-15
E102768,345,128,MED-SEC,2026-06-24,2026-07-22,2026-07-05
E102749,257,131,MED-LIL,2026-01-08,2026-01-29,
E101568,281,116,MED-VIL,2026-07-15,2026-07-29,2026-07-26
E101724,366,116,MED-VIL,2025-10-27,2025-11-10,2025-11-17
E104363,16,168,MED-TOU,2026-04-06,2026-04-20,2026-04-13
E101138,289,23,MED-TOU,2025-10-07,2025-10-21,2025-10-17
E102878,17,173,MED-ARM,2026-02-25,2026-03-04,2026-03-01
E100873,386,115,MED-VIL,2026-04-03,2026-04-17,2026-04-22
E103126,229,189,MED-ROU,2025-11-17,2025-12-15,2026-01-04
E104980,114,168,MED-TOU,2025-11-01,2025-11-15,2025-11-12
E103092,346,28,MED-SEC,2026-06-14,2026-06-28,2026-06-20
E102098,287,61,MED-ARM,2026-07-04,2026-07-25,2026-07-29
E102503,286,237,MED-SEC,2025-10-04,2025-10-18,2025-10-07
E100557,357,64,MED-ARM,2025-10-29,2025-11-26,2025-11-13
E104378,195,35,MED-TOU,2026-07-24,2026-08-07,2026-08-03
E102402,352,135,MED-ARM,2025-12-18,2026-01-08,2025-12-26
E104802,243,35,MED-TOU,2026-07-05,2026-07-12,2026-07-11
E103922,262,206,MED-ROU,2025-12-15,2025-12-29,2025-12-18
E101394,228,221,MED-ARM,2026-03-12,2026-03-26,2026-03-14
E103757,155,129,MED-TOU,2026-02-03,2026-03-03,2026-02-19
E103185,282,62,MED-ARM,2025-11-02,2025-11-16,2025-11-05
E102358,380,94,MED-VIL,2026-03-04,2026-03-11,2026-03-08
E102486,334,50,MED-ROU,2026-03-21,2026-03-28,2026-03-23
E101946,388,115,MED-VIL,2026-09-12,2026-10-10,2026-09-24
E103568,175,29,MED-ARM,2025-09-01,2025-09-29,2025-09-07
E101243,57,189,MED-ROU,2025-11-10,2025-12-01,2025-11-16
E100231,255,216,MED-VIL,2026-07-13,2026-07-27,
E102988,388,45,MED-LIL,2026-08-18,2026-09-01,2026-08-22
E104098,98,39,MED-ARM,2026-04-23,2026-04-30,2026-04-24
E102047,79,226,MED-ARM,2026-02-21,2026-03-07,2026-03-02
E103539,293,129,MED-TOU,2026-06-20,2026-07-18,2026-07-04
E102670,290,53,MED-ARM,2025-10-06,2025-10-27,2025-10-31
E103076,102,50,MED-ROU,2025-10-26,2025-11-02,2025-10-31
E100604,220,183,MED-ARM,2025-11-11,2025-12-09,2025-12-04
E104973,288,50,MED-ROU,2026-07-20,2026-07-27,2026-07-23
E100614,286,168,MED-TOU,2025-12-04,2025-12-25,2025-12-08
E102074,269,229,MED-ROU,2026-02-22,2026-03-08,2026-03-12
E101903,254,185,MED-LIL,2026-06-07,2026-06-28,2026-06-20
E101204,186,50,MED-ROU,2025-09-25,2025-10-09,2025-10-08
E102832,404,76,MED-LIL,2025-11-03,2025-11-10,2025-11-15
E102997,344,66,MED-SEC,2026-08-24,2026-09-21,2026-09-13
E104017,417,152,MED-LIL,2025-12-05,2025-12-19,2025-12-16
E100361,337,4,MED-ARM,2026-07-11,2026-07-25,2026-07-21
E104465,409,202,MED-LIL,2025-09-10,2025-09-24,2025-09-18
E101022,197,22,MED-TOU,2025-11-12,2025-11-19,2025-11-13
E103327,16,55,MED-SEC,2026-05-23,2026-06-06,
E102640,14,169,MED-ARM,2025-11-03,2025-11-10,2025-11-08
E100974,278,177,MED-ROU,2026-03-23,2026-04-06,2026-04-02
E101355,158,133,MED-TOU,2025-11-10,2025-12-01,2025-11-15
E104671,274,14,MED-SEC,2026-07-25,2026-08-15,2026-08-08
E101186,127,80,MED-ROU,2026-09-15,2026-09-29,2026-09-17
E102714,338,167,MED-SEC,2026-08-11,2026-08-25,2026-08-15
E100406,407,50,MED-ROU,2026-03-07,2026-03-28,2026-03-15
E104050,408,139,MED-ROU,2026-02-12,2026-02-26,2026-02-27
E100715,17,90,MED-TOU,2025-12-28,2026-01-11,2026-01-04
E104406,389,35,MED-TOU,2026-03-18,2026-04-01,2026-03-24
E103618,260,82,MED-LIL,2025-11-09,2025-11-16,2025-11-21
E104236,155,61,MED-ARM,2025-10-29,2025-11-26,2025-11-05
E104007,259,40,MED-LIL,2026-05-15,2026-05-29,2026-05-20
E103221,215,178,MED-ARM,2025-12-12,2025-12-19,2025-12-16
E104848,292,76,MED-LIL,2026-04-04,2026-05-02,
E104384,194,182,MED-TOU,2026-01-17,2026-01-24,2026-01-23
E103861,41,205,MED-LIL,2026-04-10,2026-04-24,2026-04-11
E101817,16,97,MED-VIL,2026-04-10,2026-04-24,2026-04-13
E100454,213,27,MED-SEC,2026-02-05,2026-02-19,2026-03-01
E104208,231,148,MED-VIL,2026-04-30,2026-05-14,2026-05-08
E103321,293,18,MED-ARM,2025-12-25,2026-01-08,2026-01-07
E103041,231,67,MED-VIL,2025-09-11,2025-09-25,2025-09-12
E101714,235,128,MED-SEC,2025-09-26,2025-10-10,2025-10-03
E100103,20,86,MED-LIL,2025-11-20,2025-11-27,2025-11-24
E100366,268,82,MED-LIL,2026-02-20,2026-03-06,2026-03-01
E102135,8,222,MED-TOU,2025-10-30,2025-11-27,2025-11-04
E101325,57,18,MED-ARM,2025-11-09,2025-11-30,2025-11-14
E101167,282,42,MED-ARM,2026-03-02,2026-03-30,2026-03-03
E102802,147,233,MED-VIL,2025-12-10,2025-12-17,2025-12-14
E101411,55,101,MED-VIL,2026-03-06,2026-04-03,2026-03-16
E101159,413,143,MED-TOU,2026-09-15,2026-10-13,2026-10-19
E105124,204,165,MED-ROU,2025-09-26,2025-10-17,2025-09-30
E102340,365,116,MED-VIL,2026-06-22,2026-07-06,2026-07-01
E103323,342,216,MED-VIL,2025-09-09,2025-10-07,2025-09-21
E101422,198,99,MED-ROU,2025-10-17,2025-11-14,2025-10-23
E104193,255,235,MED-SEC,2026-07-18,2026-07-25,2026-07-19
E104391,389,122,MED-LIL,2026-06-17,2026-07-15,2026-07-09
E104245,3,204,MED-ROU,2026-01-25,2026-02-15,2026-01-26
E102558,170,226,MED-ARM,2025-09-02,2025-09-16,2025-09-12
E102547,403,229,MED-ROU,2026-05-10,2026-06-07,2026-06-18
E100582,109,128,MED-SEC,2025-11-15,2025-12-13,2025-11-17
E102516,419,202,MED-LIL,2025-09-12,2025-09-26,2025-09-14
E103176,97,136,MED-ARM,2025-10-31,2025-11-14,2025-11-12
E101497,224,152,MED-LIL,2026-08-08,2026-09-05,2026-08-30
E100812,13,132,MED-VIL,2025-10-25,2025-11-08,2025-11-11
E101604,156,210,MED-TOU,2025-09-09,2025-09-23,2025-09-22
E105024,68,212,MED-LIL,2025-11-28,2025-12-12,2025-12-12
E102824,371,1,MED-LIL,2026-06-15,2026-06-29,2026-06-24
E101637,19,174,MED-SEC,2026-07-15,2026-08-12,2026-08-30
E100526,24,142,MED-TOU,2026-08-03,2026-08-17,2026-08-15
E104771,13,238,MED-TOU,2026-04-06,2026-05-04,2026-04-22
E105083,290,28,MED-SEC,2026-01-18,2026-02-01,2026-01-23
E102701,99,127,MED-LIL,2026-04-23,2026-05-07,2026-05-01
E104750,419,239,MED-TOU,2025-09-19,2025-09-26,2025-09-20
E104117,324,91,MED-ROU,2025-11-19,2025-12-10,2025-12-14
E103833,132,119,MED-ARM,2026-09-08,2026-09-29,2026-09-14
E100390,320,102,MED-LIL,2026-07-17,2026-07-31,2026-07-20
E104644,200,29,MED-ARM,2026-08-29,2026-09-26,2026-08-31
E100600,144,215,MED-TOU,2026-04-04,2026-04-18,2026-04-12
E102606,238,5,MED-LIL,2025-09-19,2025-10-17,2025-09-27
E102041,409,165,MED-ROU,2025-09-01,2025-09-22,2025-09-15
E102721,287,2,MED-ARM,2026-01-07,2026-01-14,2026-01-11
E103639,264,121,MED-ROU,2025-11-07,2025-11-21,2025-11-20
E102006,246,103,MED-ARM,2026-03-03,2026-03-17,2026-03-20
E101905,341,222,MED-TOU,2025-10-12,2025-10-26,2025-10-20
E104206,123,35,MED-TOU,2026-07-19,2026-08-09,2026-07-24
E101702,149,71,MED-SEC,2025-10-01,2025-10-29,
E100862,57,87,MED-ROU,2026-04-12,2026-04-26,2026-04-30
E103733,320,102,MED-LIL,2026-03-24,2026-04-14,2026-03-25
E103245,352,127,MED-LIL,2026-05-19,2026-06-02,2026-06-05
E100188,216,66,MED-SEC,2025-09-22,2025-10-06,2025-09-24
E103220,293,13,MED-LIL,2026-05-09,2026-06-06,2026-05-31
E101476,286,11,MED-TOU,2025-10-22,2025-11-19,2025-11-04
E103681,350,18,MED-ARM,2026-01-09,2026-01-23,2026-01-21
E101085,394,208,MED-VIL,2026-06-16,2026-06-30,2026-06-18
E102733,264,70,MED-TOU,2025-12-27,2026-01-10,2026-01-03
E100465,217,31,MED-LIL,2025-11-22,2025-12-20,2025-11-28
E102919,149,58,MED-TOU,2026-06-06,2026-06-13,2026-06-08
E103930,90,35,MED-TOU,2026-05-27,2026-06-03,2026-05-31
E102857,225,229,MED-ROU,2026-07-24,2026-08-14,2026-08-02
E100376,410,145,MED-SEC,2025-12-21,2026-01-18,2026-02-05
E105153,323,153,MED-TOU,2026-06-05,2026-06-19,2026-06-17
E101883,311,131,MED-LIL,2026-03-02,2026-03-16,2026-03-06
E102239,276,194,MED-ROU,2026-04-18,2026-05-02,2026-04-30
E104968,32,11,MED-TOU,2025-12-09,2025-12-16,2025-12-10
E100097,307,223,MED-ROU,2026-06-21,2026-07-05,2026-07-17
E105000,415,73,MED-ARM,2026-06-26,2026-07-24,2026-07-23
E101665,205,129,MED-TOU,2025-12-29,2026-01-26,2026-01-22
E105088,103,145,MED-SEC,2026-05-07,2026-05-21,2026-05-21
E104025,203,22,MED-TOU,2026-03-27,2026-04-10,2026-04-22
E104853,116,120,MED-LIL,2025-12-21,2026-01-18,2026-01-06
E104791,212,208,MED-VIL,2026-01-14,2026-02-11,
E100731,416,40,MED-LIL,2026-03-16,2026-03-30,2026-04-02
E105079,110,236,MED-ARM,2025-09-21,2025-10-05,2025-10-14
E100399,102,109,MED-TOU,2026-04-21,2026-05-05,2026-04-30
E102490,334,192,MED-ARM,2025-09-28,2025-10-12,2025-09-30
E104349,300,143,MED-TOU,2025-10-27,2025-11-10,2025-11-09
E101597,151,200,MED-VIL,2025-10-30,2025-11-20,2025-11-12
E102395,299,57,MED-LIL,2026-05-24,2026-06-07,2026-05-30
E102661,287,43,MED-ARM,2025-10-22,2025-11-05,2025-10-29
E103889,350,145,MED-SEC,2026-02-07,2026-03-07,2026-02-26
E103800,394,128,MED-SEC,2025-12-05,2025-12-12,2025-12-06
E103378,267,70,MED-TOU,2026-03-11,2026-03-25,2026-03-25
E103506,230,35,MED-TOU,2026-04-11,2026-04-25,2026-05-12
E103713,230,75,MED-TOU,2026-06-04,2026-07-02,2026-06-28
E103860,202,168,MED-TOU,2026-03-17,2026-03-24,2026-03-22
E101011,98,168,MED-TOU,2026-02-18,2026-03-04,2026-02-25
E102650,244,47,MED-VIL,2025-10-06,2025-10-20,2025-10-17
E101465,294,201,MED-ROU,2026-01-01,2026-01-29,2026-01-08
E102146,261,174,MED-SEC,2026-05-16,2026-05-30,2026-05-18
E102111,109,25,MED-TOU,2025-10-13,2025-10-20,2025-10-17
E103049,28,191,MED-SEC,2026-03-06,2026-03-13,2026-03-27
E102417,208,28,MED-SEC,2026-02-06,2026-02-27,2026-02-28
E104442,289,55,MED-SEC,2026-06-27,2026-07-25,2026-07-30
E100476,322,155,MED-ARM,2025-09-01,2025-09-08,2025-09-04
E104036,290,188,MED-ROU,2025-10-18,2025-11-01,2025-10-26
E101021,50,162,MED-ROU,2026-03-05,2026-03-26,2026-03-19
E102700,139,165,MED-ROU,2025-09-13,2025-09-27,2025-09-18
E101452,43,97,MED-VIL,2026-03-31,2026-04-14,
E101795,9,113,MED-VIL,2026-06-06,2026-06-20,2026-06-25
E103809,189,69,MED-ROU,2026-05-19,2026-06-16,2026-06-07
E102798,33,120,MED-LIL,2026-08-31,2026-09-14,2026-09-10
E102710,393,131,MED-LIL,2026-04-16,2026-04-30,2026-04-27
E104612,51,155,MED-ARM,2026-07-18,2026-08-01,2026-08-04
E101673,112,90,MED-TOU,2026-03-30,2026-04-27,2026-04-08
E104490,212,44,MED-TOU,2026-05-05,2026-05-19,2026-05-21
E102398,82,7,MED-ARM,2026-04-07,2026-05-05,2026-04-29
E105017,76,153,MED-TOU,2026-05-03,2026-05-17,2026-05-08
E100975,292,137,MED-ROU,2025-12-30,2026-01-13,2026-01-11
E104322,85,96,MED-ARM,2026-07-06,2026-08-03,2026-08-08
E100438,118,148,MED-VIL,2026-07-21,2026-08-04,2026-08-10
E103468,53,198,MED-SEC,2026-04-12,2026-04-26,2026-04-19
E101559,1,194,MED-ROU,2025-09-24,2025-10-08,2025-09-25
E101633,76,90,MED-TOU,2026-01-22,2026-02-05,2026-02-07
E101759,256,108,MED-SEC,2026-06-25,2026-07-16,2026-07-06
E100651,67,66,MED-SEC,2026-09-11,2026-09-25,2026-09-19
E103556,345,82,MED-LIL,2025-11-30,2025-12-07,2025-12-03
E104598,392,77,MED-SEC,2026-03-15,2026-04-05,2026-03-27
E104211,104,40,MED-LIL,2025-12-20,2026-01-03,2025-12-27
E100972,6,170,MED-TOU,2025-09-30,2025-10-07,2025-10-06
E102489,386,68,MED-ROU,2026-06-13,2026-06-27,2026-07-01
E100349,71,90,MED-TOU,2026-02-27,2026-03-20,2026-03-19
E101130,23,188,MED-ROU,2026-06-12,2026-07-03,2026-07-11
E102001,227,93,MED-ARM,2026-03-01,2026-03-15,2026-03-08
E100808,280,47,MED-VIL,2025-10-28,2025-11-11,2025-11-10
E102411,369,156,MED-SEC,2026-09-03,2026-09-24,2026-09-11
E104715,275,133,MED-TOU,2026-05-02,2026-05-09,2026-05-06
E104962,38,159,MED-ARM,2025-12-23,2026-01-06,2026-01-06
E102511,167,203,MED-TOU,2026-07-16,2026-08-13,2026-07-22
E103584,92,47,MED-VIL,2025-09-05,2025-09-26,2025-09-12
E103066,375,16,MED-LIL,2026-01-17,2026-01-24,2026-01-20
E100115,105,104,MED-LIL,2026-08-22,2026-09-05,2026-09-01
E100113,271,134,MED-ARM,2025-11-11,2025-11-25,2025-11-24
E100875,308,45,MED-LIL,2026-02-26,2026-03-26,2026-02-28
E103695,160,108,MED-SEC,2026-06-08,2026-06-15,2026-06-16
E103696,124,16,MED-LIL,2026-01-04,2026-01-18,2026-01-15
E100631,27,54,MED-TOU,2026-03-14,2026-03-21,
E104861,368,206,MED-ROU,2026-06-05,2026-07-03,2026-06-07
E102730,412,87,MED-ROU,2025-11-02,2025-11-30,2025-11-25
E100626,158,154,MED-ARM,2025-11-19,2025-11-26,2025-12-05
E100149,90,189,MED-ROU,2025-10-09,2025-10-30,2025-10-10
E104043,183,214,MED-SEC,2026-02-20,2026-03-13,2026-03-13
E103320,186,25,MED-TOU,2026-03-08,2026-03-29,2026-04-14
E101911,26,211,MED-VIL,2026-01-19,2026-02-02,2026-01-31
E100552,280,51,MED-ROU,2025-11-27,2025-12-18,2025-12-01
E104578,235,6,MED-SEC,2026-01-30,2026-02-13,2026-02-06
E105102,343,206,MED-ROU,2026-02-02,2026-02-23,2026-02-12
E101089,115,137,MED-ROU,2026-05-29,2026-06-26,2026-06-12
E101897,126,171,MED-ROU,2026-02-04,2026-03-04,2026-02-18
E101226,6,11,MED-TOU,2026-02-22,2026-03-08,2026-03-08
E104548,217,13,MED-LIL,2026-03-15,2026-03-29,2026-03-24
E105086,297,169,MED-ARM,2026-06-24,2026-07-08,2026-07-11
E105054,134,57,MED-LIL,2025-11-08,2025-11-15,2025-11-15
E104865,196,136,MED-ARM,2026-02-06,2026-02-13,2026-02-09
E102064,370,118,MED-LIL,2026-05-15,2026-05-29,2026-05-25
E102940,340,85,MED-LIL,2026-06-25,2026-07-02,2026-07-01
E101356,375,31,MED-LIL,2026-08-04,2026-08-18,2026-08-29
E105133,335,75,MED-TOU,2026-01-30,2026-02-13,2026-02-10
E104834,74,117,MED-TOU,2026-02-14,2026-02-28,
E103610,181,118,MED-LIL,2026-02-01,2026-02-15,2026-02-21
E103080,414,170,MED-TOU,2025-10-16,2025-10-30,2025-11-06
E103616,349,139,MED-ROU,2026-03-21,2026-03-28,2026-03-28
E103183,102,38,MED-VIL,2026-01-24,2026-02-14,2026-03-03
E103028,218,22,MED-TOU,2025-10-20,2025-10-27,2025-10-27
E100518,175,76,MED-LIL,2025-11-20,2025-12-18,2025-12-07
E104836,392,126,MED-VIL,2025-11-09,2025-11-23,2025-11-18
E103379,365,79,MED-ARM,2026-08-23,2026-09-06,2026-09-04
E100085,192,126,MED-VIL,2026-03-24,2026-04-07,2026-04-04
E105029,353,238,MED-TOU,2026-04-11,2026-04-25,2026-04-17
E102586,390,233,MED-VIL,2026-06-28,2026-07-12,2026-07-02
E100680,44,204,MED-ROU,2026-07-11,2026-07-25,2026-07-20
E104102,13,215,MED-TOU,2026-07-13,2026-07-27,2026-07-23
E103723,284,26,MED-SEC,2025-09-23,2025-10-07,2025-09-29
E102639,233,11,MED-TOU,2026-06-18,2026-07-16,2026-07-06
E104437,170,166,MED-LIL,2026-06-14,2026-06-21,2026-06-20
E105130,367,94,MED-VIL,2025-12-02,2025-12-16,2025-12-07
E104581,186,7,MED-ARM,2026-05-14,2026-06-04,2026-05-30
E104827,1,212,MED-LIL,2026-09-13,2026-09-20,2026-09-18
E100265,201,141,MED-ROU,2025-12-11,2025-12-25,2025-12-17
E100736,28,200,MED-VIL,2026-01-06,2026-02-03,2026-01-20
E103980,60,48,MED-VIL,2025-12-12,2026-01-09,2026-01-08
E100938,261,221,MED-ARM,2025-10-20,2025-10-27,2025-10-24
E101839,80,107,MED-VIL,2025-09-05,2025-09-12,2025-09-12
E102356,183,115,MED-VIL,2026-06-06,2026-06-20,2026-06-16
E102488,350,118,MED-LIL,2026-09-02,2026-09-16,2026-09-04
E101785,217,217,MED-LIL,2025-09-27,2025-10-11,2025-09-28
E102190,360,90,MED-TOU,2026-04-04,2026-05-02,2026-04-18
E102514,304,220,MED-TOU,2025-11-12,2025-11-26,2025-11-17
E103009,350,156,MED-SEC,2026-01-17,2026-02-07,2026-02-04
E104885,125,239,MED-TOU,2026-05-20,2026-06-03,2026-06-02
E100934,411,73,MED-ARM,2025-12-16,2025-12-23,2025-12-17
E100761,27,53,MED-ARM,2025-11-02,2025-11-16,2025-11-03
E104801,287,164,MED-SEC,2026-04-04,2026-04-18,2026-04-16
E104523,12,58,MED-TOU,2025-11-02,2025-11-16,2025-11-10
E101453,93,15,MED-ROU,2025-12-04,2025-12-18,2025-12-17
E103971,21,72,MED-VIL,2026-09-09,2026-09-23,2026-09-10
E101459,227,210,MED-TOU,2026-03-20,2026-04-03,2026-03-31
E101504,406,82,MED-LIL,2026-09-02,2026-09-09,2026-09-07
E104673,329,170,MED-TOU,2026-03-04,2026-03-18,2026-03-07
E101825,42,43,MED-ARM,2026-06-15,2026-06-29,2026-07-09
E103396,228,74,MED-ARM,2026-01-22,2026-01-29,2026-01-23
E101051,297,191,MED-SEC,2025-09-20,2025-09-27,2025-09-29
E103601,166,62,MED-ARM,2025-10-26,2025-11-09,2025-11-10
E100030,27,63,MED-LIL,2026-01-16,2026-02-06,2026-02-01
E100378,245,56,MED-LIL,2026-02-25,2026-03-11,2026-03-29
E104616,167,51,MED-ROU,2026-07-27,2026-08-17,2026-08-19
E103340,400,215,MED-TOU,2025-11-01,2025-11-15,2025-12-05
E105199,296,108,MED-SEC,2026-07-04,2026-08-01,2026-07-17
E103214,259,199,MED-LIL,2026-07-20,2026-08-17,2026-07-22
E100019,136,198,MED-SEC,2025-12-20,2025-12-27,2025-12-27
E101909,140,64,MED-ARM,2026-09-05,2026-09-19,2026-09-15
E102002,358,227,MED-TOU,2026-01-05,2026-01-19,2026-02-06
E103187,300,160,MED-TOU,2026-07-07,2026-08-04,2026-07-25
E102024,71,162,MED-ROU,2026-01-10,2026-01-17,2026-01-16
E101984,92,179,MED-SEC,2025-11-24,2025-12-08,2025-12-06
E103403,114,183,MED-ARM,2026-03-20,2026-04-03,2026-03-21
E105023,319,202,MED-LIL,2026-07-14,2026-07-28,2026-07-20
E102621,350,178,MED-ARM,2026-03-01,2026-03-15,2026-03-11
E103909,148,90,MED-TOU,2026-06-07,2026-06-28,2026-06-14
E104932,249,229,MED-ROU,2026-09-02,2026-09-16,2026-09-20
E104353,299,103,MED-ARM,2025-11-23,2025-12-07,2025-11-26
E101996,118,44,MED-TOU,2026-04-01,2026-04-15,2026-04-09
E102455,313,36,MED-TOU,2026-03-31,2026-04-14,2026-04-03
E102853,141,196,MED-TOU,2026-02-05,2026-02-19,2026-02-08
E103315,30,102,MED-LIL,2025-12-18,2026-01-08,2025-12-29
E100682,258,12,MED-ARM,2026-04-05,2026-04-26,2026-04-22
E103586,55,189,MED-ROU,2026-01-11,2026-01-25,2026-01-12
E101618,271,169,MED-ARM,2026-01-27,2026-02-10,2026-01-31
E101323,263,189,MED-ROU,2025-12-21,2025-12-28,2025-12-25
E102656,199,202,MED-LIL,2026-04-23,2026-05-07,2026-05-06
E105003,401,41,MED-ROU,2026-07-19,2026-08-09,2026-07-21
E103707,327,134,MED-ARM,2026-02-13,2026-02-27,2026-02-28
E100391,351,207,MED-TOU,2026-04-03,2026-04-17,2026-04-10
E104761,205,87,MED-ROU,2026-01-02,2026-01-16,2026-01-10
E103181,155,107,MED-VIL,2025-09-10,2025-09-24,2025-09-23
E104419,14,180,MED-ARM,2026-06-03,2026-06-24,2026-06-20
E100743,285,156,MED-SEC,2025-09-26,2025-10-03,2025-09-29
E105160,62,159,MED-ARM,2026-02-21,2026-03-21,2026-03-12
E100686,414,133,MED-TOU,2026-04-26,2026-05-24,2026-05-11
E103367,256,155,MED-ARM,2026-05-04,2026-05-25,2026-06-04
E102473,123,187,MED-SEC,2026-09-10,2026-10-08,2026-10-08
E102313,173,102,MED-LIL,2026-05-26,2026-06-09,2026-06-28
E104272,342,108,MED-SEC,2025-11-18,2025-12-16,2025-12-30
E100507,142,131,MED-LIL,2026-09-12,2026-10-10,2026-10-08
E103513,162,9,MED-ARM,2025-10-07,2025-10-14,2025-10-17
E103802,216,8,MED-ARM,2025-09-27,2025-10-11,
E102741,283,218,MED-VIL,2026-06-21,2026-07-12,2026-07-13
E102388,121,191,MED-SEC,2026-06-09,2026-06-30,2026-06-30
E100487,228,150,MED-LIL,2026-04-16,2026-04-30,2026-04-30
E102728,226,128,MED-SEC,2026-04-20,2026-04-27,2026-04-25
E103351,322,55,MED-SEC,2025-12-11,2025-12-25,2025-12-21
E103065,371,100,MED-TOU,2026-03-28,2026-04-11,2026-03-29
E100927,270,59,MED-ROU,2026-06-28,2026-07-05,2026-06-30
E100429,334,203,MED-TOU,2026-03-15,2026-03-29,2026-03-17
E103587,399,212,MED-LIL,2026-02-24,2026-03-10,
E103518,73,137,MED-ROU,2026-02-14,2026-03-07,2026-03-07
E102895,194,136,MED-ARM,2025-10-09,2025-10-30,2025-10-16
E101218,329,180,MED-ARM,2026-08-05,2026-08-19,2026-08-14
E103345,318,224,MED-TOU,2025-12-29,2026-01-19,2026-01-03
E104334,381,19,MED-LIL,2026-02-15,2026-02-22,2026-02-26
E102536,234,153,MED-TOU,2026-08-06,2026-08-20,2026-08-07
E105057,304,227,MED-TOU,2026-03-07,2026-04-04,2026-04-03
E100723,285,228,MED-ROU,2026-04-18,2026-05-02,2026-05-03
E102421,396,38,MED-VIL,2025-09-28,2025-10-05,2025-10-10
E103030,356,185,MED-LIL,2026-07-31,2026-08-21,2026-08-17
E101939,108,172,MED-VIL,2026-05-08,2026-05-22,2026-05-11
E103275,186,125,MED-ROU,2025-12-05,2025-12-26,2025-12-06
E102408,26,55,MED-SEC,2026-03-17,2026-03-24,2026-03-22
E102607,188,55,MED-SEC,2026-09-03,2026-09-24,2026-09-06
E104484,315,41,MED-ROU,2026-04-28,2026-05-19,2026-05-14
E104247,196,138,MED-LIL,2026-01-20,2026-02-10,2026-02-09
E101470,71,167,MED-SEC,2026-02-09,2026-02-23,2026-02-10
E102350,155,2,MED-ARM,2026-09-01,2026-09-08,2026-09-10
E104431,276,183,MED-ARM,2025-12-18,2026-01-01,2025-12-26
E101307,397,102,MED-LIL,2025-10-24,2025-11-21,2025-11-02
E100271,110,14,MED-SEC,2025-10-31,2025-11-07,2025-11-02
E104292,404,51,MED-ROU,2026-04-05,2026-04-19,2026-04-15
E104371,343,101,MED-VIL,2026-04-26,2026-05-17,2026-04-30
E105119,9,220,MED-TOU,2026-06-13,2026-06-20,2026-06-17
E102493,26,219,MED-TOU,2026-05-08,2026-05-22,2026-05-18
E104348,132,232,MED-TOU,2025-10-09,2025-10-23,2025-10-17
E103588,166,102,MED-LIL,2026-05-10,2026-06-07,2026-06-11
E104876,353,206,MED-ROU,2026-09-05,2026-09-12,2026-09-09
E104317,49,196,MED-TOU,2026-09-03,2026-09-10,2026-09-04
E103326,412,4,MED-ARM,2026-04-13,2026-05-11,2026-05-02
E104474,309,171,MED-ROU,2026-07-10,2026-08-07,2026-07-15
E101178,134,234,MED-LIL,2026-06-01,2026-06-15,2026-06-02
E104711,182,197,MED-LIL,2025-09-11,2025-10-02,2025-09-27
E103046,340,236,MED-ARM,2025-12-10,2025-12-24,2025-12-20
E102276,221,18,MED-ARM,2026-01-21,2026-02-11,2026-01-22
E101832,36,153,MED-TOU,2026-02-28,2026-03-14,2026-03-13
E100409,249,162,MED-ROU,2026-01-16,2026-01-23,2026-01-17
E100678,244,40,MED-LIL,2026-01-15,2026-01-29,2026-01-21
E103079,241,30,MED-ROU,2026-01-16,2026-01-23,2026-01-22
E101101,110,192,MED-ARM,2025-11-10,2025-12-08,2025-11-21
E103863,45,84,MED-ROU,2025-10-07,2025-10-21,2025-10-10
E100228,364,103,MED-ARM,2025-12-30,2026-01-20,2026-02-02
E100344,320,146,MED-ROU,2026-08-30,2026-09-13,2026-09-01
E102973,227,103,MED-ARM,2026-08-22,2026-08-29,2026-08-24
E101166,107,141,MED-ROU,2026-05-08,2026-05-22,2026-06-01
E105116,375,2,MED-ARM,2025-09-23,2025-10-07,2025-10-07
E102557,267,15,MED-ROU,2026-06-04,2026-06-18,2026-06-29
E101562,365,61,MED-ARM,2025-10-08,2025-10-15,2025-10-16
E103783,182,239,MED-TOU,2025-12-28,2026-01-11,2026-01-05
E101354,154,55,MED-SEC,2026-05-15,2026-05-29,2026-05-19
E103494,53,235,MED-SEC,2025-11-29,2025-12-13,2025-12-09
E101472,353,35,MED-TOU,2026-05-20,2026-06-03,2026-05-22
E101449,181,144,MED-TOU,2026-08-25,2026-09-01,2026-08-28
E102043,5,151,MED-VIL,2026-08-11,2026-08-25,2026-08-22
E100760,64,151,MED-VIL,2026-04-16,2026-04-23,2026-05-03
E101738,79,207,MED-TOU,2026-06-20,2026-07-04,2026-06-23
E103424,243,143,MED-TOU,2025-11-09,2025-11-23,2025-11-18
E101613,267,164,MED-SEC,2026-07-11,2026-07-25,2026-07-24
E102409,306,162,MED-ROU,2026-04-21,2026-05-05,2026-04-27
E104820,270,211,MED-VIL,2026-02-14,2026-03-07,2026-03-12
E100661,49,9,MED-ARM,2025-12-12,2025-12-26,2025-12-20
E103174,373,189,MED-ROU,2026-05-27,2026-06-10,2026-06-03
E104831,112,207,MED-TOU,2026-05-17,2026-05-31,2026-05-30
E100551,55,109,MED-TOU,2025-09-07,2025-09-21,2025-09-09
E102659,191,229,MED-ROU,2026-04-17,2026-05-01,2026-04-22
E102476,99,93,MED-ARM,2025-12-24,2026-01-07,2026-01-01
E103693,85,110,MED-LIL,2026-04-09,2026-04-23,2026-04-17
E101481,10,121,MED-ROU,2026-06-01,2026-06-15,2026-06-07
E101009,271,113,MED-VIL,2025-09-22,2025-10-20,2025-10-23
E101069,250,67,MED-VIL,2026-06-20,2026-07-04,2026-06-29
E103888,179,223,MED-ROU,2025-10-21,2025-11-04,2025-10-26
E103388,235,159,MED-ARM,2026-05-03,2026-05-17,2026-05-06
E105059,365,120,MED-LIL,2025-11-03,2025-11-10,2025-11-21
E104511,370,153,MED-TOU,2026-01-01,2026-01-15,2026-01-02
E101990,363,174,MED-SEC,2025-11-18,2025-12-16,2025-12-02
E104425,369,164,MED-SEC,2025-12-22,2026-01-05,2025-12-23
E102331,317,52,MED-ARM,2025-09-16,2025-09-30,2025-09-17
E103342,273,90,MED-TOU,2025-12-05,2025-12-19,2025-12-31
E104618,162,93,MED-ARM,2025-09-05,2025-09-19,2025-09-22
E103476,319,5,MED-LIL,2026-07-31,2026-08-14,2026-08-02
E104366,149,51,MED-ROU,2025-12-30,2026-01-27,2026-01-03
E100884,141,72,MED-VIL,2026-06-26,2026-07-10,2026-07-10
E104099,193,160,MED-TOU,2026-04-19,2026-05-10,2026-05-02
E104404,112,44,MED-TOU,2025-12-04,2025-12-18,2025-12-08
E105081,310,65,MED-ROU,2025-10-21,2025-10-28,2025-11-16
E100421,137,138,MED-LIL,2026-01-05,2026-01-19,2026-01-12
E103715,339,236,MED-ARM,2026-03-25,2026-04-08,2026-04-03
E103419,49,204,MED-ROU,2026-07-25,2026-08-08,2026-08-03
E104995,356,179,MED-SEC,2026-08-17,2026-09-07,2026-08-27
E104304,359,181,MED-ARM,2025-11-04,2025-11-25,2025-11-13
E104758,395,66,MED-SEC,2026-07-18,2026-08-15,2026-08-07
E104373,187,73,MED-ARM,2025-10-09,2025-11-06,2025-10-21
E103149,372,123,MED-ARM,2026-09-13,2026-09-20,2026-09-21
E103535,37,167,MED-SEC,2026-07-11,2026-07-25,2026-08-04
E100573,42,68,MED-ROU,2025-12-25,2026-01-08,2026-01-08
E103287,344,155,MED-ARM,2026-03-06,2026-03-20,2026-03-11
E101370,222,51,MED-ROU,2026-04-09,2026-04-23,2026-04-16
E104285,186,79,MED-ARM,2025-11-15,2025-11-22,2025-11-20
E104821,365,191,MED-SEC,2026-06-09,2026-06-16,2026-06-11
E102163,185,159,MED-ARM,2026-07-29,2026-08-12,2026-08-10
E103537,103,81,MED-TOU,2026-06-03,2026-06-17,2026-06-08
E103921,253,207,MED-TOU,2025-11-11,2025-11-25,2025-11-16
E102994,31,11,MED-TOU,2025-11-12,2025-12-03,2025-11-27
E103364,380,115,MED-VIL,2025-11-21,2025-12-12,2025-12-13
E102189,102,80,MED-ROU,2026-02-20,2026-03-13,2026-02-26
E100309,54,60,MED-LIL,2025-10-04,2025-10-11,2025-10-09
E104166,374,74,MED-ARM,2026-03-07,2026-03-21,2026-03-13
E100317,178,143,MED-TOU,2026-08-24,2026-09-21,2026-09-12
E100949,333,49,MED-LIL,2025-09-02,2025-09-09,2025-09-04
E104172,304,218,MED-VIL,2026-05-12,2026-05-26,2026-05-20
E101933,292,63,MED-LIL,2026-02-17,2026-03-03,2026-02-19
E103128,183,160,MED-TOU,2026-09-10,2026-09-24,2026-09-26
E103143,68,22,MED-TOU,2026-05-27,2026-06-10,2026-06-03
E104325,340,190,MED-TOU,2026-05-30,2026-06-13,2026-06-03
E102947,33,52,MED-ARM,2025-09-15,2025-10-06,2025-10-24
E102424,176,56,MED-LIL,2025-09-06,2025-09-20,2025-09-09
E102826,315,52,MED-ARM,2025-10-25,2025-11-08,2025-11-08
E101038,191,190,MED-TOU,2026-05-19,2026-06-02,2026-05-20
E104529,44,87,MED-ROU,2026-07-06,2026-07-13,2026-07-13
E104074,161,101,MED-VIL,2025-09-19,2025-10-03,2025-09-27
E104241,190,174,MED-SEC,2026-03-04,2026-04-01,2026-03-27
E104395,394,197,MED-LIL,2026-09-13,2026-10-11,2026-09-24
E100781,70,88,MED-ARM,2026-01-15,2026-01-29,2026-01-19
E101887,132,11,MED-TOU,2026-07-14,2026-08-04,2026-07-28
E100447,379,228,MED-ROU,2025-12-07,2025-12-21,2025-12-11
E104580,89,104,MED-LIL,2026-03-05,2026-04-02,2026-03-16
E101168,148,132,MED-VIL,2026-03-20,2026-04-17,2026-04-02
E102102,58,30,MED-ROU,2026-02-17,2026-03-17,2026-03-17
E104692,401,145,MED-SEC,2025-10-28,2025-11-25,2025-11-05
E104720,346,142,MED-TOU,2026-07-05,2026-07-19,2026-07-13
E102086,18,235,MED-SEC,2026-02-13,2026-03-13,2026-02-27
E103652,74,68,MED-ROU,2026-08-28,2026-09-11,2026-09-05
E102667,164,4,MED-ARM,2026-03-29,2026-04-05,2026-04-07
E104688,253,10,MED-LIL,2026-08-19,2026-09-02,2026-09-04
E103172,64,135,MED-ARM,2025-12-22,2026-01-05,2025-12-26
E100147,394,54,MED-TOU,2025-10-24,2025-11-14,2025-11-13
E101108,131,164,MED-SEC,2026-04-25,2026-05-16,2026-05-03
E102960,31,63,MED-LIL,2026-03-16,2026-03-30,2026-04-04
E101282,321,231,MED-SEC,2025-10-04,2025-10-25,2025-11-09
E102414,76,14,MED-SEC,2026-04-07,2026-04-21,2026-04-17
E100039,349,67,MED-VIL,2025-11-13,2025-12-04,2025-11-26
E103018,359,158,MED-TOU,2025-11-30,2025-12-21,2025-12-16
E102267,403,9,MED-ARM,2026-02-25,2026-03-25,2026-03-01
E101363,162,181,MED-ARM,2026-02-20,2026-03-06,2026-02-21
E100983,1,32,MED-SEC,2026-03-22,2026-03-29,2026-03-25
E100046,208,68,MED-ROU,2025-10-29,2025-11-05,2025-11-04
E104830,265,88,MED-ARM,2026-01-04,2026-02-01,2026-01-12
E100836,231,192,MED-ARM,2026-07-10,2026-07-24,2026-07-20
E101131,278,121,MED-ROU,2026-02-01,2026-02-15,2026-02-10
E102228,410,212,MED-LIL,2025-12-19,2026-01-16,2025-12-25
E103527,271,177,MED-ROU,2025-11-08,2025-12-06,2025-11-29
E102915,100,217,MED-LIL,2026-06-03,2026-07-01,2026-06-28
E101536,331,77,MED-SEC,2026-03-18,2026-04-08,2026-03-29
E100315,243,52,MED-ARM,2026-07-31,2026-08-14,2026-08-10
E104623,68,87,MED-ROU,2025-10-28,2025-11-25,2025-11-02
E101280,61,177,MED-ROU,2025-11-07,2025-11-21,2025-11-14
E101722,278,236,MED-ARM,2025-10-14,2025-10-21,2025-10-23
E102125,346,18,MED-ARM,2025-10-31,2025-11-14,2025-11-05
E104635,366,122,MED-LIL,2026-03-30,2026-04-27,2026-04-04
E102655,235,119,MED-ARM,2026-04-08,2026-05-06,2026-04-18
E101391,110,205,MED-LIL,2025-11-20,2025-12-04,2025-12-05
E101447,307,86,MED-LIL,2026-03-24,2026-04-14,2026-03-31
E104078,415,106,MED-TOU,2026-07-06,2026-07-20,2026-07-14
E101344,37,219,MED-TOU,2026-03-03,2026-03-17,2026-03-11
E101088,286,130,MED-SEC,2025-10-11,2025-10-18,2025-10-16
E100895,231,83,MED-SEC,2026-05-25,2026-06-08,2026-05-29
E103866,205,108,MED-SEC,2026-01-05,2026-01-19,2026-01-15
E104310,100,137,MED-ROU,2025-12-25,2026-01-08,2026-01-23
E102368,326,193,MED-ROU,2025-10-27,2025-11-24,2025-11-18
E101580,377,35,MED-TOU,2026-05-11,2026-05-18,2026-05-17
E103098,355,169,MED-ARM,2026-02-25,2026-03-25,2026-03-16
E100989,288,226,MED-ARM,2026-01-03,2026-01-10,2026-01-05
E104964,350,88,MED-ARM,2025-11-15,2025-11-29,2025-11-25
E101121,127,204,MED-ROU,2025-11-12,2025-12-10,2025-12-09
E101367,24,101,MED-VIL,2026-09-11,2026-09-25,2026-09-27
E104963,143,164,MED-SEC,2026-04-27,2026-05-18,2026-05-16
E100262,29,105,MED-ARM,2026-06-07,2026-06-21,2026-06-11
E101634,275,13,MED-LIL,2025-11-05,2025-12-03,2025-11-17
E102278,175,8,MED-ARM,2026-08-10,2026-09-07,2026-09-05
E104498,98,90,MED-TOU,2026-02-25,2026-03-04,2026-02-28
E100776,279,157,MED-VIL,2026-09-05,2026-09-12,
E104332,176,65,MED-ROU,2026-03-19,2026-03-26,2026-03-26
E103638,100,115,MED-VIL,2026-03-18,2026-04-08,2026-03-27
E103093,62,106,MED-TOU,2026-05-17,2026-06-14,2026-05-30
E101127,374,20,MED-ARM,2026-05-17,2026-06-07,2026-06-05
E102896,19,98,MED-LIL,2025-10-29,2025-11-05,2025-11-05
E101129,128,187,MED-SEC,2025-10-08,2025-11-05,2025-10-21
E103094,403,132,MED-VIL,2025-10-20,2025-11-03,2025-11-06
E102739,47,190,MED-TOU,2025-10-29,2025-11-19,2025-11-07
E103194,379,67,MED-VIL,2025-11-09,2025-11-30,2025-11-24
E103795,375,135,MED-ARM,2026-04-28,2026-05-26,2026-05-09
E104994,131,72,MED-VIL,2025-12-30,2026-01-13,2026-01-04
E102705,208,54,MED-TOU,2026-07-27,2026-08-10,2026-08-05
E103318,387,212,MED-LIL,2026-03-03,2026-03-24,2026-03-18
E102851,274,89,MED-LIL,2025-11-05,2025-11-19,2025-11-07
E100961,103,133,MED-TOU,2025-09-24,2025-10-08,2025-10-10
E104146,190,240,MED-ROU,2026-01-16,2026-01-30,2026-01-22
E100392,203,1,MED-LIL,2026-05-12,2026-05-26,2026-05-13
E102096,396,104,MED-LIL,2026-07-26,2026-08-09,2026-08-15
E101508,352,115,MED-VIL,2025-09-18,2025-10-16,2025-10-04
E104925,342,47,MED-VIL,2026-05-06,2026-05-20,2026-05-12
E103776,319,26,MED-SEC,2025-10-30,2025-11-06,2025-11-04
E100345,102,151,MED-VIL,2026-04-27,2026-05-11,2026-05-01
E102501,53,124,MED-ROU,2026-02-20,2026-03-13,2026-03-12
E101117,325,78,MED-TOU,2025-10-05,2025-10-12,2025-10-06
E102827,167,90,MED-TOU,2025-09-17,2025-10-01,2025-09-18
E103911,69,179,MED-SEC,2026-06-09,2026-06-23,2026-06-15
E103072,339,30,MED-ROU,2026-09-01,2026-09-15,2026-09-06
E102268,25,82,MED-LIL,2025-10-19,2025-11-02,2025-10-28
E101953,413,95,MED-SEC,2026-06-24,2026-07-15,2026-07-08
E102583,297,23,MED-TOU,2026-07-25,2026-08-08,2026-08-06
E104387,344,131,MED-LIL,2025-12-16,2025-12-23,2025-12-23
E102937,106,153,MED-TOU,2026-05-12,2026-05-26,2026-05-25
E102955,86,182,MED-TOU,2025-11-28,2025-12-19,2025-12-11
E104118,284,217,MED-LIL,2026-01-20,2026-02-03,2026-01-29
E100521,253,34,MED-SEC,2026-02-11,2026-03-11,2026-02-26
E104347,133,196,MED-TOU,2026-08-13,2026-08-27,2026-08-15
E103356,175,67,MED-VIL,2026-03-25,2026-04-08,2026-03-28
E104267,319,108,MED-SEC,2026-04-24,2026-05-08,2026-05-08
E102772,123,181,MED-ARM,2026-03-22,2026-04-19,2026-04-11
E104470,154,178,MED-ARM,2026-09-08,2026-09-15,2026-09-12
E104841,222,216,MED-VIL,2025-09-08,2025-09-15,2025-09-19
E100797,355,143,MED-TOU,2026-08-02,2026-08-09,2026-08-04
E102575,390,196,MED-TOU,2025-12-12,2026-01-09,2026-01-26
E104026,411,154,MED-ARM,2026-06-09,2026-07-07,2026-06-26
E102258,276,57,MED-LIL,2026-05-25,2026-06-08,2026-05-27
E102601,88,32,MED-SEC,2026-07-27,2026-08-03,
E105041,173,202,MED-LIL,2025-11-01,2025-11-15,2025-11-03
E102496,80,88,MED-ARM,2026-05-30,2026-06-27,2026-06-18
E100129,230,160,MED-TOU,2026-07-31,2026-08-28,2026-08-02
E104424,149,191,MED-SEC,2025-11-07,2025-11-28,2025-11-27
E100937,325,58,MED-TOU,2026-07-04,2026-07-18,2026-07-06
E101249,7,174,MED-SEC,2025-12-23,2026-01-06,2025-12-25
E104797,112,155,MED-ARM,2026-06-17,2026-06-24,2026-07-03
E102840,333,97,MED-VIL,2026-08-26,2026-09-09,2026-09-06
E102524,34,71,MED-SEC,2026-06-17,2026-07-15,2026-06-18
E100372,194,78,MED-TOU,2026-07-18,2026-08-01,2026-07-28
E104436,364,202,MED-LIL,2026-06-11,2026-06-25,2026-06-21
E103226,63,146,MED-ROU,2025-11-27,2025-12-18,2025-12-23
E105084,208,128,MED-SEC,2025-12-31,2026-01-14,2026-01-14
E101252,297,92,MED-ROU,2026-08-05,2026-08-26,2026-08-11
E103577,271,115,MED-VIL,2026-01-13,2026-02-03,2026-01-27
E104822,220,93,MED-ARM,2026-08-31,2026-09-14,2026-10-02
E103082,332,131,MED-LIL,2026-01-31,2026-02-14,2026-02-09
E101685,199,73,MED-ARM,2025-10-26,2025-11-09,2025-11-27
E102562,368,38,MED-VIL,2025-09-14,2025-10-05,2025-10-04
E102677,205,209,MED-LIL,2026-05-24,2026-06-07,2026-05-31
E101479,326,178,MED-ARM,2026-04-20,2026-05-04,2026-05-03
E103521,240,78,MED-TOU,2025-09-14,2025-10-12,2025-09-18
E104965,94,228,MED-ROU,2026-04-06,2026-04-20,2026-04-14
E101910,258,221,MED-ARM,2026-05-05,2026-05-19,2026-05-07
E101668,226,83,MED-SEC,2025-11-13,2025-12-04,2025-11-22
E100698,308,164,MED-SEC,2025-12-29,2026-01-12,2026-01-09
E100513,99,27,MED-SEC,2025-11-16,2025-12-07,2025-12-20
E102774,229,123,MED-ARM,2026-06-29,2026-07-27,2026-07-26
E102595,184,7,MED-ARM,2026-02-02,2026-02-16,2026-02-10
E103964,22,140,MED-ROU,2026-01-25,2026-02-08,2026-02-09
E103852,158,30,MED-ROU,2026-01-11,2026-01-25,2026-01-16
E104918,16,177,MED-ROU,2026-07-23,2026-08-20,2026-08-01
E100670,184,184,MED-TOU,2026-05-13,2026-05-20,2026-05-23
E101937,233,106,MED-TOU,2025-12-06,2025-12-27,2025-12-24
E101748,102,18,MED-ARM,2026-03-18,2026-04-01,2026-04-19
E102193,281,205,MED-LIL,2025-10-01,2025-10-15,2025-10-14
E102174,281,10,MED-LIL,2026-08-04,2026-09-01,
E105200,296,48,MED-VIL,2026-05-18,2026-05-25,2026-05-24
E103452,161,36,MED-TOU,2026-06-15,2026-06-22,2026-06-19
E101442,342,64,MED-ARM,2025-11-06,2025-11-20,2025-12-09
E100683,364,228,MED-ROU,2026-04-20,2026-05-04,2026-04-21
E103260,62,110,MED-LIL,2025-11-23,2025-12-21,2025-12-14
E103589,291,45,MED-LIL,2026-03-27,2026-04-17,2026-04-03
E100800,233,120,MED-LIL,2026-08-27,2026-09-03,2026-08-30
E101662,362,151,MED-VIL,2026-05-25,2026-06-08,2026-05-27
E102913,137,111,MED-ROU,2026-01-02,2026-01-30,2026-01-19
E103397,1,12,MED-ARM,2025-09-08,2025-09-22,2025-09-17
E101401,284,192,MED-ARM,2026-09-09,2026-09-23,2026-09-24
E101516,72,179,MED-SEC,2026-09-05,2026-09-19,2026-10-09
E100440,149,168,MED-TOU,2026-08-24,2026-09-14,2026-08-27
E101755,416,227,MED-TOU,2026-03-09,2026-03-23,
E100750,268,239,MED-TOU,2026-07-02,2026-07-09,2026-07-12
E102177,330,207,MED-TOU,2026-05-06,2026-05-13,2026-05-09
E101341,186,75,MED-TOU,2026-05-06,2026-05-20,2026-05-12
E103585,224,54,MED-TOU,2026-03-25,2026-04-15,2026-04-07
E104684,399,181,MED-ARM,2026-07-22,2026-08-05,2026-07-26
E105138,43,221,MED-ARM,2025-11-17,2025-12-01,2025-12-18
E101982,315,16,MED-LIL,2026-05-23,2026-06-06,2026-05-29
E100327,320,142,MED-TOU,2026-03-30,2026-04-27,2026-04-05
E100121,203,158,MED-TOU,2025-10-13,2025-10-20,2025-10-15
E101985,418,203,MED-TOU,2026-07-24,2026-08-07,2026-08-10
E101220,178,142,MED-TOU,2026-01-13,2026-01-27,2026-01-24
E100854,379,98,MED-LIL,2025-11-23,2025-12-14,2025-12-11
E100500,92,73,MED-ARM,2026-03-12,2026-04-09,2026-03-26
E102297,397,39,MED-ARM,2026-03-17,2026-03-24,2026-03-21
E101045,164,33,MED-VIL,2026-01-03,2026-01-10,2026-01-06
E102984,399,147,MED-LIL,2026-05-18,2026-06-01,2026-05-24
E103973,335,177,MED-ROU,2026-04-12,2026-04-19,2026-04-15
E104354,97,5,MED-LIL,2025-11-22,2025-12-13,2025-12-13
E104879,420,109,MED-TOU,2025-11-26,2025-12-24,2025-12-28
E104402,275,207,MED-TOU,2025-12-30,2026-01-06,2025-12-31
E102871,166,31,MED-LIL,2026-07-10,2026-07-31,2026-08-03
E100008,349,49,MED-LIL,2026-04-05,2026-05-03,2026-05-03
E101894,179,167,MED-SEC,2026-02-26,2026-03-12,2026-03-04
E101678,13,153,MED-TOU,2026-01-09,2026-02-06,2026-02-17
E104731,186,61,MED-ARM,2026-05-17,2026-06-07,2026-06-09
E100220,254,183,MED-ARM,2026-01-31,2026-02-14,2026-02-03
E100586,243,54,MED-TOU,2026-03-17,2026-04-14,2026-03-18
E104613,23,93,MED-ARM,2025-10-04,2025-10-18,2025-10-18
E104941,2,26,MED-SEC,2026-07-09,2026-07-23,2026-07-12
E104905,105,115,MED-VIL,2026-09-12,2026-10-03,2026-09-27
E100055,176,110,MED-LIL,2026-01-04,2026-01-18,2026-01-08
E102584,238,232,MED-TOU,2026-05-31,2026-06-14,2026-06-08
E104860,204,203,MED-TOU,2025-10-10,2025-10-31,2025-10-22
E104466,165,167,MED-SEC,2026-08-11,2026-08-25,2026-08-26
E102033,77,176,MED-TOU,2025-10-10,2025-10-17,2025-10-15
E104266,29,100,MED-TOU,2026-02-24,2026-03-24,2026-03-01
E102391,87,111,MED-ROU,2026-07-05,2026-07-19,2026-07-11
E101644,369,35,MED-TOU,2026-04-10,2026-04-17,2026-04-13
E101781,212,134,MED-ARM,2026-07-13,2026-07-27,2026-07-23
E104055,23,11,MED-TOU,2026-04-06,2026-04-20,2026-04-22
E101922,131,175,MED-TOU,2026-01-23,2026-02-20,2026-02-13
E103755,354,211,MED-VIL,2026-08-01,2026-08-15,2026-09-03
E105179,171,44,MED-TOU,2026-06-27,2026-07-11,2026-07-10
E101850,204,207,MED-TOU,2026-01-02,2026-01-30,2026-01-26
E103509,377,41,MED-ROU,2026-03-24,2026-03-31,2026-04-07
E100146,163,123,MED-ARM,2026-05-05,2026-05-12,2026-05-16
E103270,386,9,MED-ARM,2026-07-14,2026-08-11,2026-07-22
E101980,41,59,MED-ROU,2026-04-07,2026-04-14,2026-04-16
E103929,64,105,MED-ARM,2026-03-26,2026-04-02,2026-03-30
E103461,87,104,MED-LIL,2026-09-04,2026-09-18,2026-09-19
E102051,361,222,MED-TOU,2026-04-24,2026-05-01,
E104804,104,221,MED-ARM,2026-05-16,2026-06-13,2026-05-31
E104279,383,3,MED-ARM,2026-03-24,2026-04-14,2026-04-12
E104803,110,211,MED-VIL,2025-10-11,2025-10-25,2025-10-25
E104583,141,15,MED-ROU,2026-05-28,2026-06-11,2026-06-05
E102208,318,202,MED-LIL,2026-06-07,2026-06-21,2026-06-21
E101760,163,73,MED-ARM,2026-07-21,2026-08-18,2026-08-09
E101387,44,218,MED-VIL,2025-09-16,2025-09-23,2025-09-21
E102527,127,58,MED-TOU,2026-01-28,2026-02-25,2026-01-31
E102483,417,220,MED-TOU,2026-05-08,2026-05-29,2026-05-24
E102784,208,230,MED-LIL,2026-09-04,2026-10-02,2026-09-18
E100091,198,149,MED-LIL,2026-07-22,2026-08-05,2026-07-31
E102354,388,63,MED-LIL,2025-10-26,2025-11-23,2025-11-09
E104863,153,39,MED-ARM,2026-06-20,2026-07-18,2026-07-17
E100759,181,225,MED-TOU,2026-02-01,2026-03-01,2026-02-03
E104140,162,43,MED-ARM,2026-08-11,2026-08-25,2026-08-12
E102897,231,232,MED-TOU,2025-10-27,2025-11-10,
E102233,246,215,MED-TOU,2026-01-02,2026-01-09,
E100413,195,131,MED-LIL,2025-12-29,2026-01-12,2026-01-06
E101822,59,29,MED-ARM,2026-01-04,2026-01-18,2026-01-10
E103914,338,46,MED-SEC,2026-04-22,2026-05-06,2026-05-10
E102345,261,201,MED-ROU,2026-08-03,2026-08-31,
E101610,273,167,MED-SEC,2026-01-29,2026-02-05,2026-01-31
E101966,84,45,MED-LIL,2025-12-07,2025-12-21,2025-12-21
E104375,138,15,MED-ROU,2026-01-10,2026-02-07,2026-02-27
E102564,39,108,MED-SEC,2025-10-13,2025-11-03,2025-10-28
E101675,17,232,MED-TOU,2025-09-02,2025-09-16,2025-09-03
E101149,49,58,MED-TOU,2025-09-13,2025-10-11,2025-09-16
E102015,28,197,MED-LIL,2025-11-06,2025-12-04,2025-11-28
E101118,382,11,MED-TOU,2025-10-23,2025-10-30,2025-10-28
E100855,343,204,MED-ROU,2025-11-13,2025-12-11,2025-11-18
E101409,91,182,MED-TOU,2026-04-15,2026-04-29,2026-04-16
E101854,364,183,MED-ARM,2026-01-22,2026-02-05,2026-02-05
E104763,166,27,MED-SEC,2025-09-23,2025-10-14,2025-09-27
E103348,38,98,MED-LIL,2026-06-25,2026-07-02,2026-06-28
E103687,25,53,MED-ARM,2026-08-23,2026-09-13,2026-09-11
E102812,108,65,MED-ROU,2026-08-26,2026-09-16,2026-09-02
E102303,159,44,MED-TOU,2026-07-04,2026-08-01,2026-07-29
E100775,150,40,MED-LIL,2026-06-03,2026-06-24,2026-06-11
E101951,382,108,MED-SEC,2026-06-19,2026-07-10,2026-07-02
E100278,124,5,MED-LIL,2026-02-27,2026-03-27,2026-03-22
E104060,240,108,MED-SEC,2026-05-07,2026-05-28,2026-05-28
E100132,153,97,MED-VIL,2026-07-28,2026-08-11,2026-08-01
E104666,3,71,MED-SEC,2025-09-01,2025-09-08,2025-09-05
E102525,185,73,MED-ARM,2025-10-20,2025-10-27,2025-10-25
E103822,29,110,MED-LIL,2026-05-22,2026-06-19,2026-06-16
E100522,129,60,MED-LIL,2026-03-17,2026-03-31,2026-03-30
E103669,79,17,MED-ARM,2025-09-29,2025-10-27,2025-10-01
E103102,53,194,MED-ROU,2026-08-15,2026-08-29,2026-08-25
E102237,36,100,MED-TOU,2026-03-31,2026-04-14,2026-04-08
E104412,99,114,MED-VIL,2025-09-19,2025-10-03,2025-09-23
E102907,104,102,MED-LIL,2025-11-22,2025-12-06,2025-11-23
E102010,409,156,MED-SEC,2026-03-25,2026-04-08,
E104276,267,6,MED-SEC,2026-09-02,2026-09-16,2026-09-14
E100330,318,224,MED-TOU,2026-07-11,2026-07-18,2026-07-17
E104887,205,108,MED-SEC,2025-12-24,2026-01-21,
E103088,179,204,MED-ROU,2026-08-18,2026-09-01,2026-08-19
E100089,413,69,MED-ROU,2026-06-19,2026-07-03,2026-06-28
E103412,221,53,MED-ARM,2026-06-01,2026-06-08,2026-06-03
E103736,33,109,MED-TOU,2026-01-02,2026-01-16,2026-01-05
E101853,342,126,MED-VIL,2026-03-05,2026-03-19,2026-03-22
E104032,79,235,MED-SEC,2026-08-15,2026-09-12,2026-08-22
E103613,209,89,MED-LIL,2026-03-02,2026-03-16,2026-03-03
E103085,131,55,MED-SEC,2026-08-05,2026-09-02,2026-08-15
E101438,408,76,MED-LIL,2026-04-09,2026-04-23,2026-04-15
E101303,99,51,MED-ROU,2025-09-08,2025-09-22,2025-09-21
E103231,157,41,MED-ROU,2025-11-07,2025-11-21,2025-11-14
E101107,180,57,MED-LIL,2026-01-09,2026-01-16,2026-01-10
E102771,254,3,MED-ARM,2026-08-23,2026-09-06,2026-08-30
E104560,134,227,MED-TOU,2026-03-05,2026-03-19,2026-03-07
E104547,202,219,MED-TOU,2025-12-16,2025-12-23,2025-12-20
E100784,345,201,MED-ROU,2026-04-25,2026-05-09,2026-05-02
E102379,222,3,MED-ARM,2026-01-05,2026-01-19,2026-01-10
E103605,237,91,MED-ROU,2025-10-06,2025-10-27,2025-10-19
E104606,414,40,MED-LIL,2026-05-27,2026-06-24,2026-06-05
E101893,389,15,MED-ROU,2025-09-06,2025-09-20,2025-09-11
E103788,391,198,MED-SEC,2025-11-24,2025-12-08,2025-12-03
E104041,237,79,MED-ARM,2026-08-12,2026-08-26,2026-09-15
E101502,302,209,MED-LIL,2026-06-05,2026-06-19,2026-06-18
E104586,131,164,MED-SEC,2025-11-15,2025-11-29,2025-11-19
E105009,362,26,MED-SEC,2025-10-19,2025-11-02,2025-10-26
E104405,47,49,MED-LIL,2026-01-11,2026-02-08,2026-01-27
E104151,336,152,MED-LIL,2025-11-21,2025-12-05,2025-12-05
E100770,69,230,MED-LIL,2026-03-22,2026-04-05,2026-04-17
E102839,7,103,MED-ARM,2026-02-17,2026-03-17,2026-02-24
E100966,290,125,MED-ROU,2026-03-20,2026-04-03,2026-04-17
E103201,96,147,MED-LIL,2026-08-01,2026-08-15,2026-08-03
E104365,358,118,MED-LIL,2026-08-28,2026-09-11,2026-09-04
E104910,186,146,MED-ROU,2026-07-03,2026-07-17,2026-07-07
E103238,19,25,MED-TOU,2026-02-13,2026-02-27,2026-02-27
E103453,13,202,MED-LIL,2026-04-22,2026-05-06,
E102637,401,177,MED-ROU,2026-06-26,2026-07-10,2026-07-07
E102968,93,224,MED-TOU,2026-09-12,2026-09-26,2026-09-20
E102888,405,56,MED-LIL,2026-03-13,2026-04-03,2026-04-02
E102286,398,98,MED-LIL,2026-05-26,2026-06-09,2026-05-29
E103110,403,190,MED-TOU,2025-10-05,2025-10-19,2025-10-21
E100517,160,135,MED-ARM,2025-12-29,2026-01-05,2026-01-03
E103567,57,215,MED-TOU,2025-11-10,2025-12-01,
E102059,107,169,MED-ARM,2026-06-11,2026-06-18,2026-06-16
E104832,128,76,MED-LIL,2026-09-15,2026-09-29,2026-09-26
E104648,5,148,MED-VIL,2026-02-01,2026-02-15,2026-02-02
E102867,65,62,MED-ARM,2026-04-21,2026-05-05,2026-04-26
E103720,81,117,MED-TOU,2026-08-15,2026-09-12,2026-08-25
E104552,10,10,MED-LIL,2026-02-10,2026-03-10,2026-03-07
E104997,194,156,MED-SEC,2026-02-15,2026-03-01,2026-02-20
E101016,79,46,MED-SEC,2026-08-12,2026-08-26,2026-08-26
E100483,300,75,MED-TOU,2026-04-25,2026-05-02,2026-04-27
E104509,410,145,MED-SEC,2026-07-14,2026-07-28,2026-07-19
E102946,206,11,MED-TOU,2026-03-28,2026-04-11,2026-04-05
E104558,226,80,MED-ROU,2026-08-05,2026-08-12,2026-08-10
E100820,112,32,MED-SEC,2026-08-11,2026-08-25,2026-08-19
E103945,181,139,MED-ROU,2026-08-09,2026-09-06,2026-08-26
E103933,158,203,MED-TOU,2026-05-19,2026-06-02,2026-05-28
E102147,321,17,MED-ARM,2026-03-03,2026-03-17,2026-03-21
E103628,344,107,MED-VIL,2026-04-25,2026-05-02,2026-05-02
E102713,416,165,MED-ROU,2026-04-10,2026-05-08,2026-04-20
E104530,335,45,MED-LIL,2026-08-19,2026-09-02,2026-08-22
E101994,86,111,MED-ROU,2026-04-12,2026-05-03,2026-04-26
E101928,294,147,MED-LIL,2026-03-12,2026-03-19,2026-03-16
E102397,220,150,MED-LIL,2026-08-16,2026-08-30,2026-08-17
E100499,140,89,MED-LIL,2026-04-16,2026-05-07,2026-04-25
E102176,202,103,MED-ARM,2025-10-07,2025-10-14,2025-10-17
E101308,18,140,MED-ROU,2026-04-12,2026-04-26,2026-04-20
E104045,406,45,MED-LIL,2025-09-16,2025-10-07,2025-10-04
E101625,241,78,MED-TOU,2025-10-31,2025-11-14,2025-11-07
E104847,67,69,MED-ROU,2025-10-14,2025-11-04,2025-11-08
E102574,127,186,MED-SEC,2026-09-10,2026-09-24,2026-10-10
E104015,341,121,MED-ROU,2025-09-19,2025-10-10,2025-10-15
E100838,140,117,MED-TOU,2026-08-18,2026-08-25,2026-08-20
E103730,125,87,MED-ROU,2026-04-19,2026-05-03,2026-05-20
E100296,352,136,MED-ARM,2026-03-19,2026-04-02,2026-03-29
E100935,238,149,MED-LIL,2025-11-10,2025-12-08,2025-12-06
E101092,296,159,MED-ARM,2026-07-03,2026-07-17,2026-07-10
E100451,376,182,MED-TOU,2026-08-25,2026-09-08,2026-09-13
E101650,395,143,MED-TOU,2025-11-24,2025-12-08,2025-12-13
E104590,370,24,MED-VIL,2026-05-30,2026-06-13,2026-06-05
E102833,103,179,MED-SEC,2025-12-23,2026-01-13,2025-12-25
E104005,394,206,MED-ROU,2026-05-04,2026-06-01,2026-05-26
E101569,265,66,MED-SEC,2026-03-25,2026-04-01,2026-03-26
E100302,250,36,MED-TOU,2026-05-12,2026-06-02,2026-05-31
E103758,131,6,MED-SEC,2026-07-03,2026-07-31,2026-07-19
E100656,132,143,MED-TOU,2025-10-24,2025-10-31,2025-10-30
E103557,383,147,MED-LIL,2026-01-11,2026-01-25,2026-01-26
E101764,341,191,MED-SEC,2026-06-21,2026-07-05,2026-06-29
E101609,291,87,MED-ROU,2025-09-04,2025-09-11,2025-09-10
E100753,386,166,MED-LIL,2026-05-24,2026-06-07,2026-06-09
E104873,126,98,MED-LIL,2026-06-10,2026-07-01,2026-06-29
E101194,68,108,MED-SEC,2025-12-15,2026-01-12,2026-01-07
E102553,13,30,MED-ROU,2025-09-30,2025-10-14,2025-10-13
E100427,276,45,MED-LIL,2026-07-17,2026-08-14,2026-07-26
E104924,175,172,MED-VIL,2025-10-20,2025-10-27,2025-10-21
E103365,155,3,MED-ARM,2026-02-23,2026-03-16,2026-03-05
E104787,139,174,MED-SEC,2026-02-07,2026-02-14,2026-02-08
E101033,14,227,MED-TOU,2026-07-18,2026-08-01,2026-08-07
E105067,374,207,MED-TOU,2026-08-22,2026-09-12,2026-09-15
E101571,133,220,MED-TOU,2025-09-28,2025-10-12,2025-10-11
E102372,166,66,MED-SEC,2025-12-13,2025-12-27,2025-12-15
E105028,175,195,MED-ARM,2026-02-23,2026-03-09,2026-03-03
E102522,31,149,MED-LIL,2026-06-24,2026-07-01,2026-07-01
E102366,111,126,MED-VIL,2026-04-01,2026-04-15,2026-04-05
E101466,362,136,MED-ARM,2025-12-19,2026-01-02,2025-12-25
E100666,149,59,MED-ROU,2025-12-01,2025-12-15,2025-12-06
E104579,283,15,MED-ROU,2026-02-27,2026-03-27,2026-03-05
E102307,260,171,MED-ROU,2025-11-20,2025-12-04,2025-11-26
E101463,196,215,MED-TOU,2026-08-24,2026-09-07,2026-09-12
E103263,231,21,MED-TOU,2025-09-01,2025-09-15,2025-09-03
E100342,146,49,MED-LIL,2026-06-24,2026-07-15,2026-07-05
E102744,144,228,MED-ROU,2025-09-29,2025-10-06,2025-10-02
E104657,253,187,MED-SEC,2026-04-14,2026-05-05,2026-04-28
E100458,209,122,MED-LIL,2026-03-11,2026-03-25,2026-03-20
E100782,20,11,MED-TOU,2025-12-12,2025-12-26,2025-12-23
E105038,333,73,MED-ARM,2026-02-22,2026-03-01,2026-02-27
E101524,217,30,MED-ROU,2026-06-28,2026-07-12,2026-07-09
E103479,116,100,MED-TOU,2026-03-08,2026-03-22,
E103540,53,155,MED-ARM,2026-07-13,2026-08-03,2026-07-14
E100971,395,88,MED-ARM,2026-09-06,2026-09-20,2026-09-09
E104813,267,20,MED-ARM,2025-12-25,2026-01-22,2026-01-19
E103075,419,114,MED-VIL,2026-01-29,2026-02-12,2026-02-09
E102616,43,57,MED-LIL,2026-03-19,2026-03-26,2026-03-20
E102028,96,206,MED-ROU,2025-10-13,2025-10-20,2025-10-25
E104839,235,107,MED-VIL,2026-07-26,2026-08-09,2026-07-31
E102688,157,111,MED-ROU,2025-10-19,2025-11-02,2025-10-22
E103692,360,197,MED-LIL,2026-06-14,2026-06-21,2026-06-15
E104328,259,230,MED-LIL,2026-08-16,2026-08-30,2026-08-25
E102399,41,143,MED-TOU,2026-06-15,2026-06-29,2026-07-14
E100598,222,239,MED-TOU,2026-06-04,2026-06-18,2026-06-06
E102049,34,110,MED-LIL,2025-09-22,2025-10-13,2025-10-15
E102996,190,196,MED-TOU,2026-03-24,2026-04-07,2026-04-05
E103308,378,99,MED-ROU,2026-06-27,2026-07-11,2026-07-01
E101184,166,11,MED-TOU,2025-09-21,2025-09-28,2025-09-25
E102439,275,94,MED-VIL,2026-07-24,2026-08-14,2026-07-30
E101304,197,14,MED-SEC,2025-12-04,2025-12-11,2025-12-11
E103175,203,233,MED-VIL,2026-08-01,2026-08-15,2026-08-15
E104086,350,204,MED-ROU,2026-06-24,2026-07-01,2026-07-01
E105072,76,165,MED-ROU,2026-01-12,2026-01-26,2026-01-18
E102899,144,170,MED-TOU,2026-02-13,2026-02-27,2026-02-27
E100751,61,177,MED-ROU,2026-02-13,2026-02-27,2026-02-22
E102171,266,150,MED-LIL,2026-05-31,2026-06-14,2026-06-12
E103663,400,118,MED-LIL,2025-09-27,2025-10-18,2025-09-28
E100186,85,239,MED-TOU,2026-01-24,2026-02-14,2026-02-05
E100395,33,48,MED-VIL,2026-09-05,2026-09-12,2026-09-17
E101973,53,94,MED-VIL,2025-12-03,2025-12-10,2025-12-04
E101193,146,54,MED-TOU,2025-11-21,2025-11-28,2025-12-03
E104068,356,153,MED-TOU,2026-04-29,2026-05-13,2026-05-06
E101179,151,54,MED-TOU,2026-08-26,2026-09-09,2026-09-07
E102071,164,220,MED-TOU,2025-10-13,2025-10-27,2025-10-25
E101188,131,200,MED-VIL,2026-06-08,2026-06-29,2026-06-09
E102898,376,120,MED-LIL,2025-12-18,2026-01-01,2025-12-26
E103280,383,229,MED-ROU,2026-07-12,2026-07-19,2026-08-06
E103217,420,151,MED-VIL,2026-01-19,2026-02-16,2026-01-28
E104163,355,23,MED-TOU,2025-12-25,2026-01-15,2026-01-04
E105186,378,60,MED-LIL,2025-10-27,2025-11-17,2025-11-04
E103255,317,61,MED-ARM,2026-06-03,2026-06-10,2026-06-06
E101924,166,194,MED-ROU,2026-02-04,2026-03-04,2026-02-13
E101043,202,165,MED-ROU,2026-07-26,2026-08-16,2026-08-07
E100166,384,207,MED-TOU,2026-04-30,2026-05-14,2026-05-06
E102852,256,204,MED-ROU,2026-08-11,2026-09-08,2026-09-14
E103491,190,209,MED-LIL,2026-02-21,2026-03-07,2026-03-06
E100735,180,174,MED-SEC,2026-07-06,2026-07-20,2026-08-09
E104054,20,139,MED-ROU,2025-11-01,2025-11-29,2025-11-02
E103751,211,37,MED-ARM,2026-05-07,2026-05-21,2026-05-11
E102392,378,206,MED-ROU,2025-11-07,2025-11-21,2025-11-15
E101859,64,207,MED-TOU,2026-09-04,2026-09-18,2026-09-11
E102035,87,78,MED-TOU,2025-09-28,2025-10-19,2025-10-03
E105085,167,9,MED-ARM,2025-09-01,2025-09-15,2025-09-18
E102740,252,124,MED-ROU,2025-11-22,2025-12-13,2025-12-09
E102123,263,11,MED-TOU,2026-09-02,2026-09-23,2026-09-22
E103742,268,10,MED-LIL,2026-06-22,2026-06-29,2026-06-29
E101464,352,100,MED-TOU,2026-06-08,2026-06-22,2026-06-17
E102770,349,141,MED-ROU,2025-11-18,2025-12-02,
E103465,27,73,MED-ARM,2026-03-23,2026-03-30,2026-03-26
E100369,316,232,MED-TOU,2026-04-18,2026-05-02,2026-04-30
E104755,45,98,MED-LIL,2025-12-21,2025-12-28,2025-12-27
E100813,36,130,MED-SEC,2026-04-22,2026-05-06,2026-05-06
E100435,347,171,MED-ROU,2026-08-04,2026-08-25,2026-08-20
E101353,368,118,MED-LIL,2026-08-17,2026-08-31,2026-09-20
E104759,228,38,MED-VIL,2025-11-27,2025-12-11,
E104535,159,135,MED-ARM,2025-09-30,2025-10-14,2025-11-01
E100804,321,58,MED-TOU,2026-07-30,2026-08-13,2026-08-07
E104767,394,1,MED-LIL,2025-11-13,2025-11-27,2025-12-02
E101601,347,203,MED-TOU,2026-06-17,2026-06-24,2026-06-24
E100439,134,74,MED-ARM,2025-12-07,2025-12-21,2025-12-21
E102953,168,150,MED-LIL,2026-09-09,2026-10-07,2026-09-25
E104456,318,159,MED-ARM,2026-01-18,2026-02-08,2026-01-24
E100798,376,156,MED-SEC,2025-09-10,2025-09-17,2025-09-11
E102173,239,9,MED-ARM,2025-11-29,2025-12-20,2025-12-19
E105061,195,49,MED-LIL,2025-10-24,2025-10-31,2025-10-28
E104106,316,161,MED-LIL,2026-04-02,2026-04-16,2026-04-07
E104488,40,193,MED-ROU,2026-03-22,2026-04-05,2026-04-01
E100041,350,158,MED-TOU,2025-10-06,2025-10-13,
E100079,96,94,MED-VIL,2026-09-01,2026-09-08,2026-09-05
E102179,188,142,MED-TOU,2026-08-20,2026-09-17,2026-09-13
E101891,418,134,MED-ARM,2025-12-16,2025-12-30,
E100196,412,210,MED-TOU,2026-06-18,2026-07-02,2026-06-26
E102793,293,52,MED-ARM,2026-06-19,2026-07-17,2026-06-30
E105152,342,116,MED-VIL,2026-05-16,2026-05-30,2026-05-26
E102925,243,74,MED-ARM,2026-07-23,2026-08-06,2026-07-31
E104988,30,152,MED-LIL,2026-03-19,2026-03-26,2026-03-29
E104835,186,202,MED-LIL,2026-05-15,2026-05-29,2026-05-28
E101467,372,90,MED-TOU,2026-02-06,2026-02-20,
E103590,212,193,MED-ROU,2025-09-07,2025-09-28,2025-09-14
E100833,378,135,MED-ARM,2026-09-04,2026-09-18,2026-09-16
E105098,218,145,MED-SEC,2026-03-19,2026-04-09,2026-03-29
E103647,19,90,MED-TOU,2026-08-19,2026-09-09,2026-08-30
E100570,214,73,MED-ARM,2026-07-31,2026-08-14,2026-08-04
E103799,302,72,MED-VIL,2026-07-03,2026-07-24,2026-07-26
E104210,316,151,MED-VIL,2026-09-15,2026-10-06,2026-09-26
E103456,318,119,MED-ARM,2025-09-08,2025-09-15,2025-09-20
E103953,124,113,MED-VIL,2026-06-25,2026-07-02,2026-06-26
E103823,130,120,MED-LIL,2026-04-07,2026-05-05,2026-04-26
E101663,72,57,MED-LIL,2025-09-12,2025-09-26,
E101907,16,237,MED-SEC,2026-05-09,2026-05-23,2026-05-12
E104403,369,144,MED-TOU,2026-04-04,2026-04-18,2026-04-18
E101357,413,29,MED-ARM,2025-11-25,2025-12-09,2025-12-06
E101285,235,207,MED-TOU,2026-04-19,2026-05-17,2026-05-01
E102849,416,109,MED-TOU,2026-02-28,2026-03-14,2026-03-11
E101955,267,29,MED-ARM,2025-10-02,2025-10-16,2025-10-04
E102844,391,77,MED-SEC,2026-06-28,2026-07-12,2026-07-14
E104261,390,90,MED-TOU,2025-10-05,2025-11-02,2025-10-31
E104562,296,2,MED-ARM,2025-12-04,2025-12-25,2025-12-09
E104181,154,13,MED-LIL,2026-04-14,2026-04-28,2026-05-08
E100788,208,162,MED-ROU,2026-06-01,2026-06-22,2026-06-13
E103697,394,44,MED-TOU,2025-10-20,2025-11-03,2025-10-22
E101236,124,173,MED-ARM,2025-09-19,2025-10-03,2025-09-22
E100780,228,188,MED-ROU,2025-10-03,2025-10-24,2025-10-10
E100847,308,116,MED-VIL,2025-09-20,2025-10-11,2025-10-30
E100650,384,97,MED-VIL,2025-11-18,2025-12-02,2025-12-09
E100090,79,212,MED-LIL,2026-03-01,2026-03-15,2026-03-09
E103485,40,85,MED-LIL,2026-08-28,2026-09-11,2026-09-24
E102444,77,4,MED-ARM,2025-09-20,2025-10-11,2025-10-27
E101975,48,158,MED-TOU,2026-05-18,2026-06-01,2026-05-19
E103623,160,176,MED-TOU,2026-03-12,2026-03-26,2026-03-14
E102148,46,158,MED-TOU,2026-01-13,2026-02-03,2026-01-27
E101017,361,119,MED-ARM,2025-12-28,2026-01-25,2026-01-07
E100122,303,29,MED-ARM,2025-12-21,2026-01-18,2026-01-05
E100386,323,21,MED-TOU,2025-10-24,2025-11-07,2025-10-25
E102200,413,105,MED-ARM,2026-03-01,2026-03-15,2026-04-04
E102169,370,80,MED-ROU,2025-09-15,2025-09-29,2025-09-27
E103481,189,222,MED-TOU,2025-11-11,2025-12-02,2025-11-18
E104607,117,79,MED-ARM,2026-03-18,2026-04-01,2026-03-22
E100267,391,178,MED-ARM,2025-09-06,2025-09-13,2025-09-08
E103682,205,84,MED-ROU,2025-12-14,2026-01-04,2025-12-28
E104627,134,188,MED-ROU,2025-12-27,2026-01-17,2026-01-04
E101388,401,100,MED-TOU,2026-01-20,2026-02-03,2026-02-03
E103111,200,154,MED-ARM,2026-02-20,2026-02-27,2026-02-24
E104219,418,53,MED-ARM,2026-02-21,2026-03-21,2026-03-01
E105019,335,14,MED-SEC,2025-12-16,2025-12-23,2025-12-23
E103115,94,55,MED-SEC,2025-10-31,2025-11-14,2025-11-15
E104195,326,150,MED-LIL,2026-09-02,2026-09-23,2026-09-18
E105174,233,173,MED-ARM,2026-03-21,2026-04-04,2026-03-31
E101135,73,90,MED-TOU,2025-11-06,2025-11-20,
E102715,194,200,MED-VIL,2026-01-04,2026-01-11,2026-01-10
E100774,413,58,MED-TOU,2026-02-04,2026-02-18,2026-02-05
E100568,243,173,MED-ARM,2026-03-14,2026-03-21,2026-03-16
E104856,83,214,MED-SEC,2025-10-11,2025-10-18,2025-10-18
E104482,32,76,MED-LIL,2025-10-03,2025-10-17,2025-10-11
E104615,163,93,MED-ARM,2026-05-09,2026-05-16,2026-05-15
E102461,64,212,MED-LIL,2026-05-27,2026-06-10,2026-05-29
E101340,88,77,MED-SEC,2026-07-02,2026-07-16,2026-07-21
E101974,377,40,MED-LIL,2026-04-02,2026-04-16,2026-04-19
E100914,104,139,MED-ROU,2026-04-20,2026-05-11,2026-05-06
E101048,245,121,MED-ROU,2026-09-13,2026-09-27,2026-10-09
E102634,49,177,MED-ROU,2026-06-06,2026-06-20,2026-07-04
E105173,65,148,MED-VIL,2026-03-07,2026-03-14,2026-03-16
E101526,340,178,MED-ARM,2025-09-12,2025-10-10,2025-10-09
E101100,17,9,MED-ARM,2026-04-26,2026-05-10,
E104978,322,236,MED-ARM,2026-03-23,2026-04-06,2026-03-31
E104479,328,240,MED-ROU,2025-12-18,2026-01-01,2026-01-20
E100817,153,123,MED-ARM,2026-06-04,2026-06-25,2026-06-27
E102087,178,146,MED-ROU,2026-04-10,2026-04-24,2026-04-12
E104357,98,67,MED-VIL,2026-07-19,2026-08-02,2026-08-02
E105099,198,74,MED-ARM,2025-12-26,2026-01-09,2026-01-12
E103083,128,205,MED-LIL,2026-02-12,2026-03-05,2026-02-16
E102894,286,3,MED-ARM,2026-08-10,2026-08-24,2026-08-24
E102540,103,187,MED-SEC,2026-07-10,2026-07-24,2026-07-19
E101743,354,120,MED-LIL,2025-09-28,2025-10-12,2025-10-14
E102471,150,128,MED-SEC,2026-06-15,2026-07-06,2026-06-30
E100758,280,129,MED-TOU,2025-11-29,2025-12-13,2025-12-18
E100023,105,228,MED-ROU,2025-09-14,2025-09-28,2025-09-20
E101426,109,98,MED-LIL,2025-11-06,2025-11-20,2025-11-14
E102565,12,99,MED-ROU,2026-08-29,2026-09-12,2026-09-14
E100948,199,19,MED-LIL,2025-10-20,2025-11-03,2025-11-15
E103559,254,40,MED-LIL,2026-05-09,2026-05-23,2026-05-24
E104165,293,14,MED-SEC,2025-12-21,2026-01-04,2025-12-24
E104742,405,9,MED-ARM,2026-01-15,2026-01-29,2026-01-30
E102270,99,223,MED-ROU,2025-09-04,2025-09-18,2025-09-10
E105198,163,83,MED-SEC,2026-01-17,2026-02-14,2026-02-14
E104197,41,31,MED-LIL,2026-04-26,2026-05-24,2026-06-09
E100494,358,89,MED-LIL,2026-07-29,2026-08-12,2026-08-11
E101578,397,167,MED-SEC,2026-03-28,2026-04-11,2026-04-08
E100490,11,191,MED-SEC,2026-05-24,2026-06-21,2026-06-04
E101803,343,212,MED-LIL,2025-12-05,2026-01-02,2025-12-17
E103963,227,221,MED-ARM,2025-12-23,2026-01-06,2025-12-27
E100025,372,69,MED-ROU,2026-02-20,2026-03-20,2026-04-05
E100326,91,95,MED-SEC,2026-06-17,2026-07-01,2026-07-13
E103948,83,171,MED-ROU,2025-12-27,2026-01-10,2026-01-06
E103225,193,120,MED-LIL,2026-04-19,2026-05-03,2026-05-02
E103946,304,120,MED-LIL,2025-09-16,2025-09-30,2025-09-25
E101769,242,60,MED-LIL,2025-10-05,2025-10-12,2025-10-10
E100618,217,48,MED-VIL,2025-11-22,2025-12-20,2025-12-03
E103357,386,113,MED-VIL,2026-09-04,2026-10-02,2026-09-27
E103317,231,120,MED-LIL,2025-11-17,2025-12-01,2025-11-29
E102050,337,159,MED-ARM,2026-01-15,2026-02-12,2026-01-30
E103721,152,14,MED-SEC,2026-04-28,2026-05-12,2026-05-03
E100020,326,34,MED-SEC,2025-09-05,2025-09-26,2025-09-07
E102674,116,116,MED-VIL,2026-07-22,2026-08-19,2026-08-16
E100288,134,125,MED-ROU,2026-08-18,2026-09-15,2026-09-01
E102429,264,232,MED-TOU,2026-01-29,2026-02-12,2026-02-09
E104483,19,215,MED-TOU,2026-03-09,2026-03-23,2026-03-14
E101381,390,115,MED-VIL,2026-07-25,2026-08-22,2026-07-31
E102957,10,143,MED-TOU,2025-11-10,2025-12-01,
E102073,122,236,MED-ARM,2025-09-01,2025-09-29,2025-09-02
E100379,85,115,MED-VIL,2025-12-29,2026-01-19,2026-01-10
E104321,121,136,MED-ARM,2026-08-14,2026-09-04,2026-09-01
E101191,123,183,MED-ARM,2026-01-01,2026-01-08,2026-01-03
E101904,387,160,MED-TOU,2026-02-01,2026-02-22,2026-02-03
E100474,56,185,MED-LIL,2025-12-17,2025-12-31,2025-12-22
E102696,39,140,MED-ROU,2026-01-11,2026-02-01,2026-01-26
E103764,318,61,MED-ARM,2026-04-16,2026-05-07,2026-04-18
E104998,278,66,MED-SEC,2026-08-02,2026-08-23,2026-08-15
E102386,225,194,MED-ROU,2025-10-09,2025-10-23,2025-10-20
E101052,175,18,MED-ARM,2026-05-11,2026-06-01,2026-05-17
E103916,321,44,MED-TOU,2026-03-31,2026-04-14,2026-04-09
E104642,45,113,MED-VIL,2026-03-01,2026-03-15,2026-03-14
E100923,113,41,MED-ROU,2026-04-11,2026-04-25,2026-04-15
E103246,212,225,MED-TOU,2026-09-14,2026-09-21,2026-10-04
E100898,5,22,MED-TOU,2026-02-09,2026-02-16,2026-02-11
E103791,366,7,MED-ARM,2026-04-14,2026-04-21,2026-04-17
E100021,285,98,MED-LIL,2026-01-31,2026-02-14,2026-02-03
E105178,200,229,MED-ROU,2026-06-15,2026-07-13,2026-06-21
E101572,419,147,MED-LIL,2026-02-11,2026-02-18,2026-02-15
E101983,296,206,MED-ROU,2025-11-10,2025-11-17,2025-11-17
E104986,115,147,MED-LIL,2025-11-08,2025-11-22,2025-11-13
E103748,205,104,MED-LIL,2026-02-21,2026-03-07,2026-03-06
E104201,342,142,MED-TOU,2025-10-15,2025-10-29,2025-11-04
E101793,74,122,MED-LIL,2025-12-07,2025-12-28,2025-12-10
E100179,156,7,MED-ARM,2025-09-17,2025-10-15,2025-10-13
E103423,28,145,MED-SEC,2026-04-30,2026-05-14,2026-05-15
E105107,58,35,MED-TOU,2026-04-10,2026-05-08,2026-05-06
E100831,60,88,MED-ARM,2025-09-11,2025-09-18,2025-10-07
E100254,111,78,MED-TOU,2026-05-30,2026-06-13,2026-05-31
E103488,417,222,MED-TOU,2026-04-16,2026-04-30,2026-04-26
E102722,123,34,MED-SEC,2026-02-17,2026-03-10,2026-03-09
E101484,71,157,MED-VIL,2026-05-02,2026-05-09,2026-05-13
E101868,68,133,MED-TOU,2026-04-27,2026-05-11,2026-05-08
E101175,102,95,MED-SEC,2025-11-17,2025-12-01,2025-12-15
E103551,123,209,MED-LIL,2025-11-21,2025-12-05,2025-12-03
E104807,407,45,MED-LIL,2026-07-13,2026-07-27,2026-07-14
E100385,75,174,MED-SEC,2025-11-07,2025-11-21,2025-11-16
E103459,48,167,MED-SEC,2026-06-21,2026-07-19,
E104652,145,111,MED-ROU,2026-01-05,2026-01-12,2026-01-17
E102161,246,66,MED-SEC,2026-02-17,2026-03-17,2026-03-11
E103213,231,167,MED-SEC,2026-06-22,2026-07-06,2026-06-28
E103983,122,31,MED-LIL,2026-08-26,2026-09-23,2026-08-28
E103247,393,90,MED-TOU,2026-01-25,2026-02-08,2026-02-04
E100508,138,44,MED-TOU,2026-02-28,2026-03-14,2026-03-11
E103409,397,125,MED-ROU,2026-05-17,2026-05-24,2026-05-18
E101934,290,75,MED-TOU,2025-09-23,2025-10-21,2025-10-17
E104330,236,105,MED-ARM,2026-06-18,2026-07-16,2026-06-22
E101328,367,180,MED-ARM,2026-04-01,2026-04-29,2026-04-12
E100031,319,95,MED-SEC,2026-05-19,2026-06-02,2026-06-01
E101725,287,163,MED-ARM,2026-07-04,2026-07-18,2026-07-23
E103645,384,84,MED-ROU,2025-12-29,2026-01-12,2026-01-21
E103299,363,149,MED-LIL,2026-03-26,2026-04-02,2026-04-02
E103808,391,39,MED-ARM,2026-03-15,2026-04-12,2026-03-26
E104377,218,66,MED-SEC,2026-04-28,2026-05-12,2026-05-07
E101693,303,102,MED-LIL,2026-02-17,2026-02-24,2026-02-18
E102419,78,165,MED-ROU,2025-09-05,2025-09-19,2025-09-17
E104255,359,224,MED-TOU,2026-01-19,2026-02-16,2026-01-27
E101454,59,171,MED-ROU,2026-09-08,2026-09-22,2026-09-19
E100184,403,166,MED-LIL,2025-09-15,2025-09-29,2025-09-19
E103709,35,28,MED-SEC,2025-11-10,2025-11-24,2025-11-20
E104858,284,163,MED-ARM,2026-06-12,2026-07-10,2026-07-10
E101655,310,238,MED-TOU,2025-12-09,2025-12-23,2025-12-11
E105002,247,184,MED-TOU,2026-04-11,2026-04-18,2026-04-18
E100449,49,148,MED-VIL,2025-10-08,2025-10-22,2025-10-18
E103004,110,207,MED-TOU,2026-01-30,2026-02-13,2026-02-07
E102375,6,199,MED-LIL,2026-05-13,2026-05-27,2026-05-23
E100548,231,148,MED-VIL,2026-07-16,2026-08-06,2026-07-19
E103414,370,32,MED-SEC,2026-01-03,2026-01-10,2026-01-08
E101505,158,222,MED-TOU,2025-10-07,2025-10-21,2025-10-31
E100333,203,129,MED-TOU,2026-05-19,2026-05-26,2026-05-28
E103530,347,108,MED-SEC,2025-12-13,2026-01-10,2026-01-05
E101110,54,136,MED-ARM,2026-06-02,2026-06-30,2026-06-04
E101319,176,183,MED-ARM,2025-11-20,2025-12-18,2025-12-19
E103611,109,110,MED-LIL,2026-07-04,2026-07-11,2026-07-06
E100006,365,238,MED-TOU,2026-06-19,2026-07-03,2026-07-03
E103262,189,4,MED-ARM,2026-05-29,2026-06-12,2026-05-30
E102451,310,153,MED-TOU,2025-12-22,2025-12-29,2025-12-24
E104956,307,136,MED-ARM,2026-05-16,2026-05-30,2026-06-03
E102046,340,151,MED-VIL,2026-08-07,2026-09-04,2026-08-18
E101941,163,43,MED-ARM,2026-06-22,2026-06-29,2026-06-23
E101635,412,72,MED-VIL,2025-11-05,2025-11-19,2025-11-16
E101137,407,184,MED-TOU,2025-09-03,2025-09-17,2025-09-05
E103014,38,154,MED-ARM,2026-05-26,2026-06-09,
E105117,178,163,MED-ARM,2026-03-26,2026-04-09,
E101289,351,33,MED-VIL,2025-09-03,2025-09-24,2025-09-19
E103274,329,237,MED-SEC,2026-01-05,2026-02-02,2026-01-15
E105020,352,35,MED-TOU,2026-03-30,2026-04-27,2026-04-27
E103393,315,133,MED-TOU,2026-03-29,2026-04-12,2026-03-30
E104088,97,157,MED-VIL,2026-09-15,2026-09-22,2026-10-01
E104209,25,128,MED-SEC,2026-06-23,2026-07-07,2026-07-05
E102422,321,114,MED-VIL,2026-04-29,2026-05-13,2026-05-06
E103421,191,144,MED-TOU,2025-10-01,2025-10-08,2025-10-06
E104273,187,223,MED-ROU,2026-07-22,2026-07-29,2026-08-13
E102423,188,141,MED-ROU,2026-05-12,2026-05-26,2026-05-23
E104881,325,195,MED-ARM,2025-11-17,2025-11-24,2025-11-27
E104551,356,55,MED-SEC,2026-05-31,2026-06-14,2026-06-13
E104774,276,112,MED-LIL,2026-06-07,2026-06-14,2026-06-13
E101215,154,98,MED-LIL,2026-02-22,2026-03-08,2026-02-24
E102605,78,186,MED-SEC,2026-07-08,2026-08-05,2026-07-16
E104438,173,133,MED-TOU,2026-02-26,2026-03-26,2026-03-02
E104647,365,170,MED-TOU,2026-06-23,2026-07-14,2026-07-01
E105093,213,12,MED-ARM,2026-05-09,2026-05-23,2026-05-12
E102816,250,211,MED-VIL,2026-07-01,2026-07-15,2026-07-09
E101335,377,207,MED-TOU,2025-12-27,2026-01-03,2026-01-01
E100452,76,143,MED-TOU,2026-02-15,2026-02-22,2026-02-16
E102624,360,221,MED-ARM,2026-07-02,2026-07-16,2026-07-13
E103137,373,55,MED-SEC,2025-10-21,2025-10-28,2025-10-22
E100754,278,44,MED-TOU,2026-05-07,2026-05-21,2026-05-23
E104996,195,125,MED-ROU,2025-12-27,2026-01-03,2025-12-29
E101720,397,49,MED-LIL,2026-05-11,2026-05-18,2026-05-13
E102811,181,118,MED-LIL,2026-03-26,2026-04-16,2026-03-27
E103595,212,129,MED-TOU,2026-01-15,2026-02-05,2026-01-26
E104779,363,27,MED-SEC,2025-10-12,2025-10-26,2025-10-16
E102310,360,150,MED-LIL,2026-05-31,2026-06-14,2026-06-16
E100699,49,200,MED-VIL,2026-05-10,2026-06-07,2026-05-25
E103455,350,76,MED-LIL,2025-12-13,2026-01-03,2026-01-06
E101309,92,161,MED-LIL,2025-12-01,2025-12-22,2025-12-17
E102810,136,94,MED-VIL,2025-10-09,2025-10-16,2025-10-12
E100583,162,229,MED-ROU,2025-11-01,2025-11-29,2025-11-12
E102332,371,195,MED-ARM,2026-03-18,2026-04-01,2026-03-26
E100237,246,98,MED-LIL,2026-02-03,2026-02-17,2026-02-15
E102369,5,12,MED-ARM,2026-04-21,2026-05-05,2026-05-01
E104724,378,15,MED-ROU,2026-07-26,2026-08-16,
E104700,329,223,MED-ROU,2025-12-11,2025-12-25,2025-12-17
E104603,280,233,MED-VIL,2025-12-22,2026-01-05,2025-12-25
E103090,280,72,MED-VIL,2026-07-31,2026-08-14,2026-08-04
E104636,227,199,MED-LIL,2026-03-07,2026-03-28,2026-04-02
E101060,362,174,MED-SEC,2026-01-15,2026-01-29,2026-01-24
E100769,275,190,MED-TOU,2026-07-24,2026-08-07,2026-08-05
E102755,6,209,MED-LIL,2026-07-02,2026-07-30,2026-07-22
E101455,354,146,MED-ROU,2025-09-21,2025-09-28,2025-10-01
E102036,142,102,MED-LIL,2026-06-11,2026-06-25,2026-06-19
E102168,265,54,MED-TOU,2026-08-24,2026-08-31,2026-08-30
E102845,361,28,MED-SEC,2026-02-18,2026-03-18,2026-03-06
E100101,160,120,MED-LIL,2026-03-11,2026-03-25,2026-03-21
E102712,377,166,MED-LIL,2025-09-24,2025-10-08,2025-09-29
E101806,104,188,MED-ROU,2025-12-12,2026-01-02,2025-12-30
E101963,323,210,MED-TOU,2026-03-28,2026-04-18,2026-04-07
E100462,139,67,MED-VIL,2025-10-29,2025-11-19,2025-11-12
E103227,44,206,MED-ROU,2026-07-19,2026-08-09,2026-08-08
E102718,396,42,MED-ARM,2026-08-17,2026-09-07,2026-09-08
E100763,323,227,MED-TOU,2026-02-09,2026-03-02,2026-02-18
E102007,252,69,MED-ROU,2026-03-15,2026-03-29,2026-03-21
E100745,291,121,MED-ROU,2026-04-18,2026-05-16,2026-04-25
E103462,112,61,MED-ARM,2026-09-14,2026-09-28,2026-09-23
E103719,8,233,MED-VIL,2026-07-29,2026-08-05,2026-08-04
E102316,232,175,MED-TOU,2026-08-22,2026-09-19,2026-09-04
E101425,367,49,MED-LIL,2026-01-28,2026-02-11,
E103876,5,105,MED-ARM,2025-09-21,2025-10-12,
E104592,363,151,MED-VIL,2026-02-13,2026-03-06,2026-03-06
E103868,87,129,MED-TOU,2026-01-28,2026-02-11,2026-03-02
E102077,140,55,MED-SEC,2026-04-17,2026-05-15,2026-05-05
E105136,240,154,MED-ARM,2026-05-03,2026-05-17,2026-05-13
E104439,152,12,MED-ARM,2026-04-04,2026-04-18,2026-04-17
E101545,26,83,MED-SEC,2025-10-10,2025-11-07,2025-10-24
E102699,234,193,MED-ROU,2026-07-04,2026-07-18,2026-07-07
E103493,235,234,MED-LIL,2026-01-27,2026-02-24,
E104471,163,165,MED-ROU,2026-03-18,2026-03-25,2026-03-21
E100755,12,170,MED-TOU,2026-06-11,2026-06-25,2026-07-13
E100729,141,127,MED-LIL,2025-12-07,2025-12-14,2025-12-08
E103600,104,178,MED-ARM,2026-04-24,2026-05-15,2026-04-26
E102170,417,176,MED-TOU,2026-03-17,2026-04-14,2026-03-31
E100992,163,46,MED-SEC,2026-04-23,2026-05-07,2026-04-25
E103787,283,1,MED-LIL,2025-11-08,2025-11-22,2025-12-07
E101412,41,36,MED-TOU,2026-02-27,2026-03-06,2026-03-05
E102426,123,130,MED-SEC,2026-08-23,2026-09-20,2026-09-02
E103961,343,130,MED-SEC,2026-02-21,2026-03-14,2026-03-04
E101067,416,95,MED-SEC,2026-01-16,2026-02-06,2026-02-09
E102859,410,221,MED-ARM,2026-08-11,2026-08-25,2026-08-19
E104798,316,160,MED-TOU,2026-03-06,2026-03-20,2026-03-16
E102703,322,166,MED-LIL,2026-04-15,2026-05-06,2026-04-23
E103985,123,120,MED-LIL,2026-01-19,2026-02-02,2026-01-24
E104030,359,55,MED-SEC,2026-02-17,2026-03-03,2026-02-26
E100599,93,223,MED-ROU,2026-02-25,2026-03-04,2026-02-27
E104188,168,206,MED-ROU,2026-06-30,2026-07-14,
E102284,214,70,MED-TOU,2025-11-23,2025-11-30,2025-11-25
E103947,324,53,MED-ARM,2025-12-19,2025-12-26,2025-12-24
E104433,173,24,MED-VIL,2026-02-19,2026-02-26,2026-03-03
E104168,201,225,MED-TOU,2026-02-21,2026-03-21,2026-03-10
E100970,374,103,MED-ARM,2026-05-30,2026-06-06,2026-06-11
E104573,50,53,MED-ARM,2026-04-09,2026-04-23,2026-04-21
E102517,297,18,MED-ARM,2026-07-30,2026-08-13,2026-08-11
E103683,381,162,MED-ROU,2025-12-09,2025-12-23,
E104947,212,6,MED-SEC,2026-04-18,2026-05-02,2026-04-19
E102683,13,189,MED-ROU,2025-11-27,2025-12-18,2025-12-14
E104792,274,240,MED-ROU,2025-10-01,2025-10-15,2025-10-08
E104553,125,88,MED-ARM,2026-03-29,2026-04-05,2026-04-01
E100742,380,5,MED-LIL,2026-01-02,2026-01-16,2026-01-11
E102626,37,48,MED-VIL,2026-01-19,2026-02-02,2026-01-25
E102765,396,233,MED-VIL,2025-09-27,2025-10-18,2025-11-03
E101361,420,63,MED-LIL,2026-09-15,2026-09-29,2026-09-23
E101161,173,35,MED-TOU,2026-04-09,2026-04-16,2026-04-10
E104661,316,190,MED-TOU,2025-09-13,2025-09-27,2025-09-27
E104123,128,117,MED-TOU,2025-12-23,2026-01-06,2026-01-02
E102689,47,164,MED-SEC,2026-01-29,2026-02-12,2026-02-09
E100687,317,185,MED-LIL,2026-06-28,2026-07-12,2026-07-02
E104464,56,65,MED-ROU,2026-07-19,2026-07-26,2026-07-26
E101544,61,97,MED-VIL,2026-01-30,2026-02-27,2026-02-02
E101150,407,164,MED-SEC,2026-06-20,2026-07-18,2026-07-02
E103368,7,13,MED-LIL,2025-12-06,2026-01-03,2025-12-22
E102109,252,216,MED-VIL,2026-01-21,2026-02-04,2026-02-03
E101988,261,186,MED-SEC,2026-05-26,2026-06-09,2026-05-29
E103878,117,64,MED-ARM,2026-05-02,2026-05-16,2026-05-15
E102450,138,185,MED-LIL,2025-09-14,2025-09-28,2025-09-16
E102962,269,32,MED-SEC,2026-08-05,2026-08-19,2026-08-15
E102145,68,216,MED-VIL,2026-06-27,2026-07-25,2026-07-12
E104277,255,204,MED-ROU,2026-05-28,2026-06-11,2026-05-30
E102649,90,123,MED-ARM,2026-01-28,2026-02-11,2026-02-08
E104999,315,103,MED-ARM,2025-10-30,2025-11-13,2025-11-09
E103814,177,182,MED-TOU,2026-01-10,2026-02-07,2026-01-18
E104517,129,30,MED-ROU,2025-10-19,2025-11-02,2025-10-23
E104389,258,14,MED-SEC,2025-12-18,2026-01-01,2025-12-25
E101782,318,193,MED-ROU,2026-08-27,2026-09-10,2026-09-04
E104315,88,131,MED-LIL,2025-10-27,2025-11-10,2025-11-04
E104132,130,115,MED-VIL,2025-11-14,2025-12-05,
E100249,358,132,MED-VIL,2025-09-17,2025-10-01,2025-09-20
E100700,186,132,MED-VIL,2026-08-31,2026-09-14,2026-09-04
E104432,64,178,MED-ARM,2026-04-05,2026-04-26,2026-04-23
E100673,77,240,MED-ROU,2026-03-05,2026-03-12,2026-03-07
E103825,303,19,MED-LIL,2025-10-13,2025-10-27,2025-10-22
E100980,145,57,MED-LIL,2026-04-15,2026-04-29,2026-04-25
E102292,143,194,MED-ROU,2026-02-19,2026-03-05,2026-03-09
E100305,305,167,MED-SEC,2025-12-07,2025-12-21,2025-12-19
E103426,349,166,MED-LIL,2026-01-28,2026-02-11,2026-02-08
E103045,234,220,MED-TOU,2026-07-10,2026-07-17,2026-07-26
E102539,16,4,MED-ARM,2026-03-31,2026-04-21,2026-04-18
E100402,213,78,MED-TOU,2026-03-19,2026-04-02,2026-03-25
E101829,380,138,MED-LIL,2026-05-01,2026-05-08,2026-05-10
E101885,106,45,MED-LIL,2026-04-07,2026-05-05,2026-05-03
E100412,316,215,MED-TOU,2025-12-11,2025-12-25,
E103826,349,21,MED-TOU,2026-03-25,2026-04-15,2026-04-19
E104314,334,176,MED-TOU,2026-03-28,2026-04-11,2026-04-02
E102205,136,35,MED-TOU,2026-04-27,2026-05-25,2026-05-17
E104451,250,49,MED-LIL,2026-03-09,2026-03-30,2026-03-19
E102526,365,230,MED-LIL,2026-04-13,2026-04-27,2026-04-24
E104001,417,154,MED-ARM,2025-12-20,2025-12-27,2025-12-21
E102879,284,108,MED-SEC,2025-09-11,2025-09-18,2025-09-18
E102889,55,178,MED-ARM,2025-12-06,2026-01-03,2025-12-27
E100888,405,238,MED-TOU,2025-09-26,2025-10-24,2025-10-13
E102150,350,71,MED-SEC,2026-03-30,2026-04-20,2026-04-07
E101768,282,179,MED-SEC,2025-12-01,2025-12-15,2025-12-05
E102089,89,186,MED-SEC,2026-05-13,2026-05-27,2026-06-05
E103405,318,90,MED-TOU,2026-01-01,2026-01-15,2026-01-06
E103337,97,56,MED-LIL,2026-01-23,2026-02-06,2026-02-08
E103862,83,10,MED-LIL,2026-07-23,2026-08-13,2026-08-13
E100967,179,24,MED-VIL,2026-04-12,2026-04-26,2026-04-26
E103363,266,14,MED-SEC,2026-05-17,2026-05-31,2026-05-25
E103451,90,70,MED-TOU,2026-03-19,2026-04-02,2026-03-28
E101400,351,32,MED-SEC,2026-07-27,2026-08-24,
E101359,75,204,MED-ROU,2025-09-11,2025-10-02,2025-09-25
E102893,251,199,MED-LIL,2025-11-26,2025-12-10,2025-11-27
E104655,249,37,MED-ARM,2025-09-14,2025-09-21,2025-09-21
E104238,240,153,MED-TOU,2025-10-26,2025-11-09,2025-11-20
E104908,41,224,MED-TOU,2026-06-24,2026-07-08,2026-06-28
E104628,307,46,MED-SEC,2026-05-31,2026-06-14,2026-06-09
E103047,56,188,MED-ROU,2025-09-15,2025-10-06,2025-09-28
E102236,123,58,MED-TOU,2026-07-13,2026-08-03,2026-08-01
E103001,209,33,MED-VIL,2026-04-02,2026-04-16,2026-04-12
E103738,347,162,MED-ROU,2026-09-14,2026-09-28,2026-09-18
E102934,202,1,MED-LIL,2025-11-02,2025-11-09,2025-11-09
E105039,409,33,MED-VIL,2026-07-25,2026-08-08,2026-08-23
E104524,31,116,MED-VIL,2025-12-16,2025-12-30,2025-12-25
E105016,23,134,MED-ARM,2025-12-30,2026-01-13,2026-01-02
E100634,322,110,MED-LIL,2025-10-18,2025-10-25,2025-10-20
E100909,189,173,MED-ARM,2026-06-14,2026-06-21,2026-07-11
E105158,293,235,MED-SEC,2026-02-25,2026-03-11,2026-03-05
E101202,196,229,MED-ROU,2025-10-10,2025-10-24,2025-10-24
E102435,4,206,MED-ROU,2025-11-04,2025-11-11,2025-11-21
E103972,167,216,MED-VIL,2025-11-26,2025-12-17,2025-12-06
E104480,158,118,MED-LIL,2025-10-29,2025-11-12,2025-11-06
E104415,253,225,MED-TOU,2025-10-09,2025-10-23,2025-10-23
E101277,60,70,MED-TOU,2026-02-11,2026-02-18,2026-02-16
E103291,272,177,MED-ROU,2025-12-22,2026-01-05,2025-12-24
E101001,25,130,MED-SEC,2026-02-16,2026-03-16,2026-03-10
E100835,220,95,MED-SEC,2025-12-10,2025-12-17,2025-12-12
E100718,71,71,MED-SEC,2026-02-25,2026-03-25,2026-03-14
E103735,129,79,MED-ARM,2026-02-06,2026-03-06,2026-02-07
E103243,239,229,MED-ROU,2026-08-16,2026-08-23,2026-08-20
E101737,388,228,MED-ROU,2026-01-16,2026-02-06,2026-02-01
E100111,166,46,MED-SEC,2025-11-24,2025-12-08,2025-12-07
E104220,351,127,MED-LIL,2026-08-30,2026-09-13,
E103129,383,35,MED-TOU,2026-05-03,2026-05-10,2026-05-05
E101570,255,128,MED-SEC,2026-04-20,2026-05-18,2026-05-09
E100816,194,11,MED-TOU,2026-03-14,2026-04-11,2026-03-23
E100450,237,162,MED-ROU,2026-07-01,2026-07-22,2026-07-19
E101898,36,140,MED-ROU,2026-04-12,2026-04-26,2026-04-24
E102032,53,164,MED-SEC,2026-07-16,2026-07-30,2026-07-20
E103543,207,161,MED-LIL,2025-11-04,2025-12-02,2025-11-21
E103212,22,157,MED-VIL,2025-11-10,2025-11-24,
E104943,138,36,MED-TOU,2026-07-21,2026-08-04,2026-08-21
E104443,101,138,MED-LIL,2026-01-01,2026-01-22,2026-01-23
E102936,140,40,MED-LIL,2026-04-16,2026-04-30,2026-04-29
E103634,119,132,MED-VIL,2026-02-04,2026-03-04,2026-02-17
E104747,83,208,MED-VIL,2025-10-31,2025-11-14,2025-11-11
E103032,306,196,MED-TOU,2026-02-22,2026-03-08,2026-02-26
E100514,325,31,MED-LIL,2026-09-02,2026-09-30,2026-09-21
E105010,2,30,MED-ROU,2026-01-15,2026-01-29,2026-01-28
E103044,123,40,MED-LIL,2025-09-19,2025-10-17,2025-09-22
E103690,166,2,MED-ARM,2026-06-04,2026-06-18,2026-06-08
E102992,366,128,MED-SEC,2025-12-22,2026-01-05,2025-12-30
E100063,49,80,MED-ROU,2026-06-29,2026-07-13,2026-07-05
E100877,22,177,MED-ROU,2025-09-28,2025-10-19,2025-10-18
E104818,108,208,MED-VIL,2026-07-29,2026-08-12,2026-08-02
E103603,307,113,MED-VIL,2025-10-14,2025-10-28,2025-10-19
E101143,216,236,MED-ARM,2025-09-08,2025-09-15,
E103905,60,153,MED-TOU,2026-01-26,2026-02-02,2026-02-16
E102256,393,105,MED-ARM,2026-05-01,2026-05-29,2026-05-26
E101574,106,49,MED-LIL,2026-05-17,2026-06-07,2026-06-08
E104478,3,3,MED-ARM,2026-04-13,2026-04-27,2026-04-17
E103505,250,84,MED-ROU,2026-01-08,2026-01-22,2026-01-20
E102950,389,130,MED-SEC,2026-04-04,2026-04-18,
E101507,120,140,MED-ROU,2026-02-20,2026-02-27,2026-02-23
E100234,219,49,MED-LIL,2026-05-25,2026-06-08,2026-06-03
E100630,334,73,MED-ARM,2026-06-25,2026-07-16,
E103117,228,161,MED-LIL,2026-05-08,2026-05-29,2026-06-06
E102550,309,22,MED-TOU,2026-05-16,2026-05-23,
E100995,194,199,MED-LIL,2026-05-29,2026-06-26,2026-06-06
E105053,321,126,MED-VIL,2026-03-25,2026-04-08,2026-04-12
E101537,229,40,MED-LIL,2025-10-25,2025-11-01,2025-11-06
E102592,206,122,MED-LIL,2025-10-04,2025-10-18,2025-10-08
E100876,55,108,MED-SEC,2026-05-24,2026-06-21,2026-06-22
E104180,342,103,MED-ARM,2025-12-07,2025-12-14,2025-12-14
E102343,345,230,MED-LIL,2026-08-31,2026-09-28,2026-09-05
E103902,406,14,MED-SEC,2025-12-09,2025-12-30,
E102976,345,22,MED-TOU,2026-02-18,2026-03-04,2026-02-25
E100232,63,27,MED-SEC,2026-05-29,2026-06-19,2026-06-16
E103313,7,15,MED-ROU,2026-08-21,2026-08-28,
E102487,75,14,MED-SEC,2025-10-13,2025-11-10,2025-10-25
E103141,404,35,MED-TOU,2025-12-18,2026-01-01,2025-12-26
E104622,342,234,MED-LIL,2026-08-28,2026-09-11,2026-08-29
E101343,282,193,MED-ROU,2026-04-18,2026-04-25,2026-04-21
E103478,63,224,MED-TOU,2026-01-15,2026-01-29,2026-01-23
E104342,383,87,MED-ROU,2025-12-18,2025-12-25,2025-12-22
E101694,2,75,MED-TOU,2025-09-19,2025-10-03,2025-09-24
E103331,341,81,MED-TOU,2026-01-14,2026-01-28,2026-02-03
E103244,390,69,MED-ROU,2025-09-06,2025-10-04,2025-09-08
E100485,144,121,MED-ROU,2026-08-23,2026-08-30,2026-08-30
E104035,185,162,MED-ROU,2026-03-27,2026-04-24,2026-04-18
E101018,67,146,MED-ROU,2025-09-12,2025-10-03,2025-10-05
E100560,107,114,MED-VIL,2026-07-01,2026-07-22,2026-07-10
E104331,30,108,MED-SEC,2026-01-20,2026-02-10,2026-01-24
E103981,117,31,MED-LIL,2026-05-24,2026-05-31,2026-05-25
E103295,363,143,MED-TOU,2026-06-23,2026-07-07,2026-06-30
E100193,184,170,MED-TOU,2026-08-18,2026-09-08,2026-08-24
E104585,272,9,MED-ARM,2026-03-07,2026-03-21,2026-03-10
E104024,165,41,MED-ROU,2025-12-10,2026-01-07,2026-01-05
E102796,335,123,MED-ARM,2026-04-23,2026-05-07,2026-05-03
E104303,308,182,MED-TOU,2026-02-02,2026-02-09,2026-02-07
E100225,108,113,MED-VIL,2026-04-23,2026-05-14,2026-05-12
E103380,194,83,MED-SEC,2025-09-15,2025-10-06,2025-09-29
E104682,241,171,MED-ROU,2026-07-19,2026-08-16,2026-07-24
E102482,278,94,MED-VIL,2026-07-09,2026-08-06,2026-08-19
E103988,361,140,MED-ROU,2026-05-24,2026-06-21,2026-05-30
E102773,379,13,MED-LIL,2026-08-16,2026-08-30,2026-08-29
E103661,282,46,MED-SEC,2026-08-15,2026-09-05,2026-09-07
E101589,126,27,MED-SEC,2026-01-20,2026-02-17,2026-01-21
E104309,192,21,MED-TOU,2026-08-06,2026-08-13,2026-08-08
E102993,70,83,MED-SEC,2026-08-08,2026-08-15,2026-09-01
E102212,11,172,MED-VIL,2025-11-23,2025-12-14,2025-12-02
E105006,223,68,MED-ROU,2026-09-13,2026-09-27,2026-10-15
E103710,395,202,MED-LIL,2026-01-20,2026-01-27,2026-02-05
E102065,296,140,MED-ROU,2026-08-07,2026-08-21,2026-08-18
E101383,354,60,MED-LIL,2025-10-01,2025-10-15,2025-10-09
E100348,288,165,MED-ROU,2026-03-09,2026-04-06,2026-03-31
E101433,190,100,MED-TOU,2025-12-13,2025-12-27,2025-12-27
E102090,194,93,MED-ARM,2026-05-30,2026-06-13,2026-06-02
E103835,378,169,MED-ARM,2026-04-07,2026-05-05,2026-04-18
E103372,289,209,MED-LIL,2026-03-14,2026-03-28,
E104789,296,231,MED-SEC,2026-01-03,2026-01-17,2026-01-16
E104625,234,93,MED-ARM,2026-02-09,2026-02-23,2026-02-27
E104119,159,5,MED-LIL,2026-06-02,2026-06-16,2026-06-13
E103325,114,106,MED-TOU,2026-01-22,2026-02-12,2026-01-28
E104066,74,134,MED-ARM,2026-08-12,2026-08-26,2026-08-18
E100640,165,132,MED-VIL,2025-10-15,2025-10-22,2025-10-19
E101036,38,124,MED-ROU,2025-10-14,2025-10-28,2025-10-28
E100943,395,139,MED-ROU,2026-01-13,2026-01-27,2026-01-26
E102664,41,43,MED-ARM,2026-07-04,2026-07-18,2026-07-11
E105042,376,147,MED-LIL,2026-06-20,2026-07-18,2026-07-17
E101248,73,85,MED-LIL,2026-03-29,2026-04-12,2026-03-31
E102339,261,96,MED-ARM,2025-12-11,2025-12-25,2025-12-25
E101616,57,9,MED-ARM,2026-05-29,2026-06-12,2026-06-03
E101499,55,29,MED-ARM,2025-11-04,2025-11-25,2025-11-05
E102194,248,78,MED-TOU,2026-07-11,2026-07-25,2026-07-25
E101611,186,149,MED-LIL,2026-08-23,2026-09-13,2026-08-28
E101876,254,15,MED-ROU,2026-08-11,2026-08-25,2026-08-13
E101700,395,143,MED-TOU,2026-01-02,2026-01-30,2026-01-19
E100728,401,70,MED-TOU,2025-10-06,2025-10-20,2025-10-13
E103798,104,193,MED-ROU,2026-09-07,2026-09-21,
E100825,215,220,MED-TOU,2025-10-08,2025-10-15,2025-10-10
E100677,368,13,MED-LIL,2026-07-23,2026-08-06,2026-07-26
E101669,122,44,MED-TOU,2026-07-15,2026-07-29,2026-07-27
E104710,198,216,MED-VIL,2026-09-02,2026-09-16,2026-09-12
E103934,105,147,MED-LIL,2026-03-09,2026-03-30,2026-03-14
E101978,117,181,MED-ARM,2026-08-06,2026-09-03,2026-08-10
E101778,420,65,MED-ROU,2026-03-14,2026-03-28,2026-03-28
E100664,86,40,MED-LIL,2026-01-14,2026-02-11,2026-01-27
E104781,361,120,MED-LIL,2025-10-11,2025-10-25,2025-11-09
E101646,180,4,MED-ARM,2025-12-02,2025-12-16,2025-12-07
E104051,366,182,MED-TOU,2025-09-16,2025-10-14,2025-09-17
E103743,364,223,MED-ROU,2026-07-27,2026-08-10,2026-08-01
E102727,6,172,MED-VIL,2025-12-24,2025-12-31,2026-01-06
E102823,32,4,MED-ARM,2026-06-04,2026-06-25,2026-06-22
E101708,22,157,MED-VIL,2026-01-15,2026-01-22,2026-02-10
E103132,141,195,MED-ARM,2026-03-07,2026-03-21,2026-03-19
E102926,33,227,MED-TOU,2026-06-07,2026-06-21,2026-07-09
E102808,135,218,MED-VIL,2026-01-28,2026-02-25,2026-02-11
E102764,261,5,MED-LIL,2025-10-19,2025-11-02,2025-10-25
E104917,312,174,MED-SEC,2026-05-07,2026-05-28,2026-05-31
E102529,409,166,MED-LIL,2025-12-04,2025-12-18,
E104601,384,146,MED-ROU,2026-02-27,2026-03-13,2026-03-05
E100310,381,229,MED-ROU,2025-10-26,2025-11-09,2025-11-09
E101264,55,12,MED-ARM,2026-03-20,2026-04-03,2026-04-01
E101066,387,49,MED-LIL,2025-10-13,2025-10-27,2025-10-21
E102858,358,202,MED-LIL,2026-08-09,2026-08-23,2026-08-11
E104537,109,77,MED-SEC,2026-06-26,2026-07-24,2026-07-05
E103360,347,218,MED-VIL,2025-09-29,2025-10-27,
E103615,382,133,MED-TOU,2025-12-21,2026-01-18,2026-01-04
E100520,250,240,MED-ROU,2026-03-28,2026-04-25,2026-04-18
E103847,23,82,MED-LIL,2026-02-01,2026-02-15,2026-02-20
E100047,236,80,MED-ROU,2025-10-04,2025-10-25,2025-10-07
E103897,335,59,MED-ROU,2026-06-17,2026-07-01,2026-06-27
E104448,328,121,MED-ROU,2025-09-06,2025-10-04,2025-09-14
E104428,223,178,MED-ARM,2025-10-12,2025-11-02,2025-10-27
E100959,222,10,MED-LIL,2025-11-11,2025-11-18,2025-11-18
E101582,34,164,MED-SEC,2026-09-09,2026-09-23,2026-09-15
E102614,313,205,MED-LIL,2026-04-21,2026-05-05,2026-04-26
E103285,356,124,MED-ROU,2025-11-23,2025-12-14,2025-12-11
E102442,241,76,MED-LIL,2026-07-11,2026-07-25,2026-07-20
E100092,351,183,MED-ARM,2025-11-13,2025-12-11,2025-11-25
E101666,267,63,MED-LIL,2025-09-08,2025-09-29,2025-09-09
E102643,149,129,MED-TOU,2026-01-22,2026-02-05,2026-01-29
E104656,118,108,MED-SEC,2026-03-25,2026-04-01,2026-04-11
E103389,158,114,MED-VIL,2025-10-18,2025-11-01,2025-11-02
E104500,365,234,MED-LIL,2025-09-09,2025-09-30,2025-10-04
E100667,221,164,MED-SEC,2026-05-17,2026-05-31,2026-05-22
E100709,338,158,MED-TOU,2026-07-10,2026-08-07,
E101300,118,231,MED-SEC,2025-11-21,2025-11-28,2025-11-26
E101970,358,135,MED-ARM,2026-07-29,2026-08-05,2026-08-02
E104246,217,74,MED-ARM,2026-06-02,2026-06-16,2026-06-06
E103774,57,202,MED-LIL,2025-11-29,2025-12-13,2025-12-01
E100272,269,197,MED-LIL,2026-04-03,2026-04-10,2026-04-12
E102039,340,222,MED-TOU,2026-07-20,2026-08-10,2026-08-04
E102836,112,211,MED-VIL,2026-04-12,2026-04-26,2026-04-23
E100765,241,118,MED-LIL,2025-10-17,2025-11-07,2025-10-27
E104729,384,12,MED-ARM,2026-04-02,2026-04-30,2026-05-04
E101957,389,149,MED-LIL,2026-01-29,2026-02-12,2026-02-18
E103712,92,142,MED-TOU,2026-03-03,2026-03-17,2026-03-07
E102927,133,47,MED-VIL,2025-11-30,2025-12-21,2025-12-13
E104164,320,3,MED-ARM,2026-04-17,2026-05-01,2026-04-28
E102214,134,159,MED-ARM,2025-12-29,2026-01-12,2026-01-02
E101899,166,71,MED-SEC,2026-08-08,2026-08-22,2026-08-27
E102459,329,34,MED-SEC,2025-12-11,2026-01-08,2025-12-25
E104161,387,39,MED-ARM,2026-05-26,2026-06-23,2026-06-21
E105091,112,6,MED-SEC,2026-03-24,2026-04-07,2026-04-09
E100646,316,24,MED-VIL,2026-05-27,2026-06-17,2026-06-07
E100381,310,43,MED-ARM,2025-10-29,2025-11-12,2025-11-17
E101958,383,216,MED-VIL,2026-04-03,2026-04-10,2026-04-06
E104350,87,231,MED-SEC,2025-11-05,2025-11-26,2025-11-16
E105150,145,85,MED-LIL,2026-07-20,2026-08-03,2026-08-02
E105049,129,219,MED-TOU,2026-02-27,2026-03-13,2026-03-02
E101080,179,206,MED-ROU,2026-06-27,2026-07-04,2026-06-30
E102941,367,47,MED-VIL,2026-06-10,2026-06-24,2026-07-06
E100294,53,236,MED-ARM,2026-09-14,2026-09-28,2026-09-26
E104735,241,59,MED-ROU,2026-09-10,2026-10-01,2026-10-03
E101593,418,112,MED-LIL,2026-03-17,2026-04-07,2026-04-02
E100393,207,209,MED-LIL,2026-07-21,2026-08-04,2026-07-23
E101258,136,168,MED-TOU,2026-07-20,2026-08-03,
E103293,116,218,MED-VIL,2025-10-06,2025-10-13,2025-10-12
E100131,376,101,MED-VIL,2025-12-30,2026-01-13,2026-01-09
E104716,327,111,MED-ROU,2025-12-13,2025-12-27,2025-12-17
E103919,178,133,MED-TOU,2026-01-15,2026-01-29,2026-01-18
E103036,329,225,MED-TOU,2026-07-23,2026-08-13,2026-08-27
E102932,28,214,MED-SEC,2026-04-30,2026-05-14,2026-05-11
E100419,294,194,MED-ROU,2026-03-14,2026-04-11,2026-03-21
E102781,112,12,MED-ARM,2025-09-30,2025-10-28,2025-10-08
E100374,414,11,MED-TOU,2026-02-22,2026-03-08,2026-03-04
E100407,268,78,MED-TOU,2026-08-01,2026-08-15,2026-08-08
E100301,276,87,MED-ROU,2026-03-13,2026-04-10,2026-03-23
E104301,183,22,MED-TOU,2025-11-12,2025-12-03,
E103976,254,163,MED-ARM,2026-07-12,2026-08-09,2026-08-04
E104369,200,32,MED-SEC,2026-06-27,2026-07-11,2026-07-04
E104013,108,65,MED-ROU,2026-04-03,2026-04-17,2026-04-08
E103228,124,133,MED-TOU,2026-01-16,2026-01-30,2026-01-30
E103855,56,202,MED-LIL,2026-07-20,2026-08-03,2026-07-26
E103012,223,223,MED-ROU,2025-10-16,2025-11-13,2025-10-27
E101393,56,216,MED-VIL,2026-02-17,2026-03-10,2026-03-15
E100978,153,59,MED-ROU,2025-11-19,2025-12-17,2025-12-08
E100558,410,96,MED-ARM,2026-03-25,2026-04-22,2026-05-04
E100135,343,96,MED-ARM,2026-04-09,2026-04-23,2026-04-18
E101123,327,83,MED-SEC,2025-09-06,2025-09-20,2025-09-07
E100251,194,163,MED-ARM,2026-05-21,2026-06-04,2026-05-31
E100726,332,150,MED-LIL,2026-02-08,2026-02-22,2026-02-10
E102628,271,158,MED-TOU,2026-01-06,2026-02-03,2026-01-15
E100100,113,10,MED-LIL,2026-03-21,2026-04-11,2026-04-05
E102613,61,214,MED-SEC,2026-08-04,2026-08-18,2026-08-17
E101224,222,203,MED-TOU,2026-01-01,2026-01-15,2026-01-05
E104103,413,143,MED-TOU,2026-07-27,2026-08-10,2026-08-06
E100106,219,84,MED-ROU,2026-06-19,2026-07-03,2026-06-26
E104872,226,218,MED-VIL,2026-04-06,2026-04-20,2026-04-21
E104038,410,147,MED-LIL,2026-09-07,2026-09-21,2026-09-12
E102464,202,137,MED-ROU,2025-11-15,2025-12-13,2025-12-06
E101612,412,179,MED-SEC,2026-05-02,2026-05-23,2026-05-05
E103099,36,68,MED-ROU,2025-10-26,2025-11-02,2025-11-03
E102673,309,3,MED-ARM,2026-07-07,2026-07-21,2026-07-23
E103107,207,132,MED-VIL,2025-11-15,2025-11-29,2025-11-23
E103391,264,99,MED-ROU,2026-02-09,2026-02-16,2026-02-10
E103239,388,144,MED-TOU,2026-06-07,2026-06-14,2026-06-12
E101182,230,52,MED-ARM,2026-07-24,2026-08-07,2026-08-20
E104971,398,197,MED-LIL,2026-07-21,2026-08-04,2026-07-30
E104010,223,39,MED-ARM,2026-02-23,2026-03-09,2026-03-05
E100840,215,198,MED-SEC,2026-01-04,2026-02-01,2026-01-25
E101074,369,8,MED-ARM,2026-09-12,2026-09-26,2026-09-23
E102563,81,28,MED-SEC,2026-03-11,2026-04-01,2026-03-21
E100767,34,173,MED-ARM,2026-04-14,2026-04-21,2026-04-17
E101247,191,135,MED-ARM,2025-09-12,2025-10-10,2025-10-12
E101629,138,195,MED-ARM,2026-01-23,2026-02-20,2026-02-12
E104857,377,6,MED-SEC,2025-10-13,2025-11-03,2025-11-01
E102551,322,119,MED-ARM,2026-04-23,2026-05-14,2026-05-13
E100894,339,207,MED-TOU,2025-10-13,2025-11-03,2025-10-17
E105001,77,71,MED-SEC,2026-04-20,2026-05-04,2026-04-25
E104067,121,98,MED-LIL,2026-03-27,2026-04-24,2026-04-03
E102625,289,119,MED-ARM,2026-02-03,2026-03-03,2026-02-28
E104229,317,240,MED-ROU,2025-11-23,2025-11-30,2025-12-17
E100415,32,23,MED-TOU,2026-02-24,2026-03-03,2026-03-02
E101298,293,85,MED-LIL,2026-02-04,2026-02-18,2026-02-15
E100561,358,239,MED-TOU,2026-06-24,2026-07-22,2026-07-02
E105155,320,39,MED-ARM,2026-03-21,2026-04-04,2026-04-09
E101591,394,64,MED-ARM,2026-09-03,2026-09-24,2026-09-04
E104075,392,201,MED-ROU,2025-09-16,2025-10-14,2025-09-28
E104011,3,107,MED-VIL,2026-02-01,2026-03-01,2026-02-21
E102892,320,10,MED-LIL,2026-08-03,2026-08-31,2026-08-31
E104177,2,135,MED-ARM,2026-08-12,2026-09-09,2026-09-05
E103846,49,173,MED-ARM,2026-02-18,2026-03-04,2026-02-25
E103785,309,212,MED-LIL,2025-09-01,2025-09-22,2025-09-08
E101540,402,158,MED-TOU,2026-03-07,2026-03-21,2026-03-20
E100932,304,34,MED-SEC,2026-06-12,2026-06-19,2026-06-14
E101320,43,67,MED-VIL,2026-07-12,2026-07-26,2026-07-25
E101228,117,95,MED-SEC,2026-02-01,2026-02-15,2026-02-02
E103375,401,41,MED-ROU,2026-02-02,2026-02-16,2026-02-12
E100823,1,39,MED-ARM,2026-07-31,2026-08-14,2026-08-02
E103552,329,52,MED-ARM,2025-12-11,2025-12-25,2026-01-03
E104654,373,125,MED-ROU,2026-03-14,2026-03-28,2026-03-27
E103152,125,154,MED-ARM,2025-09-14,2025-10-05,2025-09-25
E104281,123,101,MED-VIL,2026-01-02,2026-01-09,2026-01-26
E104374,361,96,MED-ARM,2025-10-22,2025-10-29,2025-10-29
E103188,303,17,MED-ARM,2025-11-02,2025-11-30,2025-11-19
E102272,227,219,MED-TOU,2026-08-31,2026-09-14,2026-09-04
E101378,112,235,MED-SEC,2025-11-20,2025-12-04,2025-12-15
E101595,132,219,MED-TOU,2026-03-20,2026-04-03,2026-04-20
E103384,305,234,MED-LIL,2025-10-24,2025-11-07,2025-10-29
E103207,356,198,MED-SEC,2025-11-20,2025-12-18,2025-11-28
E100941,50,192,MED-ARM,2026-02-12,2026-02-26,2026-02-19
E104844,397,208,MED-VIL,2026-03-14,2026-03-28,2026-03-22
E104713,368,154,MED-ARM,2025-10-12,2025-10-19,2025-10-24
E101059,293,237,MED-SEC,2026-01-06,2026-01-27,2026-01-20
E103689,51,65,MED-ROU,2025-09-09,2025-09-23,2025-09-23
E102729,286,79,MED-ARM,2026-02-03,2026-02-17,2026-02-07
E104359,66,89,MED-LIL,2026-04-18,2026-05-16,2026-05-21
E103445,72,32,MED-SEC,2025-12-23,2026-01-06,2026-01-06
E104494,99,107,MED-VIL,2026-07-03,2026-07-17,2026-07-09
E100359,162,237,MED-SEC,2026-04-16,2026-05-07,2026-04-17
E105194,111,214,MED-SEC,2026-04-15,2026-04-22,2026-04-18
E103604,324,181,MED-ARM,2025-11-04,2025-11-18,2025-11-05
E100029,86,64,MED-ARM,2026-07-12,2026-07-19,2026-07-15
E102427,61,119,MED-ARM,2026-03-24,2026-04-21,2026-04-03
E101740,372,194,MED-ROU,2025-10-15,2025-10-22,2025-11-01
E105176,87,202,MED-LIL,2026-05-21,2026-06-04,2026-05-26
E102404,420,10,MED-LIL,2026-05-03,2026-05-17,2026-05-09
E101014,267,163,MED-ARM,2026-09-09,2026-09-23,2026-09-22
E102797,238,101,MED-VIL,2026-02-02,2026-02-23,2026-02-09
E101373,299,170,MED-TOU,2026-02-22,2026-03-08,2026-02-28
E103148,264,227,MED-TOU,2026-07-03,2026-07-17,2026-07-11
E102520,288,98,MED-LIL,2026-03-14,2026-04-11,2026-03-21
E101901,362,6,MED-SEC,2025-09-26,2025-10-17,
E100352,264,190,MED-TOU,2026-06-21,2026-07-05,2026-07-05
E104743,289,77,MED-SEC,2026-01-12,2026-01-26,2026-01-31
E101820,304,235,MED-SEC,2026-05-24,2026-06-07,2026-05-29
E100339,393,57,MED-LIL,2026-06-07,2026-06-21,2026-06-12
E105115,277,12,MED-ARM,2026-04-01,2026-04-08,2026-04-05
E105140,179,72,MED-VIL,2025-12-19,2026-01-02,2026-01-20
E101622,249,100,MED-TOU,2026-02-15,2026-02-22,2026-02-17
E100422,232,227,MED-TOU,2026-03-18,2026-04-08,2026-03-27
E104346,8,48,MED-VIL,2026-02-15,2026-03-15,2026-02-17
E101809,355,26,MED-SEC,2026-05-17,2026-06-07,2026-06-07
E103297,297,226,MED-ARM,2025-10-29,2025-11-12,2025-11-06
E101525,42,66,MED-SEC,2026-04-04,2026-04-25,2026-04-25
E104614,411,183,MED-ARM,2026-01-20,2026-02-03,2026-02-19
E101259,258,108,MED-SEC,2026-06-14,2026-06-28,2026-06-17
E102306,276,138,MED-LIL,2025-09-11,2025-10-09,2025-10-07
E100094,252,177,MED-ROU,2025-09-01,2025-09-22,2025-09-22
E101691,289,178,MED-ARM,2025-11-22,2025-12-13,2025-12-07
E100809,304,38,MED-VIL,2025-10-02,2025-10-30,2025-10-28
E101632,330,85,MED-LIL,2026-04-18,2026-05-16,2026-05-01
E101122,152,206,MED-ROU,2025-10-03,2025-10-24,2025-10-07
E101352,395,77,MED-SEC,2025-12-04,2025-12-18,2025-12-10
E100531,354,21,MED-TOU,2025-11-09,2025-12-07,2025-11-26
E104125,328,205,MED-LIL,2026-02-04,2026-02-11,2026-02-16
E104340,99,92,MED-ROU,2026-04-20,2026-05-04,2026-04-25
E103915,151,84,MED-ROU,2026-03-25,2026-04-15,2026-04-09
E103401,171,47,MED-VIL,2026-07-27,2026-08-17,2026-08-02
E100276,255,186,MED-SEC,2026-05-29,2026-06-05,2026-06-02
E100865,360,1,MED-LIL,2026-08-16,2026-08-30,2026-08-28
E101415,166,161,MED-LIL,2026-02-19,2026-02-26,2026-02-24
E103965,316,46,MED-SEC,2025-10-28,2025-11-11,2025-11-08
E100044,316,23,MED-TOU,2026-05-24,2026-05-31,2026-06-01
E104762,100,79,MED-ARM,2025-11-16,2025-12-14,2025-11-29
E104930,83,203,MED-TOU,2025-10-24,2025-11-07,2025-10-30
E101653,250,124,MED-ROU,2026-04-22,2026-05-06,2026-04-27
E102056,124,121,MED-ROU,2025-12-27,2026-01-10,2026-01-30
E104296,376,86,MED-LIL,2026-03-21,2026-04-04,2026-03-27
E101997,59,11,MED-TOU,2025-12-12,2025-12-19,2025-12-15
E103569,28,106,MED-TOU,2026-06-23,2026-07-14,2026-07-11
E103358,214,69,MED-ROU,2026-01-31,2026-02-14,2026-02-05
E102221,273,96,MED-ARM,2025-11-20,2025-12-04,2025-11-26
E101260,345,110,MED-LIL,2025-11-22,2025-12-13,2025-11-30
E104587,368,169,MED-ARM,2025-11-08,2025-11-15,2025-11-09
E101261,235,36,MED-TOU,2026-07-24,2026-08-14,2026-08-06
E105032,76,141,MED-ROU,2026-02-14,2026-02-21,2026-02-15
E101878,17,160,MED-TOU,2025-10-09,2025-10-23,2025-10-13
E104397,228,45,MED-LIL,2026-06-13,2026-06-27,2026-06-27
E105137,138,114,MED-VIL,2025-11-07,2025-11-14,2025-11-20
E104605,48,160,MED-TOU,2026-06-29,2026-07-13,2026-07-07
E100416,233,178,MED-ARM,2025-09-29,2025-10-06,
E101480,230,143,MED-TOU,2025-09-10,2025-09-17,2025-09-28
E103279,55,84,MED-ROU,2025-10-29,2025-11-26,2025-11-28
E103607,83,2,MED-ARM,2026-08-21,2026-09-18,2026-09-24
E103257,32,185,MED-LIL,2025-10-14,2025-10-28,2025-10-16
E104215,48,119,MED-ARM,2025-12-26,2026-01-09,2025-12-31
E100015,382,92,MED-ROU,2025-12-04,2025-12-18,2025-12-12
E104248,38,141,MED-ROU,2026-03-15,2026-04-05,2026-03-21
E104319,17,136,MED-ARM,2026-08-01,2026-08-15,2026-08-05
E100316,74,127,MED-LIL,2026-06-19,2026-07-03,2026-06-26
E103314,19,44,MED-TOU,2026-01-14,2026-02-11,2026-02-12
E100562,74,27,MED-SEC,2026-05-02,2026-05-16,2026-05-11
E102698,237,191,MED-SEC,2025-12-17,2025-12-31,2026-01-01
E104846,412,185,MED-LIL,2025-10-23,2025-11-06,2025-10-30
E102381,311,139,MED-ROU,2026-06-16,2026-06-23,
E101103,387,66,MED-SEC,2026-09-01,2026-09-15,2026-09-11
E104783,233,40,MED-LIL,2025-10-09,2025-10-16,2025-10-13
E103541,310,177,MED-ROU,2026-01-30,2026-02-13,2026-03-03
E100768,25,101,MED-VIL,2025-09-12,2025-09-26,
E102585,296,35,MED-TOU,2026-03-11,2026-03-25,2026-03-21
E100908,226,75,MED-TOU,2026-05-29,2026-06-12,2026-06-02
E100336,133,191,MED-SEC,2026-09-05,2026-09-26,2026-09-26
E104062,61,3,MED-ARM,2026-08-04,2026-08-25,2026-08-07
E101561,257,229,MED-ROU,2025-11-07,2025-12-05,
E101837,198,47,MED-VIL,2026-01-23,2026-01-30,2026-02-03
E103591,300,7,MED-ARM,2026-08-03,2026-08-24,2026-08-24
E100956,207,197,MED-LIL,2025-09-11,2025-09-25,2025-09-14
E100308,210,123,MED-ARM,2026-07-25,2026-08-22,2026-08-14
E103273,360,211,MED-VIL,2025-12-10,2025-12-24,2025-12-22
E103883,97,108,MED-SEC,2026-01-18,2026-02-15,2026-01-21
E103460,137,161,MED-LIL,2026-07-28,2026-08-25,2026-08-19
E102277,99,202,MED-LIL,2026-08-07,2026-09-04,2026-08-23
E104664,215,227,MED-TOU,2025-09-10,2025-10-01,2025-10-02
E101732,245,136,MED-ARM,2025-10-25,2025-11-01,2025-10-28
E103496,340,96,MED-ARM,2026-05-25,2026-06-15,2026-06-24
E101546,416,227,MED-TOU,2025-12-08,2025-12-29,2025-12-22
E103790,300,22,MED-TOU,2026-02-18,2026-03-18,2026-03-17
E102022,238,136,MED-ARM,2026-06-27,2026-07-11,2026-07-10
E102079,163,39,MED-ARM,2026-01-24,2026-02-07,2026-02-12
E103649,71,81,MED-TOU,2025-11-28,2025-12-12,2025-12-03
E104931,265,68,MED-ROU,2026-08-28,2026-09-25,2026-09-16
E102082,406,97,MED-VIL,2026-06-12,2026-06-26,2026-06-17
E104764,241,151,MED-VIL,2026-02-13,2026-03-13,2026-02-16
E103282,185,89,MED-LIL,2026-07-21,2026-08-04,2026-08-01
E102890,147,225,MED-TOU,2026-01-22,2026-02-05,2026-02-06
E104178,397,26,MED-SEC,2026-02-03,2026-03-03,2026-03-03
E103136,42,177,MED-ROU,2026-01-18,2026-02-01,2026-01-26
E102241,152,65,MED-ROU,2026-02-19,2026-03-05,2026-03-03
E102309,81,64,MED-ARM,2025-11-27,2025-12-11,2025-12-04
E104394,346,151,MED-VIL,2026-03-31,2026-04-14,2026-04-02
E104258,327,6,MED-SEC,2026-02-23,2026-03-23,2026-03-19
E102057,89,200,MED-VIL,2026-07-28,2026-08-04,2026-07-29
E101940,76,231,MED-SEC,2026-06-12,2026-06-26,2026-06-25
E103834,140,57,MED-LIL,2026-04-26,2026-05-10,2026-05-01
E102600,323,204,MED-ROU,2026-01-10,2026-01-24,2026-02-04
E101346,397,2,MED-ARM,2026-07-13,2026-07-27,2026-07-20
E104866,371,190,MED-TOU,2026-07-03,2026-07-17,2026-07-13
E104362,9,86,MED-LIL,2026-03-22,2026-03-29,2026-03-28
E103993,69,122,MED-LIL,2026-08-10,2026-08-31,2026-08-26
E101916,162,11,MED-TOU,2026-01-14,2026-01-28,2026-01-30
E102370,39,235,MED-SEC,2026-08-05,2026-08-19,2026-08-14
E104290,390,124,MED-ROU,2025-11-29,2025-12-13,2025-12-28
E101900,59,180,MED-ARM,2026-01-02,2026-01-16,2026-01-08
E103656,347,123,MED-ARM,2025-09-21,2025-10-05,2025-10-05
E101902,103,131,MED-LIL,2026-03-30,2026-04-13,2026-04-03
E104042,297,24,MED-VIL,2026-05-27,2026-06-10,2026-05-30
E101126,156,205,MED-LIL,2026-02-06,2026-02-13,2026-02-11
E100916,125,147,MED-LIL,2026-06-15,2026-06-29,2026-07-01
E105190,1,52,MED-ARM,2025-11-03,2025-11-10,2025-11-09
E101251,124,10,MED-LIL,2026-02-18,2026-03-04,2026-02-21
E104004,183,193,MED-ROU,2026-08-14,2026-08-21,2026-08-15
E101914,208,215,MED-TOU,2026-04-24,2026-05-08,2026-04-25
E102908,8,19,MED-LIL,2026-04-18,2026-04-25,
E103514,30,49,MED-LIL,2025-09-19,2025-09-26,2025-10-09
E100869,216,83,MED-SEC,2025-11-19,2025-12-03,2025-11-27
E101548,180,202,MED-LIL,2026-09-05,2026-10-03,2026-10-06
E103200,290,204,MED-ROU,2026-06-14,2026-06-21,2026-06-20
E103765,5,75,MED-TOU,2025-12-21,2026-01-04,2025-12-25
E101441,128,49,MED-LIL,2026-02-08,2026-02-15,2026-02-13
E100470,123,156,MED-SEC,2026-01-28,2026-02-18,2026-02-06
E102407,228,90,MED-TOU,2026-06-12,2026-06-19,
E101923,362,44,MED-TOU,2025-12-17,2025-12-31,2025-12-19
E105122,300,105,MED-ARM,2025-09-04,2025-09-18,2025-09-07
E104019,351,190,MED-TOU,2026-08-07,2026-09-04,2026-08-23
E101683,44,5,MED-LIL,2026-07-28,2026-08-25,2026-08-23
E103011,319,28,MED-SEC,2025-10-07,2025-10-21,2025-10-13
E102365,417,19,MED-LIL,2026-04-10,2026-05-08,2026-05-02
E104727,9,12,MED-ARM,2026-03-26,2026-04-09,2026-03-31
E104850,373,180,MED-ARM,2025-09-21,2025-10-05,2025-09-23
E101687,223,231,MED-SEC,2026-08-18,2026-09-01,2026-08-22
E102935,365,62,MED-ARM,2026-05-01,2026-05-15,2026-05-11
E101397,65,54,MED-TOU,2025-11-24,2025-12-08,2025-12-03
E104695,408,38,MED-VIL,2026-06-07,2026-06-21,2026-06-15
E100380,310,237,MED-SEC,2026-02-03,2026-03-03,2026-02-15
E101208,297,38,MED-VIL,2025-11-28,2025-12-19,2026-01-05
E103069,410,165,MED-ROU,2025-10-26,2025-11-16,2025-11-13
E100189,236,151,MED-VIL,2026-06-24,2026-07-08,2026-07-08
E101992,98,37,MED-ARM,2026-01-24,2026-02-07,2026-01-30
E100178,367,207,MED-TOU,2026-01-11,2026-02-08,2026-02-17
E102641,290,186,MED-SEC,2026-08-20,2026-09-03,2026-08-22
E102141,55,86,MED-LIL,2026-01-16,2026-02-06,2026-02-04
E102274,304,186,MED-SEC,2026-05-07,2026-05-28,2026-05-25
E102106,37,54,MED-TOU,2025-09-24,2025-10-08,2025-10-06
E104669,7,10,MED-LIL,2025-12-03,2025-12-10,2025-12-09
E104567,375,2,MED-ARM,2026-01-02,2026-01-23,2026-01-18
E101490,257,104,MED-LIL,2026-04-11,2026-04-25,2026-05-08
E100114,216,193,MED-ROU,2026-09-06,2026-09-27,2026-09-17
E104619,48,213,MED-TOU,2025-12-13,2025-12-27,2025-12-20
E102653,404,13,MED-LIL,2026-02-02,2026-02-16,2026-03-07
E102534,6,192,MED-ARM,2026-01-18,2026-02-01,2026-01-19
E101686,370,234,MED-LIL,2025-12-10,2025-12-17,2025-12-14
E103856,74,159,MED-ARM,2026-01-14,2026-01-21,2026-01-15
E104175,395,230,MED-LIL,2026-09-11,2026-10-02,2026-09-29
E101652,346,181,MED-ARM,2026-08-18,2026-09-08,2026-08-27
E101306,289,153,MED-TOU,2025-11-28,2025-12-12,2025-12-05
E102881,83,161,MED-LIL,2025-12-22,2026-01-12,2025-12-27
E103370,235,120,MED-LIL,2025-10-10,2025-10-24,2025-10-21
E104651,180,222,MED-TOU,2025-10-09,2025-11-06,2025-10-19
E103803,316,114,MED-VIL,2026-01-25,2026-02-08,2026-02-08
E101935,297,45,MED-LIL,2026-04-24,2026-05-08,2026-04-26
E104637,288,172,MED-VIL,2025-12-12,2026-01-02,2025-12-22
E104554,203,132,MED-VIL,2025-11-29,2025-12-13,2025-12-06
E104810,175,218,MED-VIL,2026-01-23,2026-02-06,2026-01-28
E103525,65,40,MED-LIL,2026-01-10,2026-01-31,2026-01-26
E101576,59,74,MED-ARM,2026-03-27,2026-04-03,2026-03-29
E101952,151,47,MED-VIL,2025-11-08,2025-11-29,2025-11-18
E101093,200,217,MED-LIL,2026-05-21,2026-06-04,
E104877,187,225,MED-TOU,2026-02-14,2026-03-07,2026-02-16
E104725,221,58,MED-TOU,2026-02-23,2026-03-16,2026-03-06
E100710,355,68,MED-ROU,2026-02-25,2026-03-11,2026-02-28
E103067,163,123,MED-ARM,2025-10-25,2025-11-08,2025-10-31
E101350,369,165,MED-ROU,2025-11-10,2025-11-17,2025-11-17
E104418,230,116,MED-VIL,2026-03-24,2026-03-31,2026-03-26
E100633,300,232,MED-TOU,2026-07-15,2026-07-29,2026-08-02
E101496,307,193,MED-ROU,2025-09-16,2025-10-14,2025-10-05
E103824,82,81,MED-TOU,2026-09-01,2026-09-29,2026-09-23
E104094,339,196,MED-TOU,2025-11-07,2025-11-21,2025-11-21
E102457,99,153,MED-TOU,2025-12-07,2025-12-28,2025-12-23
E104268,20,80,MED-ROU,2026-01-30,2026-02-06,2026-02-11
E100810,205,196,MED-TOU,2025-11-10,2025-11-17,2025-11-14
E100443,285,90,MED-TOU,2026-05-14,2026-05-21,2026-05-18
E100072,347,161,MED-LIL,2026-06-07,2026-06-14,2026-06-17
E103170,389,178,MED-ARM,2025-09-23,2025-10-07,2025-09-26
E103441,139,38,MED-VIL,2026-07-25,2026-08-08,2026-08-07
E104046,154,195,MED-ARM,2025-10-06,2025-10-13,2025-10-11
E101102,159,131,MED-LIL,2026-04-05,2026-04-19,2026-05-04
E103674,221,43,MED-ARM,2025-10-27,2025-11-03,2025-11-03
E104916,174,225,MED-TOU,2025-11-17,2025-12-15,2025-12-16
E104576,46,239,MED-TOU,2026-02-07,2026-02-21,2026-02-11
E100502,138,221,MED-ARM,2025-10-09,2025-10-30,2025-10-11
E103515,97,63,MED-LIL,2026-08-14,2026-09-04,2026-09-02
E102566,361,223,MED-ROU,2025-10-03,2025-10-17,2025-10-13
E101643,297,236,MED-ARM,2025-12-28,2026-01-11,2026-01-29
E101087,221,157,MED-VIL,2025-09-28,2025-10-05,2025-10-05
E105141,242,19,MED-LIL,2026-09-12,2026-10-03,2026-09-29
E101203,215,56,MED-LIL,2026-05-26,2026-06-09,2026-06-26
E102475,410,165,MED-ROU,2026-02-09,2026-02-16,2026-02-14
E101041,216,194,MED-ROU,2026-03-03,2026-03-24,2026-03-24
E102034,357,137,MED-ROU,2026-08-24,2026-08-31,2026-08-25
E103501,124,142,MED-TOU,2026-05-14,2026-05-28,2026-05-21
E102991,5,93,MED-ARM,2026-06-16,2026-06-23,2026-06-17
E101171,76,125,MED-ROU,2026-09-08,2026-09-22,2026-09-13
E103759,161,74,MED-ARM,2026-06-05,2026-06-26,2026-06-07
E100982,134,96,MED-ARM,2026-03-11,2026-04-01,
E100981,159,119,MED-ARM,2026-09-01,2026-09-08,
E102142,306,48,MED-VIL,2026-02-02,2026-02-16,2026-03-02
E101487,229,171,MED-ROU,2025-11-02,2025-11-16,2025-11-08
E101661,38,156,MED-SEC,2026-06-17,2026-07-01,2026-06-27
E104823,322,1,MED-LIL,2025-09-07,2025-10-05,2025-09-16
E102837,250,128,MED-SEC,2026-01-24,2026-02-21,2026-02-10
E102776,350,70,MED-TOU,2026-01-18,2026-02-01,2026-01-19
E103439,227,46,MED-SEC,2026-04-10,2026-04-24,2026-04-21
E104191,76,237,MED-SEC,2025-11-26,2025-12-24,2025-12-28
E102599,142,66,MED-SEC,2026-05-16,2026-05-30,
E100818,202,32,MED-SEC,2026-04-22,2026-05-06,2026-04-26
E105182,393,152,MED-LIL,2025-10-15,2025-11-05,2025-10-18
E102944,385,2,MED-ARM,2026-04-07,2026-04-21,2026-04-11
E102590,135,48,MED-VIL,2026-04-15,2026-04-22,2026-04-22
E104427,200,191,MED-SEC,2026-08-19,2026-09-02,2026-08-27
E102275,60,231,MED-SEC,2026-08-01,2026-08-15,
E102012,31,161,MED-LIL,2026-04-16,2026-04-30,2026-04-21
E104131,190,82,MED-LIL,2025-12-11,2025-12-25,2025-12-19
E104158,49,54,MED-TOU,2026-02-14,2026-02-21,2026-02-21
E104231,335,7,MED-ARM,2025-11-19,2025-11-26,2025-11-21
E101676,104,149,MED-LIL,2025-12-06,2025-12-27,2025-12-18
E103912,349,24,MED-VIL,2025-11-21,2025-12-05,2025-11-27
E103986,14,198,MED-SEC,2026-05-18,2026-05-25,2026-05-28
E104414,278,71,MED-SEC,2025-09-23,2025-10-07,2025-10-02
E102029,14,120,MED-LIL,2026-05-27,2026-06-10,2026-05-30
E104555,185,141,MED-ROU,2025-12-14,2026-01-11,2025-12-29
E100641,216,182,MED-TOU,2025-12-03,2025-12-31,2026-01-15
E100119,184,182,MED-TOU,2026-02-22,2026-03-22,2026-03-22
E102467,92,90,MED-TOU,2026-02-07,2026-02-28,2026-02-27
E100034,338,158,MED-TOU,2025-09-21,2025-09-28,2025-09-30
E101165,344,95,MED-SEC,2026-08-25,2026-09-22,2026-09-07
E104223,192,107,MED-VIL,2026-05-29,2026-06-12,2026-06-05
E103147,225,1,MED-LIL,2026-05-15,2026-05-29,2026-05-26
E102569,278,152,MED-LIL,2025-09-14,2025-10-12,2025-09-18
E103458,15,184,MED-TOU,2026-05-02,2026-05-09,2026-05-04
E104399,213,63,MED-LIL,2026-07-13,2026-08-03,2026-07-29
E100287,142,233,MED-VIL,2026-01-10,2026-01-17,2026-01-11
E104660,319,164,MED-SEC,2026-08-19,2026-09-09,2026-09-02
E100312,131,210,MED-TOU,2025-10-06,2025-11-03,2025-10-21
E100612,196,162,MED-ROU,2026-06-30,2026-07-28,
E103793,344,173,MED-ARM,2025-09-01,2025-09-15,2025-09-02
E102963,142,68,MED-ROU,2025-09-17,2025-10-08,2025-09-18
E102579,346,239,MED-TOU,2026-09-10,2026-09-17,2026-09-28
E100870,235,37,MED-ARM,2025-11-27,2025-12-18,2025-11-29
E105040,62,209,MED-LIL,2025-10-15,2025-11-05,2025-10-24
E101579,273,214,MED-SEC,2026-05-13,2026-05-27,2026-05-17
E100152,148,57,MED-LIL,2026-09-04,2026-09-25,2026-09-20
E104854,40,7,MED-ARM,2026-04-30,2026-05-21,2026-05-20
E102538,262,47,MED-VIL,2025-12-10,2026-01-07,2025-12-26
E102720,101,71,MED-SEC,2026-05-25,2026-06-08,2026-06-02
E103139,179,174,MED-SEC,2026-08-28,2026-09-04,2026-09-03
E100874,353,203,MED-TOU,2025-12-26,2026-01-09,2026-01-08
E103193,350,145,MED-SEC,2026-08-17,2026-09-07,2026-08-22
E102791,35,198,MED-SEC,2026-09-13,2026-09-27,2026-09-19
E100298,279,54,MED-TOU,2025-12-17,2026-01-07,2026-01-13
E102352,340,145,MED-SEC,2026-04-29,2026-05-13,2026-05-11
E104021,78,9,MED-ARM,2025-10-25,2025-11-15,2025-11-20
E103155,331,144,MED-TOU,2026-07-04,2026-08-01,2026-07-07
E103033,220,116,MED-VIL,2025-09-13,2025-09-27,2025-09-15
E100052,204,51,MED-ROU,2026-03-07,2026-03-21,2026-03-15
E103700,182,155,MED-ARM,2025-11-13,2025-12-04,2025-12-04
E102235,208,235,MED-SEC,2025-10-20,2025-10-27,2025-10-23
E100773,94,228,MED-ROU,2025-10-16,2025-10-23,2025-10-22
E102604,175,91,MED-ROU,2026-06-05,2026-06-19,2026-06-16
E105096,151,204,MED-ROU,2026-08-20,2026-09-03,2026-09-16
E104976,205,72,MED-VIL,2026-05-15,2026-06-12,2026-06-02
E100538,245,121,MED-ROU,2025-11-17,2025-12-08,2025-11-26
E104379,254,212,MED-LIL,2026-08-29,2026-09-05,
E104961,41,106,MED-TOU,2026-04-22,2026-05-06,2026-04-25
E102227,256,31,MED-LIL,2026-08-07,2026-08-21,2026-08-25
E103215,149,47,MED-VIL,2026-03-08,2026-03-29,2026-03-13
E103829,220,114,MED-VIL,2026-05-16,2026-06-06,2026-06-01
E104486,357,37,MED-ARM,2025-10-01,2025-10-22,2025-10-15
E100229,33,74,MED-ARM,2025-10-27,2025-11-10,2025-11-15
E100400,106,53,MED-ARM,2026-07-15,2026-08-05,2026-07-16
E104472,91,232,MED-TOU,2025-12-08,2025-12-22,2026-01-08
E105058,30,232,MED-TOU,2025-11-27,2025-12-11,2025-12-04
E103754,119,218,MED-VIL,2026-07-10,2026-07-17,2026-07-12
E102723,29,184,MED-TOU,2026-08-01,2026-08-29,2026-08-16
E104919,78,26,MED-SEC,2025-09-27,2025-10-04,2025-09-28
E103561,327,21,MED-TOU,2026-04-06,2026-04-20,2026-04-19
E101377,281,70,MED-TOU,2026-08-20,2026-09-03,2026-08-23
E103059,8,79,MED-ARM,2026-06-10,2026-07-08,2026-07-07
E102478,163,117,MED-TOU,2026-04-27,2026-05-04,2026-05-06
E101283,352,108,MED-SEC,2025-12-12,2026-01-09,2026-01-08
E100056,155,157,MED-VIL,2025-10-27,2025-11-10,2025-11-06
E100320,228,137,MED-ROU,2025-09-05,2025-09-19,2025-09-06
E101852,103,218,MED-VIL,2026-07-26,2026-08-02,2026-08-02
E101396,409,29,MED-ARM,2026-04-21,2026-04-28,2026-04-28
E100859,33,112,MED-LIL,2026-07-25,2026-08-08,2026-07-27
E105062,396,126,MED-VIL,2026-09-05,2026-09-19,2026-09-11
E101293,82,237,MED-SEC,2026-04-27,2026-05-11,2026-05-09
E101474,212,126,MED-VIL,2025-11-22,2025-12-06,2025-12-05
E102333,408,9,MED-ARM,2026-07-30,2026-08-13,2026-08-20
E100491,21,39,MED-ARM,2026-08-14,2026-08-28,2026-08-19
E102288,169,148,MED-VIL,2026-08-27,2026-09-10,2026-08-30
E104838,157,87,MED-ROU,2026-04-16,2026-04-30,2026-05-05
E100362,85,214,MED-SEC,2026-01-12,2026-01-19,2026-01-15
E102213,152,63,MED-LIL,2026-09-03,2026-09-17,2026-09-14
E101906,348,238,MED-TOU,2025-10-19,2025-10-26,2025-10-21
E102192,39,177,MED-ROU,2026-05-02,2026-05-16,2026-05-05
E102305,323,181,MED-ARM,2025-09-08,2025-09-29,2025-09-29
E100606,356,90,MED-TOU,2026-08-26,2026-09-09,2026-09-12
E103038,389,6,MED-SEC,2026-02-14,2026-02-28,2026-02-24
E104843,320,27,MED-SEC,2026-06-28,2026-07-19,2026-07-31
E102341,97,32,MED-SEC,2025-11-22,2025-12-06,2025-12-04
E103851,280,211,MED-VIL,2026-01-17,2026-01-31,2026-01-23
E101993,410,191,MED-SEC,2025-09-03,2025-09-17,2025-09-12
E103010,399,168,MED-TOU,2026-06-08,2026-06-22,2026-06-10
E100486,66,27,MED-SEC,2026-03-14,2026-03-28,2026-04-17
E101241,103,134,MED-ARM,2025-10-09,2025-10-30,2025-10-19
E103432,185,67,MED-VIL,2025-10-25,2025-11-01,2025-10-27
E104239,194,238,MED-TOU,2025-10-27,2025-11-17,2025-11-21
E101212,202,178,MED-ARM,2026-07-31,2026-08-07,2026-08-01
E104136,24,230,MED-LIL,2025-10-28,2025-11-11,2025-10-31
E101468,156,14,MED-SEC,2026-01-21,2026-02-18,2026-01-22
E100534,24,41,MED-ROU,2026-05-19,2026-05-26,2026-05-23
E102778,205,221,MED-ARM,2026-01-13,2026-01-27,2026-01-21
E103875,267,24,MED-VIL,2026-03-14,2026-03-28,2026-03-28
E102576,57,33,MED-VIL,2026-08-04,2026-08-11,2026-08-11
E103646,221,224,MED-TOU,2026-01-23,2026-02-20,2026-02-16
E101237,289,18,MED-ARM,2025-12-09,2025-12-23,2025-12-21
E103121,144,27,MED-SEC,2025-09-22,2025-10-06,2025-10-03
E101770,92,240,MED-ROU,2026-02-22,2026-03-08,2026-03-01
E104014,141,96,MED-ARM,2026-08-11,2026-09-01,
E104047,275,177,MED-ROU,2026-08-12,2026-09-09,2026-08-20
E102157,341,169,MED-ARM,2026-05-25,2026-06-08,2026-06-03
E104240,291,27,MED-SEC,2025-12-02,2025-12-23,2025-12-07
E100158,6,42,MED-ARM,2025-11-09,2025-12-07,2025-11-17
E102668,141,52,MED-ARM,2026-09-10,2026-10-08,2026-10-03
E102724,106,141,MED-ROU,2026-03-08,2026-03-22,2026-03-25
E102737,24,84,MED-ROU,2026-03-28,2026-04-18,2026-04-07
E101598,97,29,MED-ARM,2025-10-04,2025-10-18,2025-11-01
E102790,27,50,MED-ROU,2026-07-21,2026-08-18,2026-07-24
E104130,79,76,MED-LIL,2025-10-01,2025-10-15,2025-10-07
E104093,288,233,MED-VIL,2026-05-15,2026-06-05,2026-06-12
E104639,13,154,MED-ARM,2026-07-11,2026-07-25,2026-07-17
E100120,89,189,MED-ROU,2025-11-05,2025-11-19,2025-11-16
E102182,142,6,MED-SEC,2025-11-16,2025-12-07,2025-12-27
E102252,59,11,MED-TOU,2026-03-23,2026-04-06,2026-04-02
E101462,285,203,MED-TOU,2025-11-19,2025-12-03,2025-12-05
E102359,388,88,MED-ARM,2026-02-11,2026-02-25,2026-02-17
E102159,268,156,MED-SEC,2026-04-23,2026-05-07,2026-04-24
E103747,12,36,MED-TOU,2025-10-04,2025-10-18,2025-10-16
E102396,7,152,MED-LIL,2026-09-06,2026-09-20,2026-09-19
E103699,268,239,MED-TOU,2026-02-03,2026-02-24,2026-02-04
E103203,263,127,MED-LIL,2025-12-07,2025-12-21,2025-12-08
E102779,18,78,MED-TOU,2026-04-29,2026-05-20,2026-05-09
E104477,140,71,MED-SEC,2025-12-05,2025-12-19,2025-12-09
E102850,28,46,MED-SEC,2026-01-21,2026-02-18,2026-02-05
E103443,283,134,MED-ARM,2025-10-29,2025-11-26,2025-11-14
E104874,126,129,MED-TOU,2026-05-09,2026-06-06,2026-05-13
E100672,85,66,MED-SEC,2026-03-09,2026-04-06,2026-03-10
E100118,135,56,MED-LIL,2026-04-29,2026-05-27,2026-05-13
E100619,45,59,MED-ROU,2026-01-16,2026-01-30,2026-02-02
E103691,400,52,MED-ARM,2026-01-20,2026-02-10,2026-02-06
E100787,229,56,MED-LIL,2026-06-23,2026-07-07,2026-06-27
E102344,37,203,MED-TOU,2026-05-22,2026-06-12,2026-06-08
E103820,178,51,MED-ROU,2026-02-21,2026-03-07,2026-03-23
E104951,129,96,MED-ARM,2026-01-16,2026-01-30,2026-01-23
E103989,227,87,MED-ROU,2025-12-02,2025-12-16,2025-12-12
E100657,159,232,MED-TOU,2026-07-17,2026-07-24,2026-08-01
E100945,20,88,MED-ARM,2026-09-10,2026-10-08,2026-10-05
E100334,370,159,MED-ARM,2026-07-14,2026-07-28,2026-07-28
E103532,269,121,MED-ROU,2025-11-16,2025-11-30,2025-11-19
E104003,326,41,MED-ROU,2026-04-25,2026-05-23,2026-05-07
E104458,393,213,MED-TOU,2025-10-01,2025-10-15,2025-10-14
E105011,19,122,MED-LIL,2026-05-19,2026-05-26,2026-05-25
E102910,362,127,MED-LIL,2026-03-04,2026-03-18,2026-03-11
E103438,41,40,MED-LIL,2026-01-16,2026-01-23,2026-01-26
E102874,226,66,MED-SEC,2026-08-24,2026-09-07,2026-08-25
E101699,322,215,MED-TOU,2026-01-28,2026-02-18,2026-02-13
E102460,108,190,MED-TOU,2025-09-06,2025-09-20,2025-09-14
E101711,375,25,MED-TOU,2026-01-09,2026-01-16,2026-01-19
E102443,407,188,MED-ROU,2025-10-05,2025-10-19,2025-10-11
E100448,186,136,MED-ARM,2026-01-30,2026-02-13,2026-02-18
E101219,15,186,MED-SEC,2025-10-08,2025-10-15,
E102183,117,94,MED-VIL,2026-04-14,2026-05-12,2026-04-28
E104698,133,236,MED-ARM,2026-08-01,2026-08-29,2026-08-09
E102209,366,156,MED-SEC,2026-06-29,2026-07-27,2026-07-03
E102030,110,196,MED-TOU,2026-03-14,2026-04-04,2026-03-17
E102581,227,55,MED-SEC,2025-10-20,2025-11-03,2025-10-29
E100991,98,30,MED-ROU,2025-12-15,2025-12-29,2025-12-17
E103349,32,214,MED-SEC,2026-03-06,2026-03-13,2026-03-10
E103968,117,158,MED-TOU,2025-10-13,2025-10-27,2025-10-31
E104949,81,229,MED-ROU,2025-09-22,2025-09-29,2025-09-24
E104413,29,66,MED-SEC,2026-07-08,2026-08-05,2026-07-11
E100973,344,194,MED-ROU,2026-03-07,2026-03-21,2026-03-16
E104564,399,81,MED-TOU,2025-11-02,2025-11-16,2025-11-06
E102521,359,174,MED-SEC,2026-06-16,2026-07-07,2026-07-07
E103648,377,103,MED-ARM,2025-12-04,2025-12-11,2025-12-07
E103566,215,90,MED-TOU,2026-03-01,2026-03-29,2026-03-26
E103005,113,29,MED-ARM,2026-06-27,2026-07-11,2026-07-03
E101046,225,24,MED-VIL,2025-11-19,2025-12-10,2025-11-28
E102394,233,217,MED-LIL,2026-04-16,2026-05-14,2026-05-12
E104143,209,113,MED-VIL,2025-11-21,2025-12-12,2025-12-10
E101547,324,214,MED-SEC,2025-10-18,2025-11-01,2025-10-25
E103807,239,50,MED-ROU,2026-09-06,2026-09-20,2026-09-17
E100977,254,148,MED-VIL,2025-11-07,2025-11-28,2025-11-14
E101855,94,152,MED-LIL,2025-12-09,2025-12-23,2025-12-14
E100141,369,44,MED-TOU,2026-07-30,2026-08-13,2026-08-09
E105014,120,148,MED-VIL,2026-08-08,2026-09-05,2026-08-24
E102298,130,170,MED-TOU,2026-05-18,2026-06-01,2026-05-23
E103867,170,86,MED-LIL,2026-01-25,2026-02-08,2026-01-29
E101851,410,230,MED-LIL,2026-05-12,2026-05-26,2026-05-21
E103890,203,116,MED-VIL,2025-11-12,2025-12-10,2025-11-15
E102537,3,201,MED-ROU,2026-06-28,2026-07-12,2026-07-09
E103283,319,154,MED-ARM,2025-11-21,2025-12-05,2025-12-09
E100841,211,53,MED-ARM,2026-04-22,2026-05-20,2026-04-27
E103673,3,93,MED-ARM,2026-05-21,2026-06-18,2026-05-27
E102506,164,122,MED-LIL,2026-01-30,2026-02-20,2026-02-08
E103626,274,56,MED-LIL,2026-04-06,2026-04-20,2026-04-15
E104080,295,116,MED-VIL,2025-12-15,2025-12-29,2025-12-22
E102287,133,220,MED-TOU,2026-07-16,2026-07-23,2026-07-27
E100201,259,51,MED-ROU,2025-12-17,2025-12-31,2025-12-21
E105060,403,111,MED-ROU,2026-06-08,2026-06-22,2026-06-22
E102931,179,177,MED-ROU,2026-04-26,2026-05-10,2026-05-06
E102651,60,99,MED-ROU,2026-01-20,2026-02-03,2026-01-22
E100899,168,210,MED-TOU,2025-09-15,2025-09-22,2025-09-21
E102497,349,184,MED-TOU,2026-05-22,2026-05-29,2026-05-27
E104745,349,161,MED-LIL,2026-02-15,2026-03-01,
E101295,116,26,MED-SEC,2025-10-23,2025-11-06,2025-10-31
E104770,344,187,MED-SEC,2026-08-16,2026-09-13,2026-09-13
E103182,290,82,MED-LIL,2026-06-17,2026-07-01,2026-06-23
E104446,202,101,MED-VIL,2026-02-04,2026-02-25,2026-03-07
E105076,298,31,MED-LIL,2026-07-16,2026-08-06,2026-08-22
E103469,196,26,MED-SEC,2026-06-25,2026-07-09,2026-06-28
E100896,153,7,MED-ARM,2026-02-11,2026-02-25,2026-02-21
E103448,324,27,MED-SEC,2026-04-10,2026-05-08,2026-04-20
E103057,178,180,MED-ARM,2025-09-12,2025-10-10,2025-09-15
E101765,113,79,MED-ARM,2026-03-28,2026-04-04,2026-03-29
E102067,340,147,MED-LIL,2025-11-05,2025-11-12,2025-11-06
E102552,246,68,MED-ROU,2026-02-02,2026-02-16,2026-02-21
E104461,79,8,MED-ARM,2026-08-26,2026-09-16,2026-09-02
E104794,220,134,MED-ARM,2026-02-09,2026-02-23,2026-02-17
E101099,414,83,MED-SEC,2026-01-12,2026-02-02,2026-01-26
E104957,340,183,MED-ARM,2025-12-03,2025-12-31,2025-12-28
E104512,376,70,MED-TOU,2026-07-23,2026-08-13,
E105175,112,209,MED-LIL,2026-01-24,2026-02-07,2026-02-11
E102342,154,61,MED-ARM,2026-02-27,2026-03-13,2026-03-09
E101211,126,110,MED-LIL,2025-11-18,2025-12-02,2025-12-06
E103392,150,72,MED-VIL,2026-04-06,2026-04-27,2026-04-14
E101070,399,27,MED-SEC,2026-03-14,2026-03-28,2026-03-26
E104385,81,211,MED-VIL,2025-10-27,2025-11-10,2025-11-09
E104422,261,182,MED-TOU,2025-11-27,2025-12-11,2025-12-03
E102069,168,177,MED-ROU,2026-08-13,2026-08-20,2026-08-14
E101012,263,160,MED-TOU,2026-03-19,2026-04-02,2026-03-26
E102921,131,123,MED-ARM,2026-02-10,2026-02-24,
E103741,154,2,MED-ARM,2026-06-04,2026-06-18,2026-06-09
E103701,207,72,MED-VIL,2025-11-25,2025-12-09,2025-11-27
E101106,416,53,MED-ARM,2026-04-06,2026-04-20,2026-04-07
E100088,401,173,MED-ARM,2026-06-02,2026-06-09,2026-06-07
E103437,307,27,MED-SEC,2026-03-03,2026-03-31,2026-04-03
E100525,389,11,MED-TOU,2026-03-15,2026-03-29,2026-03-23
E100017,125,129,MED-TOU,2026-06-28,2026-07-12,2026-07-06
E104532,120,214,MED-SEC,2026-01-31,2026-02-14,2026-02-14
E102389,31,110,MED-LIL,2026-08-07,2026-08-21,2026-08-08
E101713,178,80,MED-ROU,2026-05-21,2026-06-04,2026-06-04
E103657,403,4,MED-ARM,2025-12-27,2026-01-10,2026-01-05
E101867,5,202,MED-LIL,2026-09-12,2026-09-26,2026-09-19
E104550,354,62,MED-ARM,2026-04-04,2026-05-02,2026-04-28
E101111,242,103,MED-ARM,2025-10-19,2025-11-09,
E101268,249,75,MED-TOU,2025-11-03,2025-12-01,2025-11-24
E102815,281,214,MED-SEC,2025-12-27,2026-01-10,2025-12-28
E101986,125,119,MED-ARM,2026-06-11,2026-07-02,2026-06-23
E102091,367,214,MED-SEC,2026-02-13,2026-02-27,2026-02-16
E104549,323,127,MED-LIL,2026-08-31,2026-09-21,2026-09-11
E100778,311,44,MED-TOU,2025-12-21,2026-01-04,2025-12-27
E100289,187,211,MED-VIL,2026-08-19,2026-09-02,2026-08-26
E100087,99,20,MED-ARM,2025-12-24,2026-01-14,2025-12-30
E104212,197,66,MED-SEC,2026-02-11,2026-03-04,2026-02-19
E102294,345,150,MED-LIL,2026-01-17,2026-02-07,2026-02-04
E103021,341,103,MED-ARM,2026-02-16,2026-03-02,2026-02-28
E100388,274,115,MED-VIL,2026-01-20,2026-02-10,2026-02-01
E104081,248,184,MED-TOU,2026-06-03,2026-06-17,2026-06-07
E100144,32,233,MED-VIL,2025-10-30,2025-11-20,2025-11-20
E104335,349,118,MED-LIL,2026-06-24,2026-07-08,2026-07-07
E102761,266,189,MED-ROU,2026-02-27,2026-03-13,2026-03-13
E103350,411,138,MED-LIL,2026-09-15,2026-09-22,2026-10-07
E103253,13,123,MED-ARM,2026-01-10,2026-01-24,2026-01-18
E101607,350,159,MED-ARM,2025-12-12,2025-12-26,2025-12-20
E101510,244,14,MED-SEC,2025-12-28,2026-01-11,2026-01-11
E103105,70,59,MED-ROU,2026-09-06,2026-09-27,2026-09-25
E100636,33,219,MED-TOU,2025-10-18,2025-11-15,2025-11-06
E104152,157,131,MED-LIL,2026-03-02,2026-03-16,2026-03-17
E102612,222,137,MED-ROU,2026-04-24,2026-05-08,2026-05-01
E101511,112,157,MED-VIL,2025-12-17,2025-12-24,2025-12-22
E103762,348,201,MED-ROU,2026-02-21,2026-03-07,2026-03-01
E103127,289,4,MED-ARM,2025-11-05,2025-11-19,2025-11-15
E102285,248,104,MED-LIL,2026-02-02,2026-02-16,2026-02-10
E100536,235,29,MED-ARM,2025-11-09,2025-11-16,2025-11-11
E100303,37,60,MED-LIL,2026-01-13,2026-01-27,2026-01-28
E102216,350,80,MED-ROU,2025-12-18,2026-01-15,2025-12-26
E101523,50,240,MED-ROU,2026-08-12,2026-08-19,2026-08-16
E102072,84,230,MED-LIL,2026-03-11,2026-03-25,2026-03-16
E105110,298,37,MED-ARM,2026-05-19,2026-06-02,2026-05-20
E101407,332,49,MED-LIL,2026-03-28,2026-04-11,2026-04-08
E104812,26,231,MED-SEC,2026-05-11,2026-05-25,2026-05-24
E101025,225,97,MED-VIL,2026-04-09,2026-04-30,2026-04-18
E100946,19,207,MED-TOU,2026-08-22,2026-09-05,2026-08-30
E104160,64,83,MED-SEC,2025-09-02,2025-09-30,2025-09-20
E100541,131,104,MED-LIL,2026-01-25,2026-02-08,2026-02-03
E103840,401,54,MED-TOU,2025-11-23,2025-12-07,2025-11-30
E104263,388,95,MED-SEC,2026-03-13,2026-03-20,2026-03-18
E104326,259,216,MED-VIL,2025-09-13,2025-10-11,2025-10-11
E103475,167,106,MED-TOU,2026-03-13,2026-04-03,2026-03-23
E104833,303,136,MED-ARM,2025-10-18,2025-11-01,2025-10-26
E103770,64,235,MED-SEC,2026-06-08,2026-07-06,
E103316,245,83,MED-SEC,2025-12-29,2026-01-05,2026-01-03
E103714,161,91,MED-ROU,2026-04-28,2026-05-19,2026-05-02
E104222,393,223,MED-ROU,2026-02-27,2026-03-13,2026-03-11
E100467,257,86,MED-LIL,2026-06-30,2026-07-14,2026-07-14
E102338,212,21,MED-TOU,2025-12-03,2025-12-17,2025-12-13
E104058,338,177,MED-ROU,2026-02-04,2026-02-18,2026-02-13
E103218,199,191,MED-SEC,2026-08-02,2026-08-16,
E100202,308,205,MED-LIL,2026-03-06,2026-03-20,2026-04-05
E101183,326,56,MED-LIL,2026-06-22,2026-06-29,2026-06-24
E102821,335,144,MED-TOU,2026-03-19,2026-04-09,2026-04-05
E101031,224,61,MED-ARM,2026-01-07,2026-01-21,2026-01-31
E103436,106,17,MED-ARM,2026-07-26,2026-08-09,2026-08-09
E103918,57,70,MED-TOU,2026-06-08,2026-06-29,2026-06-10
E104776,323,223,MED-ROU,2026-04-29,2026-05-13,2026-05-14
E102371,144,232,MED-TOU,2026-05-22,2026-06-12,2026-05-28
E101605,348,64,MED-ARM,2026-08-02,2026-08-16,2026-08-08
E103272,120,143,MED-TOU,2026-02-09,2026-02-16,2026-02-12
E100791,135,151,MED-VIL,2026-07-15,2026-07-29,2026-07-22
E105126,173,157,MED-VIL,2026-04-30,2026-05-14,2026-05-12
E101136,107,213,MED-TOU,2026-02-12,2026-02-19,2026-02-24
E100744,248,170,MED-TOU,2026-04-29,2026-05-20,2026-05-18
E103960,101,33,MED-VIL,2026-03-10,2026-03-17,2026-03-14
E101275,16,177,MED-ROU,2025-12-12,2025-12-26,2025-12-22
E104914,76,201,MED-ROU,2026-07-31,2026-08-14,2026-08-12
E104269,271,93,MED-ARM,2026-02-09,2026-02-16,2026-02-14
E102632,171,190,MED-TOU,2025-11-08,2025-11-22,2025-11-09
E103702,280,178,MED-ARM,2026-03-07,2026-03-21,2026-03-11
E104766,215,45,MED-LIL,2026-01-12,2026-02-02,2026-01-23
E100273,380,145,MED-SEC,2026-08-15,2026-08-29,2026-08-23
E104006,46,175,MED-TOU,2026-01-29,2026-02-12,2026-02-13
E100963,194,37,MED-ARM,2025-09-11,2025-09-25,2025-09-15
E100433,13,59,MED-ROU,2025-09-05,2025-09-19,2025-09-19
E102140,94,15,MED-ROU,2025-11-07,2025-12-05,2025-11-16
E101756,193,138,MED-LIL,2026-03-03,2026-03-17,2026-03-12
E101758,399,135,MED-ARM,2026-05-03,2026-05-24,2026-05-11
E105074,332,65,MED-ROU,2026-03-09,2026-03-23,2026-03-27
E100588,279,227,MED-TOU,2026-09-03,2026-09-10,2026-09-04
E104630,194,151,MED-VIL,2026-02-08,2026-02-22,2026-02-09
E102246,259,203,MED-TOU,2025-10-27,2025-11-24,
E102708,81,229,MED-ROU,2026-03-15,2026-04-12,2026-04-07
E102759,222,147,MED-LIL,2025-11-18,2025-12-09,2025-11-29
E102886,184,227,MED-TOU,2025-12-03,2025-12-17,2025-12-10
E102865,74,137,MED-ROU,2026-06-10,2026-07-01,2026-06-25
E105095,372,54,MED-TOU,2026-01-10,2026-01-24,2026-01-16
E104061,125,8,MED-ARM,2026-06-11,2026-07-09,2026-06-25
E103891,223,20,MED-ARM,2025-10-17,2025-10-31,2025-10-28
E104643,350,106,MED-TOU,2025-09-16,2025-09-30,2025-09-23
E103346,199,133,MED-TOU,2026-06-06,2026-06-20,2026-06-16
E103158,68,124,MED-ROU,2026-01-08,2026-01-22,2026-01-16
E102312,214,17,MED-ARM,2026-06-10,2026-06-24,2026-07-12
E101636,300,213,MED-TOU,2025-12-28,2026-01-11,2026-01-04
E103109,261,84,MED-ROU,2026-02-23,2026-03-09,2026-03-08
E104752,59,103,MED-ARM,2026-07-28,2026-08-18,2026-08-01
E101730,31,109,MED-TOU,2025-09-25,2025-10-09,2025-09-26
E104200,149,204,MED-ROU,2025-12-23,2026-01-13,
E100852,147,109,MED-TOU,2026-04-19,2026-05-17,2026-05-04
E100691,112,19,MED-LIL,2025-12-03,2025-12-31,2025-12-12
E101172,101,88,MED-ARM,2026-03-04,2026-03-11,2026-03-09
E102877,32,120,MED-LIL,2025-09-09,2025-09-30,2025-09-29
E100516,184,160,MED-TOU,2026-07-30,2026-08-13,2026-07-31
E104100,302,35,MED-TOU,2026-06-08,2026-06-22,
E102219,401,155,MED-ARM,2025-10-15,2025-10-29,2025-10-25
E104659,267,158,MED-TOU,2025-12-14,2026-01-11,2026-01-04
E102789,28,220,MED-TOU,2025-12-20,2026-01-17,2026-01-10
E104760,229,119,MED-ARM,2026-01-01,2026-01-15,2026-01-04
E102788,44,140,MED-ROU,2025-12-23,2025-12-30,2026-01-14
E101701,155,35,MED-TOU,2026-07-18,2026-08-08,2026-07-22
E102382,334,19,MED-LIL,2026-01-26,2026-02-16,2026-01-30
E102207,361,67,MED-VIL,2025-09-17,2025-10-15,2025-10-04
E102003,147,168,MED-TOU,2025-09-18,2025-10-09,2025-09-20
E100062,248,223,MED-ROU,2026-06-02,2026-06-23,2026-06-12
E101322,33,147,MED-LIL,2026-01-25,2026-02-15,2026-02-09
E103633,55,229,MED-ROU,2026-05-30,2026-06-06,2026-06-07
E100578,54,127,MED-LIL,2025-09-08,2025-09-29,2025-09-13
E104256,141,54,MED-TOU,2025-10-22,2025-11-12,2025-11-06
E103015,394,136,MED-ARM,2025-12-25,2026-01-22,2026-01-17
E100679,241,227,MED-TOU,2026-03-18,2026-04-01,2026-03-29
E100155,317,12,MED-ARM,2026-01-03,2026-01-24,2026-01-20
E100665,204,126,MED-VIL,2025-09-05,2025-09-19,2025-09-09
E101584,286,23,MED-TOU,2025-11-28,2025-12-26,2025-12-01
E105113,81,147,MED-LIL,2026-05-26,2026-06-02,2026-05-30
E103726,257,153,MED-TOU,2026-05-23,2026-06-13,2026-05-26
E102326,304,29,MED-ARM,2026-05-19,2026-06-02,2026-05-20
E101477,184,225,MED-TOU,2025-11-17,2025-12-01,2025-11-30
E104028,139,99,MED-ROU,2026-06-11,2026-07-09,2026-06-20
E102995,242,119,MED-ARM,2026-03-24,2026-04-07,2026-04-02
E104481,13,217,MED-LIL,2026-08-02,2026-08-23,2026-08-20
E103179,57,218,MED-VIL,2026-01-22,2026-01-29,2026-01-30
E101061,186,6,MED-SEC,2025-12-06,2025-12-20,2025-12-17
E104626,129,183,MED-ARM,2025-09-11,2025-09-18,2025-09-18
E101065,259,36,MED-TOU,2025-11-03,2025-11-17,2025-11-06
E103040,222,13,MED-LIL,2026-04-03,2026-04-17,2026-04-12
E104142,229,195,MED-ARM,2025-12-31,2026-01-14,2026-01-03
E101872,195,46,MED-SEC,2025-10-02,2025-10-16,2025-10-10
E104676,119,104,MED-LIL,2026-02-22,2026-03-08,2026-03-08
E100648,326,205,MED-LIL,2026-01-21,2026-02-04,2026-01-29
E101535,290,15,MED-ROU,2026-03-01,2026-03-15,2026-03-05
E101880,368,193,MED-ROU,2026-08-16,2026-09-13,2026-08-31
E103366,405,13,MED-LIL,2026-04-21,2026-05-05,2026-05-09
E100075,89,217,MED-LIL,2026-07-21,2026-08-11,2026-08-11
E104033,19,117,MED-TOU,2026-08-02,2026-08-23,2026-08-09
E103415,399,36,MED-TOU,2025-10-15,2025-11-05,2025-10-16
E100054,4,23,MED-TOU,2025-10-15,2025-10-29,2025-10-23
E103907,90,150,MED-LIL,2026-04-04,2026-04-25,2026-04-24
E103563,10,134,MED-ARM,2026-06-27,2026-07-11,2026-07-29
E101485,145,103,MED-ARM,2025-12-04,2025-12-25,2025-12-07
E100493,383,230,MED-LIL,2025-09-11,2025-09-25,2025-09-22
E104274,213,9,MED-ARM,2025-10-01,2025-10-22,2025-10-05
E103422,126,7,MED-ARM,2026-01-04,2026-01-11,2026-01-06
E101173,322,26,MED-SEC,2026-06-15,2026-06-22,2026-07-11
E101444,372,236,MED-ARM,2026-02-25,2026-03-11,2026-03-03
E104275,233,57,MED-LIL,2026-03-26,2026-04-02,2026-03-28
E100872,352,201,MED-ROU,2026-04-21,2026-05-05,2026-04-23
E104940,181,71,MED-SEC,2026-01-26,2026-02-09,2026-02-06
E104262,129,215,MED-TOU,2025-12-04,2025-12-25,2025-12-09
E101408,80,84,MED-ROU,2026-04-07,2026-05-05,2026-04-11
E102835,307,48,MED-VIL,2026-07-03,2026-07-10,2026-07-10
E102300,82,97,MED-VIL,2025-09-12,2025-09-26,2025-10-02
E101747,216,60,MED-LIL,2026-07-15,2026-07-29,2026-08-02
E101239,315,70,MED-TOU,2026-07-20,2026-08-03,2026-07-22
E100157,219,88,MED-ARM,2026-02-24,2026-03-24,2026-02-25
E105004,42,47,MED-VIL,2026-03-02,2026-03-23,2026-03-20
E103054,394,215,MED-TOU,2026-07-14,2026-07-28,2026-07-24
E103022,264,219,MED-TOU,2025-11-21,2025-11-28,2025-12-04
E101977,60,131,MED-LIL,2025-09-12,2025-09-19,2025-09-26
E103374,55,23,MED-TOU,2025-10-28,2025-11-18,2025-11-14
E100107,324,79,MED-ARM,2026-09-07,2026-09-28,2026-09-21
E103508,56,165,MED-ROU,2026-09-04,2026-09-18,2026-09-14
E100040,349,34,MED-SEC,2026-04-10,2026-05-08,2026-05-05
E103142,168,102,MED-LIL,2026-03-21,2026-04-04,2026-03-25
E102061,360,179,MED-SEC,2026-01-24,2026-02-07,2026-02-06
E100762,108,12,MED-ARM,2026-09-15,2026-10-06,2026-09-17
E101019,299,141,MED-ROU,2025-10-02,2025-10-09,2025-10-06
E104890,405,190,MED-TOU,2026-08-14,2026-08-28,2026-08-15
E100757,215,223,MED-ROU,2026-09-06,2026-09-20,2026-09-14
E101345,272,178,MED-ARM,2026-05-17,2026-06-14,2026-07-01
E103025,27,100,MED-TOU,2025-10-07,2025-10-21,2025-10-16
E104417,404,16,MED-LIL,2026-06-19,2026-07-03,2026-07-09
E104121,302,20,MED-ARM,2026-07-23,2026-08-20,2026-07-24
E101672,280,105,MED-ARM,2025-12-15,2025-12-29,2025-12-20
E103517,62,26,MED-SEC,2026-03-21,2026-04-04,2026-03-22
E105036,54,195,MED-ARM,2025-09-20,2025-10-11,2025-10-29
E100733,186,142,MED-TOU,2025-10-01,2025-10-15,2025-10-17
E103812,160,211,MED-VIL,2026-04-09,2026-04-23,2026-04-17
E101417,201,193,MED-ROU,2026-08-05,2026-09-02,2026-08-11
E101728,236,3,MED-ARM,2026-06-20,2026-07-04,2026-06-28
E104945,140,177,MED-ROU,2026-01-18,2026-02-15,2026-02-15
E104065,156,18,MED-ARM,2026-06-24,2026-07-22,2026-07-13
E102401,303,41,MED-ROU,2026-01-22,2026-02-05,2026-01-23
E101804,246,107,MED-VIL,2026-02-25,2026-03-04,2026-02-28
E102412,184,240,MED-ROU,2025-12-21,2026-01-11,2025-12-25
E102118,187,157,MED-VIL,2025-09-07,2025-09-28,2025-10-18
E104610,60,212,MED-LIL,2026-06-08,2026-07-06,2026-07-11
E100038,112,178,MED-ARM,2025-11-15,2025-11-29,2025-11-16
E104870,393,89,MED-LIL,2025-10-21,2025-11-04,2025-11-03
E102210,76,211,MED-VIL,2026-01-18,2026-02-01,2026-02-04
E102445,340,54,MED-TOU,2026-07-20,2026-08-03,2026-08-03
E103614,319,204,MED-ROU,2026-06-16,2026-07-07,2026-07-05
E101874,63,180,MED-ARM,2026-07-14,2026-07-28,2026-07-20
E103753,242,224,MED-TOU,2026-07-05,2026-07-19,2026-08-05
E104396,350,137,MED-ROU,2026-01-21,2026-01-28,2026-01-23
E102985,292,85,MED-LIL,2026-05-20,2026-06-03,2026-05-23
E103007,206,8,MED-ARM,2025-12-16,2025-12-30,2026-01-16
E100332,123,26,MED-SEC,2026-04-05,2026-04-19,2026-04-11
E100048,309,101,MED-VIL,2026-05-23,2026-06-13,2026-05-26
E100161,187,131,MED-LIL,2026-09-05,2026-09-26,
E101436,403,202,MED-LIL,2026-05-31,2026-06-14,2026-06-08
E102262,118,195,MED-ARM,2025-09-10,2025-09-24,2025-09-17
E102181,279,178,MED-ARM,2026-03-19,2026-04-02,2026-03-30
E104173,213,200,MED-VIL,2026-02-06,2026-03-06,2026-02-16
E100245,60,176,MED-TOU,2026-01-08,2026-02-05,2026-01-26
E104090,262,231,MED-SEC,2026-05-28,2026-06-11,2026-06-03
E101944,354,45,MED-LIL,2026-02-01,2026-02-15,2026-02-03
E101531,235,219,MED-TOU,2026-09-12,2026-10-10,2026-09-25
E102116,323,180,MED-ARM,2025-10-16,2025-10-30,2025-10-19
E103958,328,171,MED-ROU,2026-02-08,2026-02-22,2026-02-14
E102377,125,73,MED-ARM,2026-08-21,2026-09-04,2026-08-28
E102813,58,157,MED-VIL,2026-04-02,2026-04-09,2026-04-08
E102199,184,229,MED-ROU,2025-11-25,2025-12-02,2025-11-28
E104183,305,3,MED-ARM,2026-05-20,2026-06-17,2026-05-25
E104898,52,126,MED-VIL,2026-08-05,2026-08-19,2026-08-22
E102222,395,174,MED-SEC,2025-09-03,2025-09-24,2025-09-24
E103579,287,120,MED-LIL,2026-05-02,2026-05-30,2026-05-30
E103161,53,132,MED-VIL,2025-11-21,2025-12-05,2025-11-27
E101255,174,203,MED-TOU,2025-12-17,2025-12-31,2025-12-21
E104577,326,135,MED-ARM,2026-02-14,2026-03-14,
E102758,166,41,MED-ROU,2025-11-17,2025-11-24,2025-11-21
E101297,51,61,MED-ARM,2025-11-19,2025-12-03,2025-11-22
E101679,104,10,MED-LIL,2026-04-13,2026-05-04,2026-04-17
E104497,381,28,MED-SEC,2025-09-16,2025-10-07,2025-09-23
E102647,419,152,MED-LIL,2026-04-30,2026-05-07,2026-05-08
E100420,67,144,MED-TOU,2025-11-06,2025-11-13,2025-11-07
E101351,267,10,MED-LIL,2026-07-19,2026-08-16,2026-08-13
E101153,395,179,MED-SEC,2026-04-11,2026-05-09,2026-04-29
E103146,123,11,MED-TOU,2026-04-30,2026-05-14,2026-05-06
E101514,181,55,MED-SEC,2025-12-26,2026-01-09,2025-12-28
E104104,193,221,MED-ARM,2026-08-22,2026-09-05,2026-08-30
E101482,147,228,MED-ROU,2026-04-27,2026-05-18,2026-04-30
E105046,142,132,MED-VIL,2026-05-21,2026-06-11,2026-06-10
E102058,76,62,MED-ARM,2026-06-09,2026-07-07,2026-07-10
E101805,70,95,MED-SEC,2026-02-17,2026-03-17,2026-03-08
E100436,29,116,MED-VIL,2026-04-21,2026-05-12,2026-04-22
E102430,327,14,MED-SEC,2026-03-05,2026-03-19,2026-03-14
E104705,364,78,MED-TOU,2025-12-28,2026-01-11,2026-01-29
E104271,412,8,MED-ARM,2026-03-15,2026-03-29,2026-04-11
E102891,144,228,MED-ROU,2026-07-09,2026-07-23,2026-07-18
E102180,55,120,MED-LIL,2025-09-06,2025-09-20,2025-09-15
E101154,192,235,MED-SEC,2026-03-07,2026-04-04,2026-04-24
E103043,264,38,MED-VIL,2025-09-11,2025-10-09,2025-10-07
E102185,41,105,MED-ARM,2026-01-06,2026-02-03,2026-01-12
E101503,411,101,MED-VIL,2026-09-07,2026-09-28,2026-09-26
E105050,266,149,MED-LIL,2026-01-12,2026-02-09,2026-02-04
E100907,407,102,MED-LIL,2026-03-19,2026-04-02,2026-04-02
E100676,83,217,MED-LIL,2025-10-16,2025-10-23,2025-10-21
E103278,147,219,MED-TOU,2026-04-14,2026-04-28,2026-04-17
E101586,404,98,MED-LIL,2025-10-16,2025-11-13,
E103967,378,218,MED-VIL,2026-01-05,2026-01-19,2026-01-10
E100645,161,142,MED-TOU,2026-04-05,2026-05-03,2026-04-23
E101349,10,143,MED-TOU,2025-09-23,2025-10-07,2025-10-01
E104257,283,63,MED-LIL,2026-07-21,2026-08-04,2026-07-25
E104316,281,136,MED-ARM,2025-12-30,2026-01-20,2026-01-06
E102559,381,8,MED-ARM,2025-12-01,2025-12-29,2025-12-10
E100616,312,77,MED-SEC,2025-09-26,2025-10-03,2025-10-01
E105171,59,143,MED-TOU,2025-11-02,2025-11-23,2025-11-12
E104708,278,35,MED-TOU,2026-07-27,2026-08-10,2026-08-09
E104882,277,140,MED-ROU,2026-06-13,2026-06-20,2026-06-17
E101076,2,164,MED-SEC,2026-06-14,2026-06-21,2026-06-17
E100343,46,231,MED-SEC,2026-07-01,2026-07-08,2026-07-05
E105104,274,183,MED-ARM,2026-07-25,2026-08-08,2026-08-28
E101801,18,86,MED-LIL,2026-04-06,2026-04-20,2026-04-13
E101082,388,4,MED-ARM,2026-02-28,2026-03-07,2026-03-05
E100160,213,79,MED-ARM,2026-01-02,2026-01-09,2026-01-03
E104981,35,224,MED-TOU,2026-09-03,2026-10-01,2026-09-10
E104156,127,121,MED-ROU,2025-10-10,2025-10-24,2025-10-22
E102259,221,42,MED-ARM,2026-05-20,2026-05-27,2026-05-26
E102206,32,96,MED-ARM,2026-04-07,2026-04-28,2026-04-10
E102594,396,2,MED-ARM,2026-03-12,2026-04-02,2026-03-21
E101458,11,214,MED-SEC,2026-04-19,2026-05-03,2026-05-01
E100283,314,163,MED-ARM,2025-09-02,2025-09-16,2025-09-09
E101638,213,227,MED-TOU,2026-04-02,2026-04-09,2026-04-17
E102337,339,45,MED-LIL,2026-06-15,2026-07-13,2026-07-10
E102519,283,214,MED-SEC,2025-11-25,2025-12-09,2025-12-11
E101399,219,118,MED-LIL,2026-06-04,2026-06-18,2026-06-13
E101538,76,193,MED-ROU,2026-01-08,2026-01-22,2026-01-16
E104282,323,80,MED-ROU,2025-10-18,2025-10-25,2025-10-20
E100397,408,86,MED-LIL,2026-04-24,2026-05-01,2026-05-19
E103064,207,222,MED-TOU,2025-11-07,2025-12-05,2025-11-09
E102133,4,98,MED-LIL,2026-05-10,2026-05-17,2026-05-23
E101534,292,12,MED-ARM,2026-08-01,2026-08-15,2026-08-08
E103727,355,81,MED-TOU,2025-11-02,2025-11-23,
E102335,340,30,MED-ROU,2026-03-29,2026-04-12,
E102196,342,233,MED-VIL,2026-05-05,2026-05-19,2026-05-07
E100497,284,121,MED-ROU,2026-07-09,2026-07-30,2026-07-29
E100256,101,76,MED-LIL,2026-01-08,2026-01-22,
E102694,343,8,MED-ARM,2025-10-17,2025-11-07,2025-10-19
E101262,218,75,MED-TOU,2026-08-18,2026-09-01,2026-08-22
E100104,147,23,MED-TOU,2026-04-09,2026-04-23,2026-04-10
E103171,295,204,MED-ROU,2026-07-15,2026-07-22,2026-07-27
E101372,30,148,MED-VIL,2026-08-16,2026-08-23,2026-08-19
E100904,342,201,MED-ROU,2025-12-18,2026-01-01,2026-01-01
E102697,148,7,MED-ARM,2025-10-25,2025-11-15,2025-11-12
E102266,389,166,MED-LIL,2026-04-01,2026-04-08,2026-04-08
E105026,92,44,MED-TOU,2026-07-14,2026-07-21,2026-07-16
E104018,398,90,MED-TOU,2025-12-19,2026-01-09,2025-12-20
E101221,362,137,MED-ROU,2026-07-13,2026-08-03,2026-08-19
E100270,166,38,MED-VIL,2025-12-07,2025-12-21,2025-12-09
E104600,272,190,MED-TOU,2025-09-11,2025-10-02,
E104989,156,48,MED-VIL,2026-09-15,2026-10-06,2026-09-17
E101469,283,150,MED-LIL,2026-04-10,2026-04-24,2026-04-25
E104829,78,14,MED-SEC,2026-03-02,2026-03-09,2026-03-06
E104597,396,83,MED-SEC,2025-09-12,2025-10-03,2025-10-02
E104312,161,166,MED-LIL,2025-11-05,2025-12-03,2025-12-16
E102453,375,79,MED-ARM,2026-05-15,2026-05-29,2026-05-21
E104056,40,205,MED-LIL,2026-09-04,2026-09-18,2026-10-03
E104116,344,182,MED-TOU,2026-02-20,2026-03-20,2026-03-06
E102951,393,192,MED-ARM,2026-09-06,2026-10-04,2026-09-09
E104960,106,115,MED-VIL,2026-09-10,2026-10-01,2026-10-01
E100347,294,116,MED-VIL,2025-10-26,2025-11-09,2025-10-27
E104649,403,236,MED-ARM,2026-09-04,2026-09-25,2026-09-21
E100603,87,140,MED-ROU,2025-10-01,2025-10-29,
E102717,388,201,MED-ROU,2025-11-07,2025-11-21,2025-11-20
E104495,129,46,MED-SEC,2026-03-11,2026-04-08,2026-04-07
E104091,78,18,MED-ARM,2026-06-09,2026-06-23,2026-06-28
E101627,296,229,MED-ROU,2025-09-22,2025-10-13,2025-10-08
E103427,202,170,MED-TOU,2026-09-09,2026-09-23,2026-09-23
E103864,17,227,MED-TOU,2026-06-04,2026-06-25,2026-06-24
E103078,100,114,MED-VIL,2025-09-07,2025-09-21,2025-09-10
E100766,360,145,MED-SEC,2026-07-05,2026-07-12,2026-07-12
E104546,359,177,MED-ROU,2026-04-16,2026-05-14,2026-05-25
E103859,29,158,MED-TOU,2026-01-14,2026-01-28,2026-01-15
E100151,309,47,MED-VIL,2026-09-05,2026-09-19,2026-09-15
E102618,386,179,MED-SEC,2025-10-04,2025-10-18,2025-10-14
E103385,408,172,MED-VIL,2025-12-06,2025-12-13,2025-12-13
E102302,51,145,MED-SEC,2026-02-09,2026-03-02,2026-02-17
E100219,265,1,MED-LIL,2026-04-12,2026-04-19,2026-04-17
E100027,63,179,MED-SEC,2025-11-21,2025-12-12,2025-11-27
E103570,250,178,MED-ARM,2025-09-18,2025-09-25,2025-09-26
E102917,306,149,MED-LIL,2026-04-30,2026-05-28,2026-05-23
E101223,291,125,MED-ROU,2026-04-09,2026-04-23,2026-04-23
E104944,390,198,MED-SEC,2026-02-20,2026-03-13,2026-03-24
E103935,392,219,MED-TOU,2026-01-03,2026-01-31,2026-01-05
E104703,417,166,MED-LIL,2026-07-12,2026-07-26,2026-07-26
E104192,22,49,MED-LIL,2026-08-21,2026-08-28,2026-08-27
E100906,378,184,MED-TOU,2026-02-27,2026-03-27,2026-03-02
E101501,253,106,MED-TOU,2025-09-06,2025-09-20,2025-09-15
E103112,346,224,MED-TOU,2025-09-23,2025-10-07,2025-10-12
E100848,220,157,MED-VIL,2026-09-11,2026-09-25,2026-09-18
E104788,399,86,MED-LIL,2026-02-20,2026-02-27,2026-02-22
E103006,275,33,MED-VIL,2026-04-03,2026-04-17,2026-04-19
E101819,237,92,MED-ROU,2026-09-03,2026-09-17,2026-09-04
E101791,323,99,MED-ROU,2026-04-26,2026-05-10,2026-05-06
E104923,269,166,MED-LIL,2025-12-24,2026-01-14,2026-01-05
E103644,112,196,MED-TOU,2026-02-24,2026-03-24,2026-02-27
E102769,320,226,MED-ARM,2026-09-16,2026-09-30,2026-09-17
E103288,90,227,MED-TOU,2026-05-01,2026-05-08,2026-05-07
E100154,193,97,MED-VIL,2026-04-17,2026-05-01,2026-05-03
E101420,375,73,MED-ARM,2026-02-14,2026-03-14,2026-03-15
E102260,177,237,MED-SEC,2025-11-28,2025-12-26,2025-12-11
E102939,174,240,MED-ROU,2026-01-16,2026-01-30,2026-01-28
E102969,281,2,MED-ARM,2026-03-08,2026-03-22,2026-03-19
E103140,247,118,MED-LIL,2026-05-11,2026-06-01,2026-05-29
E100455,311,165,MED-ROU,2026-06-16,2026-06-30,2026-06-27
E103408,130,220,MED-TOU,2026-09-09,2026-09-23,2026-09-11
E102415,304,174,MED-SEC,2026-09-14,2026-09-21,2026-09-15
E101313,170,200,MED-VIL,2025-12-13,2025-12-20,2025-12-18
E102980,215,79,MED-ARM,2026-09-02,2026-09-23,2026-09-11
E102580,263,202,MED-LIL,2026-05-12,2026-05-26,2026-05-18
E104819,372,198,MED-SEC,2025-09-18,2025-10-16,2025-10-23
E104174,408,21,MED-TOU,2026-04-02,2026-04-16,2026-04-11
E104685,210,44,MED-TOU,2026-06-07,2026-06-14,2026-06-13
E102134,223,220,MED-TOU,2025-12-07,2026-01-04,2025-12-12
E103780,179,98,MED-LIL,2026-03-13,2026-03-27,2026-03-22
E100850,165,146,MED-ROU,2026-02-26,2026-03-05,2026-03-22
E103467,73,55,MED-SEC,2026-09-11,2026-10-09,2026-09-29
E100805,394,163,MED-ARM,2026-08-13,2026-08-27,2026-08-21
E102627,153,138,MED-LIL,2026-08-23,2026-09-20,2026-09-14
E103089,384,226,MED-ARM,2026-06-25,2026-07-16,2026-07-24
E102092,378,75,MED-TOU,2025-12-24,2026-01-07,2025-12-26
E101619,102,207,MED-TOU,2025-10-30,2025-11-27,2025-11-22
